nohup: ignoring input
/home/vipuser/wby/proj_params/dataset/baby/prototype/1,min.mid: 6 chords
/home/vipuser/wby/proj_params/dataset/baby/prototype/2,maj.mid: 6 chords
/home/vipuser/wby/proj_params/dataset/baby/prototype/3,dom.mid: 6 chords
/home/vipuser/wby/proj_params/dataset/baby/prototype/4,dim.mid: 6 chords
/home/vipuser/wby/proj_params/dataset/baby/prototype/5,aug.mid: 6 chords
总 chord 数: 30
总 preset 数: 314
device: cuda
[Epoch 163] step 0 loss: 0.7355
[Epoch 163] step 10 loss: 0.5204
[Epoch 163] step 20 loss: 0.4758
[Epoch 163] step 30 loss: 0.4196
[Epoch 163] step 40 loss: 0.4780
[Epoch 163] step 50 loss: 0.4326
[Epoch 163] step 60 loss: 0.4353
[Epoch 163] step 70 loss: 0.4059
[Epoch 163] step 80 loss: 0.4374
[Epoch 163] step 90 loss: 0.4041
[Epoch 163] step 100 loss: 0.4231
[Epoch 163] step 110 loss: 0.3783
[Epoch 163] step 120 loss: 0.3827
[Epoch 163] step 130 loss: 0.3381
[Epoch 163] step 140 loss: 0.4255
[Epoch 163] step 150 loss: 0.3791
[Epoch 163] step 160 loss: 0.5130
[Epoch 163] step 170 loss: 0.4256
[Epoch 163] step 180 loss: 0.3851
[Epoch 163] step 190 loss: 0.5293
[Epoch 163] step 200 loss: 0.3986
[Epoch 163] step 210 loss: 0.4189
[Epoch 163] step 220 loss: 0.3812
[Epoch 163] step 230 loss: 0.4893
[Epoch 163] step 240 loss: 0.3905
[Epoch 163] step 250 loss: 0.3900
[Epoch 163] step 260 loss: 0.4189
[Epoch 163] step 270 loss: 0.3817
[Epoch 163] step 280 loss: 0.3648
[Epoch 163] step 290 loss: 0.4119
[Epoch 163] step 300 loss: 0.3917
[Epoch 163] step 310 loss: 0.4321
[Epoch 163] step 320 loss: 0.4991
[Epoch 163] step 330 loss: 0.3608
[Epoch 163] step 340 loss: 0.4195
[Epoch 163] step 350 loss: 0.3528
[Epoch 163] step 360 loss: 0.4286
[Epoch 163] step 370 loss: 0.4245
[Epoch 163] step 380 loss: 0.3832
[Epoch 163] step 390 loss: 0.3559
[Epoch 163] step 400 loss: 0.3765
[Epoch 163] step 410 loss: 0.4651
[Epoch 163] step 420 loss: 0.3653
[Epoch 163] step 430 loss: 0.3942
[Epoch 163] step 440 loss: 0.3407
[Epoch 163] step 450 loss: 0.4350
[Epoch 163] step 460 loss: 0.4212
[Epoch 163] step 470 loss: 0.4364
[Epoch 163] step 480 loss: 0.4180
[Epoch 163] step 490 loss: 0.4045
[Epoch 163] step 500 loss: 0.3872
[Epoch 163] step 510 loss: 0.4368
[Epoch 163] step 520 loss: 0.4061
[Epoch 163] step 530 loss: 0.4282
[Epoch 163] step 540 loss: 0.4354
[Epoch 163] step 550 loss: 0.4243
[Epoch 163] step 560 loss: 0.3618
[Epoch 163] step 570 loss: 0.4354
[Epoch 163] step 580 loss: 0.3470
[Epoch 163] step 590 loss: 0.3483
[Epoch 163] step 600 loss: 0.3510
[Epoch 163] step 610 loss: 0.3887
[Epoch 163] step 620 loss: 0.3544
[Epoch 163] step 630 loss: 0.3949
[Epoch 163] step 640 loss: 0.3948
[Epoch 163] step 650 loss: 0.3936
[Epoch 163] step 660 loss: 0.4017
[Epoch 163] step 670 loss: 0.4152
[Epoch 163] step 680 loss: 0.4000
[Epoch 163] step 690 loss: 0.3858
[Epoch 163] step 700 loss: 0.4621
[Epoch 163] step 710 loss: 0.3508
[Epoch 163] step 720 loss: 0.3170
[Epoch 163] step 730 loss: 0.3301
[Epoch 163] step 740 loss: 0.3874
[Epoch 163] step 750 loss: 0.4628
[Epoch 163] step 760 loss: 0.3913
[Epoch 163] step 770 loss: 0.3286
[Epoch 163] step 780 loss: 0.4647
[Epoch 163] step 790 loss: 0.3146
[Epoch 163] step 800 loss: 0.4078
[Epoch 163] step 810 loss: 0.4396
==== Epoch 163 avg loss: 0.4041 ====
[Epoch 164] step 0 loss: 0.2945
[Epoch 164] step 10 loss: 0.3847
[Epoch 164] step 20 loss: 0.3447
[Epoch 164] step 30 loss: 0.4005
[Epoch 164] step 40 loss: 0.3663
[Epoch 164] step 50 loss: 0.3614
[Epoch 164] step 60 loss: 0.4886
[Epoch 164] step 70 loss: 0.4082
[Epoch 164] step 80 loss: 0.3559
[Epoch 164] step 90 loss: 0.4055
[Epoch 164] step 100 loss: 0.3458
[Epoch 164] step 110 loss: 0.3700
[Epoch 164] step 120 loss: 0.3448
[Epoch 164] step 130 loss: 0.3981
[Epoch 164] step 140 loss: 0.3891
[Epoch 164] step 150 loss: 0.3605
[Epoch 164] step 160 loss: 0.4016
[Epoch 164] step 170 loss: 0.4095
[Epoch 164] step 180 loss: 0.4119
[Epoch 164] step 190 loss: 0.4230
[Epoch 164] step 200 loss: 0.3837
[Epoch 164] step 210 loss: 0.3106
[Epoch 164] step 220 loss: 0.3859
[Epoch 164] step 230 loss: 0.4073
[Epoch 164] step 240 loss: 0.3880
[Epoch 164] step 250 loss: 0.3910
[Epoch 164] step 260 loss: 0.3862
[Epoch 164] step 270 loss: 0.3894
[Epoch 164] step 280 loss: 0.4166
[Epoch 164] step 290 loss: 0.3284
[Epoch 164] step 300 loss: 0.3708
[Epoch 164] step 310 loss: 0.3487
[Epoch 164] step 320 loss: 0.3328
[Epoch 164] step 330 loss: 0.3374
[Epoch 164] step 340 loss: 0.3924
[Epoch 164] step 350 loss: 0.3628
[Epoch 164] step 360 loss: 0.4071
[Epoch 164] step 370 loss: 0.4002
[Epoch 164] step 380 loss: 0.3910
[Epoch 164] step 390 loss: 0.3894
[Epoch 164] step 400 loss: 0.3890
[Epoch 164] step 410 loss: 0.3511
[Epoch 164] step 420 loss: 0.3411
[Epoch 164] step 430 loss: 0.3785
[Epoch 164] step 440 loss: 0.3540
[Epoch 164] step 450 loss: 0.4645
[Epoch 164] step 460 loss: 0.3599
[Epoch 164] step 470 loss: 0.3050
[Epoch 164] step 480 loss: 0.3761
[Epoch 164] step 490 loss: 0.4379
[Epoch 164] step 500 loss: 0.4021
[Epoch 164] step 510 loss: 0.3212
[Epoch 164] step 520 loss: 0.3079
[Epoch 164] step 530 loss: 0.3391
[Epoch 164] step 540 loss: 0.3743
[Epoch 164] step 550 loss: 0.3878
[Epoch 164] step 560 loss: 0.4134
[Epoch 164] step 570 loss: 0.3692
[Epoch 164] step 580 loss: 0.5266
[Epoch 164] step 590 loss: 0.3577
[Epoch 164] step 600 loss: 0.4064
[Epoch 164] step 610 loss: 0.3179
[Epoch 164] step 620 loss: 0.3768
[Epoch 164] step 630 loss: 0.3367
[Epoch 164] step 640 loss: 0.3544
[Epoch 164] step 650 loss: 0.3640
[Epoch 164] step 660 loss: 0.3522
[Epoch 164] step 670 loss: 0.3858
[Epoch 164] step 680 loss: 0.3352
[Epoch 164] step 690 loss: 0.4180
[Epoch 164] step 700 loss: 0.3193
[Epoch 164] step 710 loss: 0.3514
[Epoch 164] step 720 loss: 0.3250
[Epoch 164] step 730 loss: 0.3682
[Epoch 164] step 740 loss: 0.3593
[Epoch 164] step 750 loss: 0.4060
[Epoch 164] step 760 loss: 0.3382
[Epoch 164] step 770 loss: 0.3300
[Epoch 164] step 780 loss: 0.3341
[Epoch 164] step 790 loss: 0.3881
[Epoch 164] step 800 loss: 0.3754
[Epoch 164] step 810 loss: 0.4275
==== Epoch 164 avg loss: 0.3726 ====
[Epoch 165] step 0 loss: 0.3617
[Epoch 165] step 10 loss: 0.3907
[Epoch 165] step 20 loss: 0.4007
[Epoch 165] step 30 loss: 0.3402
[Epoch 165] step 40 loss: 0.3783
[Epoch 165] step 50 loss: 0.3729
[Epoch 165] step 60 loss: 0.3215
[Epoch 165] step 70 loss: 0.3518
[Epoch 165] step 80 loss: 0.3959
[Epoch 165] step 90 loss: 0.3663
[Epoch 165] step 100 loss: 0.3107
[Epoch 165] step 110 loss: 0.3474
[Epoch 165] step 120 loss: 0.3771
[Epoch 165] step 130 loss: 0.3917
[Epoch 165] step 140 loss: 0.3509
[Epoch 165] step 150 loss: 0.3778
[Epoch 165] step 160 loss: 0.3617
[Epoch 165] step 170 loss: 0.4149
[Epoch 165] step 180 loss: 0.3198
[Epoch 165] step 190 loss: 0.3650
[Epoch 165] step 200 loss: 0.2776
[Epoch 165] step 210 loss: 0.3704
[Epoch 165] step 220 loss: 0.3521
[Epoch 165] step 230 loss: 0.3259
[Epoch 165] step 240 loss: 0.3977
[Epoch 165] step 250 loss: 0.3244
[Epoch 165] step 260 loss: 0.3319
[Epoch 165] step 270 loss: 0.3433
[Epoch 165] step 280 loss: 0.3897
[Epoch 165] step 290 loss: 0.3627
[Epoch 165] step 300 loss: 0.3268
[Epoch 165] step 310 loss: 0.3247
[Epoch 165] step 320 loss: 0.3284
[Epoch 165] step 330 loss: 0.3104
[Epoch 165] step 340 loss: 0.3705
[Epoch 165] step 350 loss: 0.3495
[Epoch 165] step 360 loss: 0.4034
[Epoch 165] step 370 loss: 0.3574
[Epoch 165] step 380 loss: 0.3124
[Epoch 165] step 390 loss: 0.4090
[Epoch 165] step 400 loss: 0.3571
[Epoch 165] step 410 loss: 0.2941
[Epoch 165] step 420 loss: 0.4442
[Epoch 165] step 430 loss: 0.2903
[Epoch 165] step 440 loss: 0.3738
[Epoch 165] step 450 loss: 0.3729
[Epoch 165] step 460 loss: 0.3845
[Epoch 165] step 470 loss: 0.3846
[Epoch 165] step 480 loss: 0.3814
[Epoch 165] step 490 loss: 0.3813
[Epoch 165] step 500 loss: 0.3692
[Epoch 165] step 510 loss: 0.2866
[Epoch 165] step 520 loss: 0.3553
[Epoch 165] step 530 loss: 0.3126
[Epoch 165] step 540 loss: 0.3833
[Epoch 165] step 550 loss: 0.4052
[Epoch 165] step 560 loss: 0.4000
[Epoch 165] step 570 loss: 0.3012
[Epoch 165] step 580 loss: 0.3831
[Epoch 165] step 590 loss: 0.3179
[Epoch 165] step 600 loss: 0.3391
[Epoch 165] step 610 loss: 0.3334
[Epoch 165] step 620 loss: 0.3353
[Epoch 165] step 630 loss: 0.3506
[Epoch 165] step 640 loss: 0.3271
[Epoch 165] step 650 loss: 0.3023
[Epoch 165] step 660 loss: 0.4475
[Epoch 165] step 670 loss: 0.3754
[Epoch 165] step 680 loss: 0.3652
[Epoch 165] step 690 loss: 0.3672
[Epoch 165] step 700 loss: 0.3611
[Epoch 165] step 710 loss: 0.3625
[Epoch 165] step 720 loss: 0.3372
[Epoch 165] step 730 loss: 0.3137
[Epoch 165] step 740 loss: 0.3358
[Epoch 165] step 750 loss: 0.3392
[Epoch 165] step 760 loss: 0.3746
[Epoch 165] step 770 loss: 0.4188
[Epoch 165] step 780 loss: 0.3246
[Epoch 165] step 790 loss: 0.3685
[Epoch 165] step 800 loss: 0.3899
[Epoch 165] step 810 loss: 0.3271
==== Epoch 165 avg loss: 0.3606 ====
[Epoch 166] step 0 loss: 0.3240
[Epoch 166] step 10 loss: 0.3063
[Epoch 166] step 20 loss: 0.3583
[Epoch 166] step 30 loss: 0.3162
[Epoch 166] step 40 loss: 0.4020
[Epoch 166] step 50 loss: 0.3854
[Epoch 166] step 60 loss: 0.3634
[Epoch 166] step 70 loss: 0.2403
[Epoch 166] step 80 loss: 0.3641
[Epoch 166] step 90 loss: 0.2716
[Epoch 166] step 100 loss: 0.3689
[Epoch 166] step 110 loss: 0.3127
[Epoch 166] step 120 loss: 0.4213
[Epoch 166] step 130 loss: 0.3664
[Epoch 166] step 140 loss: 0.4059
[Epoch 166] step 150 loss: 0.3513
[Epoch 166] step 160 loss: 0.3099
[Epoch 166] step 170 loss: 0.3858
[Epoch 166] step 180 loss: 0.3068
[Epoch 166] step 190 loss: 0.3401
[Epoch 166] step 200 loss: 0.3643
[Epoch 166] step 210 loss: 0.3603
[Epoch 166] step 220 loss: 0.3295
[Epoch 166] step 230 loss: 0.3852
[Epoch 166] step 240 loss: 0.3399
[Epoch 166] step 250 loss: 0.3698
[Epoch 166] step 260 loss: 0.3508
[Epoch 166] step 270 loss: 0.3171
[Epoch 166] step 280 loss: 0.3309
[Epoch 166] step 290 loss: 0.3216
[Epoch 166] step 300 loss: 0.4276
[Epoch 166] step 310 loss: 0.3337
[Epoch 166] step 320 loss: 0.4021
[Epoch 166] step 330 loss: 0.3525
[Epoch 166] step 340 loss: 0.3576
[Epoch 166] step 350 loss: 0.3242
[Epoch 166] step 360 loss: 0.3059
[Epoch 166] step 370 loss: 0.3697
[Epoch 166] step 380 loss: 0.4039
[Epoch 166] step 390 loss: 0.3724
[Epoch 166] step 400 loss: 0.3643
[Epoch 166] step 410 loss: 0.3937
[Epoch 166] step 420 loss: 0.3570
[Epoch 166] step 430 loss: 0.3897
[Epoch 166] step 440 loss: 0.3830
[Epoch 166] step 450 loss: 0.3303
[Epoch 166] step 460 loss: 0.3604
[Epoch 166] step 470 loss: 0.4292
[Epoch 166] step 480 loss: 0.3175
[Epoch 166] step 490 loss: 0.4176
[Epoch 166] step 500 loss: 0.3339
[Epoch 166] step 510 loss: 0.3554
[Epoch 166] step 520 loss: 0.3603
[Epoch 166] step 530 loss: 0.3483
[Epoch 166] step 540 loss: 0.3487
[Epoch 166] step 550 loss: 0.3579
[Epoch 166] step 560 loss: 0.3128
[Epoch 166] step 570 loss: 0.3687
[Epoch 166] step 580 loss: 0.4034
[Epoch 166] step 590 loss: 0.3704
[Epoch 166] step 600 loss: 0.3713
[Epoch 166] step 610 loss: 0.3595
[Epoch 166] step 620 loss: 0.3673
[Epoch 166] step 630 loss: 0.2826
[Epoch 166] step 640 loss: 0.3571
[Epoch 166] step 650 loss: 0.3392
[Epoch 166] step 660 loss: 0.3413
[Epoch 166] step 670 loss: 0.4152
[Epoch 166] step 680 loss: 0.3287
[Epoch 166] step 690 loss: 0.3207
[Epoch 166] step 700 loss: 0.3846
[Epoch 166] step 710 loss: 0.3715
[Epoch 166] step 720 loss: 0.2709
[Epoch 166] step 730 loss: 0.2953
[Epoch 166] step 740 loss: 0.4155
[Epoch 166] step 750 loss: 0.3379
[Epoch 166] step 760 loss: 0.3539
[Epoch 166] step 770 loss: 0.3138
[Epoch 166] step 780 loss: 0.2969
[Epoch 166] step 790 loss: 0.3759
[Epoch 166] step 800 loss: 0.3604
[Epoch 166] step 810 loss: 0.3815
==== Epoch 166 avg loss: 0.3541 ====
[Epoch 167] step 0 loss: 0.3695
[Epoch 167] step 10 loss: 0.3220
[Epoch 167] step 20 loss: 0.3925
[Epoch 167] step 30 loss: 0.3528
[Epoch 167] step 40 loss: 0.3362
[Epoch 167] step 50 loss: 0.4216
[Epoch 167] step 60 loss: 0.3206
[Epoch 167] step 70 loss: 0.3634
[Epoch 167] step 80 loss: 0.3771
[Epoch 167] step 90 loss: 0.3470
[Epoch 167] step 100 loss: 0.3256
[Epoch 167] step 110 loss: 0.3959
[Epoch 167] step 120 loss: 0.2960
[Epoch 167] step 130 loss: 0.4300
[Epoch 167] step 140 loss: 0.3506
[Epoch 167] step 150 loss: 0.3634
[Epoch 167] step 160 loss: 0.2919
[Epoch 167] step 170 loss: 0.3565
[Epoch 167] step 180 loss: 0.2993
[Epoch 167] step 190 loss: 0.3216
[Epoch 167] step 200 loss: 0.3519
[Epoch 167] step 210 loss: 0.3272
[Epoch 167] step 220 loss: 0.3381
[Epoch 167] step 230 loss: 0.3480
[Epoch 167] step 240 loss: 0.3544
[Epoch 167] step 250 loss: 0.3013
[Epoch 167] step 260 loss: 0.2899
[Epoch 167] step 270 loss: 0.3784
[Epoch 167] step 280 loss: 0.2951
[Epoch 167] step 290 loss: 0.3076
[Epoch 167] step 300 loss: 0.3264
[Epoch 167] step 310 loss: 0.3199
[Epoch 167] step 320 loss: 0.3568
[Epoch 167] step 330 loss: 0.3877
[Epoch 167] step 340 loss: 0.3474
[Epoch 167] step 350 loss: 0.3035
[Epoch 167] step 360 loss: 0.3380
[Epoch 167] step 370 loss: 0.3302
[Epoch 167] step 380 loss: 0.3403
[Epoch 167] step 390 loss: 0.3456
[Epoch 167] step 400 loss: 0.3703
[Epoch 167] step 410 loss: 0.2888
[Epoch 167] step 420 loss: 0.3690
[Epoch 167] step 430 loss: 0.3235
[Epoch 167] step 440 loss: 0.3644
[Epoch 167] step 450 loss: 0.3257
[Epoch 167] step 460 loss: 0.4101
[Epoch 167] step 470 loss: 0.3234
[Epoch 167] step 480 loss: 0.3234
[Epoch 167] step 490 loss: 0.3486
[Epoch 167] step 500 loss: 0.3730
[Epoch 167] step 510 loss: 0.3374
[Epoch 167] step 520 loss: 0.2699
[Epoch 167] step 530 loss: 0.3048
[Epoch 167] step 540 loss: 0.3293
[Epoch 167] step 550 loss: 0.3194
[Epoch 167] step 560 loss: 0.3087
[Epoch 167] step 570 loss: 0.3611
[Epoch 167] step 580 loss: 0.3486
[Epoch 167] step 590 loss: 0.2757
[Epoch 167] step 600 loss: 0.3203
[Epoch 167] step 610 loss: 0.3417
[Epoch 167] step 620 loss: 0.3459
[Epoch 167] step 630 loss: 0.3219
[Epoch 167] step 640 loss: 0.3445
[Epoch 167] step 650 loss: 0.2533
[Epoch 167] step 660 loss: 0.3717
[Epoch 167] step 670 loss: 0.3791
[Epoch 167] step 680 loss: 0.2988
[Epoch 167] step 690 loss: 0.3851
[Epoch 167] step 700 loss: 0.3689
[Epoch 167] step 710 loss: 0.3235
[Epoch 167] step 720 loss: 0.3564
[Epoch 167] step 730 loss: 0.3293
[Epoch 167] step 740 loss: 0.2929
[Epoch 167] step 750 loss: 0.3303
[Epoch 167] step 760 loss: 0.3167
[Epoch 167] step 770 loss: 0.3665
[Epoch 167] step 780 loss: 0.3418
[Epoch 167] step 790 loss: 0.3961
[Epoch 167] step 800 loss: 0.3226
[Epoch 167] step 810 loss: 0.3646
==== Epoch 167 avg loss: 0.3451 ====
[Epoch 168] step 0 loss: 0.3130
[Epoch 168] step 10 loss: 0.3669
[Epoch 168] step 20 loss: 0.2927
[Epoch 168] step 30 loss: 0.3220
[Epoch 168] step 40 loss: 0.3730
[Epoch 168] step 50 loss: 0.3198
[Epoch 168] step 60 loss: 0.3280
[Epoch 168] step 70 loss: 0.2949
[Epoch 168] step 80 loss: 0.3205
[Epoch 168] step 90 loss: 0.3518
[Epoch 168] step 100 loss: 0.2748
[Epoch 168] step 110 loss: 0.3978
[Epoch 168] step 120 loss: 0.3231
[Epoch 168] step 130 loss: 0.3425
[Epoch 168] step 140 loss: 0.4274
[Epoch 168] step 150 loss: 0.2734
[Epoch 168] step 160 loss: 0.3084
[Epoch 168] step 170 loss: 0.3281
[Epoch 168] step 180 loss: 0.2640
[Epoch 168] step 190 loss: 0.3360
[Epoch 168] step 200 loss: 0.3430
[Epoch 168] step 210 loss: 0.3132
[Epoch 168] step 220 loss: 0.3718
[Epoch 168] step 230 loss: 0.3069
[Epoch 168] step 240 loss: 0.3578
[Epoch 168] step 250 loss: 0.3186
[Epoch 168] step 260 loss: 0.3895
[Epoch 168] step 270 loss: 0.3550
[Epoch 168] step 280 loss: 0.2733
[Epoch 168] step 290 loss: 0.4317
[Epoch 168] step 300 loss: 0.3815
[Epoch 168] step 310 loss: 0.3507
[Epoch 168] step 320 loss: 0.3946
[Epoch 168] step 330 loss: 0.3559
[Epoch 168] step 340 loss: 0.3855
[Epoch 168] step 350 loss: 0.3582
[Epoch 168] step 360 loss: 0.2829
[Epoch 168] step 370 loss: 0.3420
[Epoch 168] step 380 loss: 0.3988
[Epoch 168] step 390 loss: 0.3071
[Epoch 168] step 400 loss: 0.2662
[Epoch 168] step 410 loss: 0.2924
[Epoch 168] step 420 loss: 0.3323
[Epoch 168] step 430 loss: 0.3341
[Epoch 168] step 440 loss: 0.3513
[Epoch 168] step 450 loss: 0.3396
[Epoch 168] step 460 loss: 0.2983
[Epoch 168] step 470 loss: 0.3608
[Epoch 168] step 480 loss: 0.3657
[Epoch 168] step 490 loss: 0.3683
[Epoch 168] step 500 loss: 0.3687
[Epoch 168] step 510 loss: 0.3322
[Epoch 168] step 520 loss: 0.3119
[Epoch 168] step 530 loss: 0.3777
[Epoch 168] step 540 loss: 0.3172
[Epoch 168] step 550 loss: 0.3545
[Epoch 168] step 560 loss: 0.3573
[Epoch 168] step 570 loss: 0.2679
[Epoch 168] step 580 loss: 0.3741
[Epoch 168] step 590 loss: 0.3389
[Epoch 168] step 600 loss: 0.3194
[Epoch 168] step 610 loss: 0.3944
[Epoch 168] step 620 loss: 0.2716
[Epoch 168] step 630 loss: 0.2846
[Epoch 168] step 640 loss: 0.4381
[Epoch 168] step 650 loss: 0.3317
[Epoch 168] step 660 loss: 0.3821
[Epoch 168] step 670 loss: 0.2916
[Epoch 168] step 680 loss: 0.3376
[Epoch 168] step 690 loss: 0.3526
[Epoch 168] step 700 loss: 0.2758
[Epoch 168] step 710 loss: 0.3236
[Epoch 168] step 720 loss: 0.3485
[Epoch 168] step 730 loss: 0.3183
[Epoch 168] step 740 loss: 0.3515
[Epoch 168] step 750 loss: 0.2512
[Epoch 168] step 760 loss: 0.3621
[Epoch 168] step 770 loss: 0.3928
[Epoch 168] step 780 loss: 0.3015
[Epoch 168] step 790 loss: 0.2806
[Epoch 168] step 800 loss: 0.2942
[Epoch 168] step 810 loss: 0.3390
==== Epoch 168 avg loss: 0.3360 ====
[Epoch 169] step 0 loss: 0.2830
[Epoch 169] step 10 loss: 0.3420
[Epoch 169] step 20 loss: 0.2792
[Epoch 169] step 30 loss: 0.3532
[Epoch 169] step 40 loss: 0.3263
[Epoch 169] step 50 loss: 0.2400
[Epoch 169] step 60 loss: 0.3341
[Epoch 169] step 70 loss: 0.3295
[Epoch 169] step 80 loss: 0.3028
[Epoch 169] step 90 loss: 0.3057
[Epoch 169] step 100 loss: 0.2863
[Epoch 169] step 110 loss: 0.3418
[Epoch 169] step 120 loss: 0.2969
[Epoch 169] step 130 loss: 0.3344
[Epoch 169] step 140 loss: 0.3792
[Epoch 169] step 150 loss: 0.3259
[Epoch 169] step 160 loss: 0.3490
[Epoch 169] step 170 loss: 0.3415
[Epoch 169] step 180 loss: 0.2836
[Epoch 169] step 190 loss: 0.2454
[Epoch 169] step 200 loss: 0.3028
[Epoch 169] step 210 loss: 0.3372
[Epoch 169] step 220 loss: 0.3050
[Epoch 169] step 230 loss: 0.3361
[Epoch 169] step 240 loss: 0.2555
[Epoch 169] step 250 loss: 0.3052
[Epoch 169] step 260 loss: 0.2591
[Epoch 169] step 270 loss: 0.3453
[Epoch 169] step 280 loss: 0.3008
[Epoch 169] step 290 loss: 0.3060
[Epoch 169] step 300 loss: 0.3187
[Epoch 169] step 310 loss: 0.3137
[Epoch 169] step 320 loss: 0.3750
[Epoch 169] step 330 loss: 0.3122
[Epoch 169] step 340 loss: 0.3201
[Epoch 169] step 350 loss: 0.3358
[Epoch 169] step 360 loss: 0.3564
[Epoch 169] step 370 loss: 0.2834
[Epoch 169] step 380 loss: 0.2924
[Epoch 169] step 390 loss: 0.2967
[Epoch 169] step 400 loss: 0.2704
[Epoch 169] step 410 loss: 0.3068
[Epoch 169] step 420 loss: 0.2711
[Epoch 169] step 430 loss: 0.3325
[Epoch 169] step 440 loss: 0.3148
[Epoch 169] step 450 loss: 0.3608
[Epoch 169] step 460 loss: 0.3238
[Epoch 169] step 470 loss: 0.3208
[Epoch 169] step 480 loss: 0.3082
[Epoch 169] step 490 loss: 0.3576
[Epoch 169] step 500 loss: 0.3221
[Epoch 169] step 510 loss: 0.3188
[Epoch 169] step 520 loss: 0.3190
[Epoch 169] step 530 loss: 0.3359
[Epoch 169] step 540 loss: 0.3220
[Epoch 169] step 550 loss: 0.2775
[Epoch 169] step 560 loss: 0.3177
[Epoch 169] step 570 loss: 0.3589
[Epoch 169] step 580 loss: 0.3234
[Epoch 169] step 590 loss: 0.2584
[Epoch 169] step 600 loss: 0.3636
[Epoch 169] step 610 loss: 0.2905
[Epoch 169] step 620 loss: 0.3541
[Epoch 169] step 630 loss: 0.3058
[Epoch 169] step 640 loss: 0.3249
[Epoch 169] step 650 loss: 0.3767
[Epoch 169] step 660 loss: 0.3038
[Epoch 169] step 670 loss: 0.3045
[Epoch 169] step 680 loss: 0.2617
[Epoch 169] step 690 loss: 0.3574
[Epoch 169] step 700 loss: 0.3643
[Epoch 169] step 710 loss: 0.2533
[Epoch 169] step 720 loss: 0.3354
[Epoch 169] step 730 loss: 0.2885
[Epoch 169] step 740 loss: 0.2780
[Epoch 169] step 750 loss: 0.3334
[Epoch 169] step 760 loss: 0.4023
[Epoch 169] step 770 loss: 0.3043
[Epoch 169] step 780 loss: 0.2592
[Epoch 169] step 790 loss: 0.3189
[Epoch 169] step 800 loss: 0.2711
[Epoch 169] step 810 loss: 0.3873
==== Epoch 169 avg loss: 0.3218 ====
[Epoch 170] step 0 loss: 0.3825
[Epoch 170] step 10 loss: 0.3766
[Epoch 170] step 20 loss: 0.2951
[Epoch 170] step 30 loss: 0.3642
[Epoch 170] step 40 loss: 0.3353
[Epoch 170] step 50 loss: 0.3218
[Epoch 170] step 60 loss: 0.3491
[Epoch 170] step 70 loss: 0.2837
[Epoch 170] step 80 loss: 0.3465
[Epoch 170] step 90 loss: 0.3134
[Epoch 170] step 100 loss: 0.3079
[Epoch 170] step 110 loss: 0.3261
[Epoch 170] step 120 loss: 0.2805
[Epoch 170] step 130 loss: 0.3325
[Epoch 170] step 140 loss: 0.3408
[Epoch 170] step 150 loss: 0.3719
[Epoch 170] step 160 loss: 0.2975
[Epoch 170] step 170 loss: 0.4282
[Epoch 170] step 180 loss: 0.3348
[Epoch 170] step 190 loss: 0.2831
[Epoch 170] step 200 loss: 0.3632
[Epoch 170] step 210 loss: 0.3171
[Epoch 170] step 220 loss: 0.3080
[Epoch 170] step 230 loss: 0.3578
[Epoch 170] step 240 loss: 0.3153
[Epoch 170] step 250 loss: 0.3721
[Epoch 170] step 260 loss: 0.3341
[Epoch 170] step 270 loss: 0.2843
[Epoch 170] step 280 loss: 0.3247
[Epoch 170] step 290 loss: 0.2798
[Epoch 170] step 300 loss: 0.3317
[Epoch 170] step 310 loss: 0.2899
[Epoch 170] step 320 loss: 0.2998
[Epoch 170] step 330 loss: 0.3282
[Epoch 170] step 340 loss: 0.2405
[Epoch 170] step 350 loss: 0.3920
[Epoch 170] step 360 loss: 0.3101
[Epoch 170] step 370 loss: 0.3361
[Epoch 170] step 380 loss: 0.4289
[Epoch 170] step 390 loss: 0.3649
[Epoch 170] step 400 loss: 0.3390
[Epoch 170] step 410 loss: 0.3391
[Epoch 170] step 420 loss: 0.3818
[Epoch 170] step 430 loss: 0.2748
[Epoch 170] step 440 loss: 0.3169
[Epoch 170] step 450 loss: 0.2954
[Epoch 170] step 460 loss: 0.3514
[Epoch 170] step 470 loss: 0.3005
[Epoch 170] step 480 loss: 0.3630
[Epoch 170] step 490 loss: 0.3449
[Epoch 170] step 500 loss: 0.2824
[Epoch 170] step 510 loss: 0.3244
[Epoch 170] step 520 loss: 0.3140
[Epoch 170] step 530 loss: 0.3334
[Epoch 170] step 540 loss: 0.3355
[Epoch 170] step 550 loss: 0.2841
[Epoch 170] step 560 loss: 0.4541
[Epoch 170] step 570 loss: 0.3343
[Epoch 170] step 580 loss: 0.2583
[Epoch 170] step 590 loss: 0.3007
[Epoch 170] step 600 loss: 0.2962
[Epoch 170] step 610 loss: 0.3321
[Epoch 170] step 620 loss: 0.3214
[Epoch 170] step 630 loss: 0.3466
[Epoch 170] step 640 loss: 0.3122
[Epoch 170] step 650 loss: 0.2789
[Epoch 170] step 660 loss: 0.3512
[Epoch 170] step 670 loss: 0.3317
[Epoch 170] step 680 loss: 0.3640
[Epoch 170] step 690 loss: 0.3107
[Epoch 170] step 700 loss: 0.3345
[Epoch 170] step 710 loss: 0.2658
[Epoch 170] step 720 loss: 0.3415
[Epoch 170] step 730 loss: 0.3085
[Epoch 170] step 740 loss: 0.3772
[Epoch 170] step 750 loss: 0.2395
[Epoch 170] step 760 loss: 0.3081
[Epoch 170] step 770 loss: 0.2783
[Epoch 170] step 780 loss: 0.3407
[Epoch 170] step 790 loss: 0.4058
[Epoch 170] step 800 loss: 0.2818
[Epoch 170] step 810 loss: 0.3384
==== Epoch 170 avg loss: 0.3242 ====
[Epoch 171] step 0 loss: 0.3760
[Epoch 171] step 10 loss: 0.3737
[Epoch 171] step 20 loss: 0.3371
[Epoch 171] step 30 loss: 0.3725
[Epoch 171] step 40 loss: 0.3626
[Epoch 171] step 50 loss: 0.3613
[Epoch 171] step 60 loss: 0.3037
[Epoch 171] step 70 loss: 0.2920
[Epoch 171] step 80 loss: 0.2860
[Epoch 171] step 90 loss: 0.3422
[Epoch 171] step 100 loss: 0.3269
[Epoch 171] step 110 loss: 0.3265
[Epoch 171] step 120 loss: 0.2625
[Epoch 171] step 130 loss: 0.2828
[Epoch 171] step 140 loss: 0.2875
[Epoch 171] step 150 loss: 0.2704
[Epoch 171] step 160 loss: 0.3283
[Epoch 171] step 170 loss: 0.3115
[Epoch 171] step 180 loss: 0.3234
[Epoch 171] step 190 loss: 0.3254
[Epoch 171] step 200 loss: 0.3037
[Epoch 171] step 210 loss: 0.3362
[Epoch 171] step 220 loss: 0.3196
[Epoch 171] step 230 loss: 0.3324
[Epoch 171] step 240 loss: 0.2746
[Epoch 171] step 250 loss: 0.3241
[Epoch 171] step 260 loss: 0.3076
[Epoch 171] step 270 loss: 0.3539
[Epoch 171] step 280 loss: 0.3833
[Epoch 171] step 290 loss: 0.3272
[Epoch 171] step 300 loss: 0.3416
[Epoch 171] step 310 loss: 0.2454
[Epoch 171] step 320 loss: 0.3176
[Epoch 171] step 330 loss: 0.2747
[Epoch 171] step 340 loss: 0.3030
[Epoch 171] step 350 loss: 0.3298
[Epoch 171] step 360 loss: 0.4002
[Epoch 171] step 370 loss: 0.2663
[Epoch 171] step 380 loss: 0.3966
[Epoch 171] step 390 loss: 0.2661
[Epoch 171] step 400 loss: 0.3327
[Epoch 171] step 410 loss: 0.3170
[Epoch 171] step 420 loss: 0.2844
[Epoch 171] step 430 loss: 0.3570
[Epoch 171] step 440 loss: 0.3387
[Epoch 171] step 450 loss: 0.3117
[Epoch 171] step 460 loss: 0.2452
[Epoch 171] step 470 loss: 0.3069
[Epoch 171] step 480 loss: 0.3245
[Epoch 171] step 490 loss: 0.3745
[Epoch 171] step 500 loss: 0.2682
[Epoch 171] step 510 loss: 0.3151
[Epoch 171] step 520 loss: 0.3250
[Epoch 171] step 530 loss: 0.3704
[Epoch 171] step 540 loss: 0.2483
[Epoch 171] step 550 loss: 0.2895
[Epoch 171] step 560 loss: 0.3182
[Epoch 171] step 570 loss: 0.3100
[Epoch 171] step 580 loss: 0.2987
[Epoch 171] step 590 loss: 0.3955
[Epoch 171] step 600 loss: 0.3460
[Epoch 171] step 610 loss: 0.3619
[Epoch 171] step 620 loss: 0.2524
[Epoch 171] step 630 loss: 0.3157
[Epoch 171] step 640 loss: 0.3061
[Epoch 171] step 650 loss: 0.3300
[Epoch 171] step 660 loss: 0.3391
[Epoch 171] step 670 loss: 0.2478
[Epoch 171] step 680 loss: 0.2691
[Epoch 171] step 690 loss: 0.2941
[Epoch 171] step 700 loss: 0.3760
[Epoch 171] step 710 loss: 0.3243
[Epoch 171] step 720 loss: 0.3321
[Epoch 171] step 730 loss: 0.3179
[Epoch 171] step 740 loss: 0.3345
[Epoch 171] step 750 loss: 0.3053
[Epoch 171] step 760 loss: 0.3668
[Epoch 171] step 770 loss: 0.2676
[Epoch 171] step 780 loss: 0.3685
[Epoch 171] step 790 loss: 0.3008
[Epoch 171] step 800 loss: 0.4006
[Epoch 171] step 810 loss: 0.3706
==== Epoch 171 avg loss: 0.3158 ====
[Epoch 172] step 0 loss: 0.3335
[Epoch 172] step 10 loss: 0.2686
[Epoch 172] step 20 loss: 0.3214
[Epoch 172] step 30 loss: 0.2482
[Epoch 172] step 40 loss: 0.2818
[Epoch 172] step 50 loss: 0.3138
[Epoch 172] step 60 loss: 0.3637
[Epoch 172] step 70 loss: 0.2746
[Epoch 172] step 80 loss: 0.3127
[Epoch 172] step 90 loss: 0.3244
[Epoch 172] step 100 loss: 0.3319
[Epoch 172] step 110 loss: 0.2741
[Epoch 172] step 120 loss: 0.3275
[Epoch 172] step 130 loss: 0.3215
[Epoch 172] step 140 loss: 0.2857
[Epoch 172] step 150 loss: 0.3537
[Epoch 172] step 160 loss: 0.2797
[Epoch 172] step 170 loss: 0.3480
[Epoch 172] step 180 loss: 0.3423
[Epoch 172] step 190 loss: 0.2960
[Epoch 172] step 200 loss: 0.3810
[Epoch 172] step 210 loss: 0.2923
[Epoch 172] step 220 loss: 0.2670
[Epoch 172] step 230 loss: 0.3112
[Epoch 172] step 240 loss: 0.2868
[Epoch 172] step 250 loss: 0.2434
[Epoch 172] step 260 loss: 0.3434
[Epoch 172] step 270 loss: 0.3233
[Epoch 172] step 280 loss: 0.3832
[Epoch 172] step 290 loss: 0.3348
[Epoch 172] step 300 loss: 0.3103
[Epoch 172] step 310 loss: 0.2823
[Epoch 172] step 320 loss: 0.2740
[Epoch 172] step 330 loss: 0.2596
[Epoch 172] step 340 loss: 0.2835
[Epoch 172] step 350 loss: 0.3497
[Epoch 172] step 360 loss: 0.2804
[Epoch 172] step 370 loss: 0.2906
[Epoch 172] step 380 loss: 0.3252
[Epoch 172] step 390 loss: 0.2341
[Epoch 172] step 400 loss: 0.2853
[Epoch 172] step 410 loss: 0.2800
[Epoch 172] step 420 loss: 0.2851
[Epoch 172] step 430 loss: 0.2639
[Epoch 172] step 440 loss: 0.3557
[Epoch 172] step 450 loss: 0.2756
[Epoch 172] step 460 loss: 0.2821
[Epoch 172] step 470 loss: 0.2665
[Epoch 172] step 480 loss: 0.4049
[Epoch 172] step 490 loss: 0.3148
[Epoch 172] step 500 loss: 0.2758
[Epoch 172] step 510 loss: 0.2973
[Epoch 172] step 520 loss: 0.3095
[Epoch 172] step 530 loss: 0.2218
[Epoch 172] step 540 loss: 0.2859
[Epoch 172] step 550 loss: 0.3018
[Epoch 172] step 560 loss: 0.2608
[Epoch 172] step 570 loss: 0.3792
[Epoch 172] step 580 loss: 0.2502
[Epoch 172] step 590 loss: 0.2936
[Epoch 172] step 600 loss: 0.3286
[Epoch 172] step 610 loss: 0.3794
[Epoch 172] step 620 loss: 0.3008
[Epoch 172] step 630 loss: 0.3144
[Epoch 172] step 640 loss: 0.2617
[Epoch 172] step 650 loss: 0.2798
[Epoch 172] step 660 loss: 0.3252
[Epoch 172] step 670 loss: 0.2759
[Epoch 172] step 680 loss: 0.3315
[Epoch 172] step 690 loss: 0.3075
[Epoch 172] step 700 loss: 0.3121
[Epoch 172] step 710 loss: 0.2929
[Epoch 172] step 720 loss: 0.3540
[Epoch 172] step 730 loss: 0.2541
[Epoch 172] step 740 loss: 0.3363
[Epoch 172] step 750 loss: 0.2707
[Epoch 172] step 760 loss: 0.2816
[Epoch 172] step 770 loss: 0.2659
[Epoch 172] step 780 loss: 0.3459
[Epoch 172] step 790 loss: 0.2603
[Epoch 172] step 800 loss: 0.2973
[Epoch 172] step 810 loss: 0.3515
==== Epoch 172 avg loss: 0.3022 ====
[Epoch 173] step 0 loss: 0.2871
[Epoch 173] step 10 loss: 0.2804
[Epoch 173] step 20 loss: 0.3226
[Epoch 173] step 30 loss: 0.2762
[Epoch 173] step 40 loss: 0.2478
[Epoch 173] step 50 loss: 0.2460
[Epoch 173] step 60 loss: 0.3498
[Epoch 173] step 70 loss: 0.3106
[Epoch 173] step 80 loss: 0.3177
[Epoch 173] step 90 loss: 0.3717
[Epoch 173] step 100 loss: 0.3169
[Epoch 173] step 110 loss: 0.3011
[Epoch 173] step 120 loss: 0.2753
[Epoch 173] step 130 loss: 0.2586
[Epoch 173] step 140 loss: 0.3433
[Epoch 173] step 150 loss: 0.3102
[Epoch 173] step 160 loss: 0.2846
[Epoch 173] step 170 loss: 0.3358
[Epoch 173] step 180 loss: 0.2878
[Epoch 173] step 190 loss: 0.2481
[Epoch 173] step 200 loss: 0.2467
[Epoch 173] step 210 loss: 0.3264
[Epoch 173] step 220 loss: 0.2573
[Epoch 173] step 230 loss: 0.3337
[Epoch 173] step 240 loss: 0.3859
[Epoch 173] step 250 loss: 0.2412
[Epoch 173] step 260 loss: 0.3204
[Epoch 173] step 270 loss: 0.3438
[Epoch 173] step 280 loss: 0.3422
[Epoch 173] step 290 loss: 0.2796
[Epoch 173] step 300 loss: 0.2605
[Epoch 173] step 310 loss: 0.3021
[Epoch 173] step 320 loss: 0.2979
[Epoch 173] step 330 loss: 0.2741
[Epoch 173] step 340 loss: 0.2682
[Epoch 173] step 350 loss: 0.2777
[Epoch 173] step 360 loss: 0.3136
[Epoch 173] step 370 loss: 0.3028
[Epoch 173] step 380 loss: 0.3193
[Epoch 173] step 390 loss: 0.2520
[Epoch 173] step 400 loss: 0.2754
[Epoch 173] step 410 loss: 0.2909
[Epoch 173] step 420 loss: 0.2269
[Epoch 173] step 430 loss: 0.2900
[Epoch 173] step 440 loss: 0.2943
[Epoch 173] step 450 loss: 0.2326
[Epoch 173] step 460 loss: 0.3271
[Epoch 173] step 470 loss: 0.3163
[Epoch 173] step 480 loss: 0.3395
[Epoch 173] step 490 loss: 0.3368
[Epoch 173] step 500 loss: 0.3144
[Epoch 173] step 510 loss: 0.2828
[Epoch 173] step 520 loss: 0.3186
[Epoch 173] step 530 loss: 0.3114
[Epoch 173] step 540 loss: 0.3348
[Epoch 173] step 550 loss: 0.2845
[Epoch 173] step 560 loss: 0.2558
[Epoch 173] step 570 loss: 0.2540
[Epoch 173] step 580 loss: 0.3339
[Epoch 173] step 590 loss: 0.2936
[Epoch 173] step 600 loss: 0.2750
[Epoch 173] step 610 loss: 0.2452
[Epoch 173] step 620 loss: 0.2525
[Epoch 173] step 630 loss: 0.2534
[Epoch 173] step 640 loss: 0.2642
[Epoch 173] step 650 loss: 0.2317
[Epoch 173] step 660 loss: 0.3430
[Epoch 173] step 670 loss: 0.2735
[Epoch 173] step 680 loss: 0.2456
[Epoch 173] step 690 loss: 0.3649
[Epoch 173] step 700 loss: 0.2903
[Epoch 173] step 710 loss: 0.2885
[Epoch 173] step 720 loss: 0.2915
[Epoch 173] step 730 loss: 0.2599
[Epoch 173] step 740 loss: 0.3022
[Epoch 173] step 750 loss: 0.2863
[Epoch 173] step 760 loss: 0.2927
[Epoch 173] step 770 loss: 0.2936
[Epoch 173] step 780 loss: 0.3135
[Epoch 173] step 790 loss: 0.2432
[Epoch 173] step 800 loss: 0.2849
[Epoch 173] step 810 loss: 0.3244
==== Epoch 173 avg loss: 0.2931 ====
[Epoch 174] step 0 loss: 0.3081
[Epoch 174] step 10 loss: 0.2253
[Epoch 174] step 20 loss: 0.3192
[Epoch 174] step 30 loss: 0.2459
[Epoch 174] step 40 loss: 0.3188
[Epoch 174] step 50 loss: 0.3329
[Epoch 174] step 60 loss: 0.3211
[Epoch 174] step 70 loss: 0.2768
[Epoch 174] step 80 loss: 0.2906
[Epoch 174] step 90 loss: 0.2975
[Epoch 174] step 100 loss: 0.3204
[Epoch 174] step 110 loss: 0.2974
[Epoch 174] step 120 loss: 0.2465
[Epoch 174] step 130 loss: 0.3449
[Epoch 174] step 140 loss: 0.3841
[Epoch 174] step 150 loss: 0.2385
[Epoch 174] step 160 loss: 0.3031
[Epoch 174] step 170 loss: 0.2716
[Epoch 174] step 180 loss: 0.2438
[Epoch 174] step 190 loss: 0.2793
[Epoch 174] step 200 loss: 0.3407
[Epoch 174] step 210 loss: 0.2462
[Epoch 174] step 220 loss: 0.2944
[Epoch 174] step 230 loss: 0.3160
[Epoch 174] step 240 loss: 0.3352
[Epoch 174] step 250 loss: 0.2639
[Epoch 174] step 260 loss: 0.3129
[Epoch 174] step 270 loss: 0.2896
[Epoch 174] step 280 loss: 0.2992
[Epoch 174] step 290 loss: 0.2975
[Epoch 174] step 300 loss: 0.3119
[Epoch 174] step 310 loss: 0.3177
[Epoch 174] step 320 loss: 0.2624
[Epoch 174] step 330 loss: 0.2952
[Epoch 174] step 340 loss: 0.3166
[Epoch 174] step 350 loss: 0.3469
[Epoch 174] step 360 loss: 0.2843
[Epoch 174] step 370 loss: 0.2863
[Epoch 174] step 380 loss: 0.3100
[Epoch 174] step 390 loss: 0.2766
[Epoch 174] step 400 loss: 0.3316
[Epoch 174] step 410 loss: 0.2703
[Epoch 174] step 420 loss: 0.3415
[Epoch 174] step 430 loss: 0.2941
[Epoch 174] step 440 loss: 0.2688
[Epoch 174] step 450 loss: 0.3828
[Epoch 174] step 460 loss: 0.2226
[Epoch 174] step 470 loss: 0.3490
[Epoch 174] step 480 loss: 0.3589
[Epoch 174] step 490 loss: 0.3062
[Epoch 174] step 500 loss: 0.2462
[Epoch 174] step 510 loss: 0.3344
[Epoch 174] step 520 loss: 0.2437
[Epoch 174] step 530 loss: 0.3636
[Epoch 174] step 540 loss: 0.2993
[Epoch 174] step 550 loss: 0.3021
[Epoch 174] step 560 loss: 0.3232
[Epoch 174] step 570 loss: 0.3257
[Epoch 174] step 580 loss: 0.2583
[Epoch 174] step 590 loss: 0.3384
[Epoch 174] step 600 loss: 0.2744
[Epoch 174] step 610 loss: 0.2768
[Epoch 174] step 620 loss: 0.3154
[Epoch 174] step 630 loss: 0.2930
[Epoch 174] step 640 loss: 0.2602
[Epoch 174] step 650 loss: 0.2390
[Epoch 174] step 660 loss: 0.3031
[Epoch 174] step 670 loss: 0.2925
[Epoch 174] step 680 loss: 0.2971
[Epoch 174] step 690 loss: 0.3095
[Epoch 174] step 700 loss: 0.3408
[Epoch 174] step 710 loss: 0.3155
[Epoch 174] step 720 loss: 0.2635
[Epoch 174] step 730 loss: 0.3757
[Epoch 174] step 740 loss: 0.3412
[Epoch 174] step 750 loss: 0.3141
[Epoch 174] step 760 loss: 0.3004
[Epoch 174] step 770 loss: 0.2469
[Epoch 174] step 780 loss: 0.3079
[Epoch 174] step 790 loss: 0.3189
[Epoch 174] step 800 loss: 0.3367
[Epoch 174] step 810 loss: 0.2783
==== Epoch 174 avg loss: 0.2996 ====
[Epoch 175] step 0 loss: 0.3449
[Epoch 175] step 10 loss: 0.2814
[Epoch 175] step 20 loss: 0.3069
[Epoch 175] step 30 loss: 0.2710
[Epoch 175] step 40 loss: 0.2339
[Epoch 175] step 50 loss: 0.2964
[Epoch 175] step 60 loss: 0.2943
[Epoch 175] step 70 loss: 0.2875
[Epoch 175] step 80 loss: 0.2836
[Epoch 175] step 90 loss: 0.3319
[Epoch 175] step 100 loss: 0.2832
[Epoch 175] step 110 loss: 0.2793
[Epoch 175] step 120 loss: 0.2510
[Epoch 175] step 130 loss: 0.3021
[Epoch 175] step 140 loss: 0.3625
[Epoch 175] step 150 loss: 0.3482
[Epoch 175] step 160 loss: 0.3847
[Epoch 175] step 170 loss: 0.2847
[Epoch 175] step 180 loss: 0.3214
[Epoch 175] step 190 loss: 0.3119
[Epoch 175] step 200 loss: 0.3464
[Epoch 175] step 210 loss: 0.2429
[Epoch 175] step 220 loss: 0.3078
[Epoch 175] step 230 loss: 0.2826
[Epoch 175] step 240 loss: 0.2489
[Epoch 175] step 250 loss: 0.2598
[Epoch 175] step 260 loss: 0.2176
[Epoch 175] step 270 loss: 0.2427
[Epoch 175] step 280 loss: 0.2893
[Epoch 175] step 290 loss: 0.2865
[Epoch 175] step 300 loss: 0.3515
[Epoch 175] step 310 loss: 0.2671
[Epoch 175] step 320 loss: 0.2855
[Epoch 175] step 330 loss: 0.2667
[Epoch 175] step 340 loss: 0.2920
[Epoch 175] step 350 loss: 0.3107
[Epoch 175] step 360 loss: 0.3378
[Epoch 175] step 370 loss: 0.2747
[Epoch 175] step 380 loss: 0.2619
[Epoch 175] step 390 loss: 0.3415
[Epoch 175] step 400 loss: 0.3170
[Epoch 175] step 410 loss: 0.2848
[Epoch 175] step 420 loss: 0.3196
[Epoch 175] step 430 loss: 0.2745
[Epoch 175] step 440 loss: 0.2930
[Epoch 175] step 450 loss: 0.3627
[Epoch 175] step 460 loss: 0.3381
[Epoch 175] step 470 loss: 0.3469
[Epoch 175] step 480 loss: 0.3485
[Epoch 175] step 490 loss: 0.2551
[Epoch 175] step 500 loss: 0.3100
[Epoch 175] step 510 loss: 0.3198
[Epoch 175] step 520 loss: 0.3060
[Epoch 175] step 530 loss: 0.3264
[Epoch 175] step 540 loss: 0.2656
[Epoch 175] step 550 loss: 0.3009
[Epoch 175] step 560 loss: 0.2727
[Epoch 175] step 570 loss: 0.2938
[Epoch 175] step 580 loss: 0.3165
[Epoch 175] step 590 loss: 0.2718
[Epoch 175] step 600 loss: 0.2865
[Epoch 175] step 610 loss: 0.2802
[Epoch 175] step 620 loss: 0.3152
[Epoch 175] step 630 loss: 0.2558
[Epoch 175] step 640 loss: 0.3426
[Epoch 175] step 650 loss: 0.2987
[Epoch 175] step 660 loss: 0.3508
[Epoch 175] step 670 loss: 0.3714
[Epoch 175] step 680 loss: 0.2215
[Epoch 175] step 690 loss: 0.3535
[Epoch 175] step 700 loss: 0.3332
[Epoch 175] step 710 loss: 0.2427
[Epoch 175] step 720 loss: 0.2987
[Epoch 175] step 730 loss: 0.3429
[Epoch 175] step 740 loss: 0.3625
[Epoch 175] step 750 loss: 0.2459
[Epoch 175] step 760 loss: 0.2945
[Epoch 175] step 770 loss: 0.2879
[Epoch 175] step 780 loss: 0.3157
[Epoch 175] step 790 loss: 0.2621
[Epoch 175] step 800 loss: 0.3309
[Epoch 175] step 810 loss: 0.3499
==== Epoch 175 avg loss: 0.2952 ====
[Epoch 176] step 0 loss: 0.2948
[Epoch 176] step 10 loss: 0.2818
[Epoch 176] step 20 loss: 0.2530
[Epoch 176] step 30 loss: 0.3171
[Epoch 176] step 40 loss: 0.2609
[Epoch 176] step 50 loss: 0.3011
[Epoch 176] step 60 loss: 0.2974
[Epoch 176] step 70 loss: 0.2255
[Epoch 176] step 80 loss: 0.3356
[Epoch 176] step 90 loss: 0.3100
[Epoch 176] step 100 loss: 0.2990
[Epoch 176] step 110 loss: 0.2754
[Epoch 176] step 120 loss: 0.2090
[Epoch 176] step 130 loss: 0.2972
[Epoch 176] step 140 loss: 0.3438
[Epoch 176] step 150 loss: 0.3276
[Epoch 176] step 160 loss: 0.3034
[Epoch 176] step 170 loss: 0.2831
[Epoch 176] step 180 loss: 0.2828
[Epoch 176] step 190 loss: 0.3019
[Epoch 176] step 200 loss: 0.2574
[Epoch 176] step 210 loss: 0.3087
[Epoch 176] step 220 loss: 0.2812
[Epoch 176] step 230 loss: 0.2725
[Epoch 176] step 240 loss: 0.3250
[Epoch 176] step 250 loss: 0.2868
[Epoch 176] step 260 loss: 0.2615
[Epoch 176] step 270 loss: 0.3024
[Epoch 176] step 280 loss: 0.3340
[Epoch 176] step 290 loss: 0.3110
[Epoch 176] step 300 loss: 0.3225
[Epoch 176] step 310 loss: 0.3205
[Epoch 176] step 320 loss: 0.2719
[Epoch 176] step 330 loss: 0.2955
[Epoch 176] step 340 loss: 0.3718
[Epoch 176] step 350 loss: 0.2942
[Epoch 176] step 360 loss: 0.2894
[Epoch 176] step 370 loss: 0.2815
[Epoch 176] step 380 loss: 0.2615
[Epoch 176] step 390 loss: 0.2723
[Epoch 176] step 400 loss: 0.2736
[Epoch 176] step 410 loss: 0.3142
[Epoch 176] step 420 loss: 0.3175
[Epoch 176] step 430 loss: 0.3234
[Epoch 176] step 440 loss: 0.3571
[Epoch 176] step 450 loss: 0.2405
[Epoch 176] step 460 loss: 0.3090
[Epoch 176] step 470 loss: 0.3372
[Epoch 176] step 480 loss: 0.2412
[Epoch 176] step 490 loss: 0.2346
[Epoch 176] step 500 loss: 0.3354
[Epoch 176] step 510 loss: 0.3227
[Epoch 176] step 520 loss: 0.2890
[Epoch 176] step 530 loss: 0.2671
[Epoch 176] step 540 loss: 0.2875
[Epoch 176] step 550 loss: 0.3222
[Epoch 176] step 560 loss: 0.2809
[Epoch 176] step 570 loss: 0.2542
[Epoch 176] step 580 loss: 0.3211
[Epoch 176] step 590 loss: 0.2417
[Epoch 176] step 600 loss: 0.2660
[Epoch 176] step 610 loss: 0.2954
[Epoch 176] step 620 loss: 0.3316
[Epoch 176] step 630 loss: 0.1947
[Epoch 176] step 640 loss: 0.2785
[Epoch 176] step 650 loss: 0.2926
[Epoch 176] step 660 loss: 0.2416
[Epoch 176] step 670 loss: 0.2936
[Epoch 176] step 680 loss: 0.3330
[Epoch 176] step 690 loss: 0.3048
[Epoch 176] step 700 loss: 0.3533
[Epoch 176] step 710 loss: 0.2395
[Epoch 176] step 720 loss: 0.2915
[Epoch 176] step 730 loss: 0.2376
[Epoch 176] step 740 loss: 0.2662
[Epoch 176] step 750 loss: 0.2852
[Epoch 176] step 760 loss: 0.3309
[Epoch 176] step 770 loss: 0.2470
[Epoch 176] step 780 loss: 0.3173
[Epoch 176] step 790 loss: 0.2460
[Epoch 176] step 800 loss: 0.2696
[Epoch 176] step 810 loss: 0.2924
==== Epoch 176 avg loss: 0.2854 ====
[Epoch 177] step 0 loss: 0.2237
[Epoch 177] step 10 loss: 0.2585
[Epoch 177] step 20 loss: 0.2945
[Epoch 177] step 30 loss: 0.2661
[Epoch 177] step 40 loss: 0.2178
[Epoch 177] step 50 loss: 0.3397
[Epoch 177] step 60 loss: 0.2112
[Epoch 177] step 70 loss: 0.3164
[Epoch 177] step 80 loss: 0.2845
[Epoch 177] step 90 loss: 0.2670
[Epoch 177] step 100 loss: 0.3074
[Epoch 177] step 110 loss: 0.2355
[Epoch 177] step 120 loss: 0.2701
[Epoch 177] step 130 loss: 0.3243
[Epoch 177] step 140 loss: 0.2523
[Epoch 177] step 150 loss: 0.2708
[Epoch 177] step 160 loss: 0.2828
[Epoch 177] step 170 loss: 0.2350
[Epoch 177] step 180 loss: 0.2350
[Epoch 177] step 190 loss: 0.2464
[Epoch 177] step 200 loss: 0.1959
[Epoch 177] step 210 loss: 0.2738
[Epoch 177] step 220 loss: 0.3006
[Epoch 177] step 230 loss: 0.2602
[Epoch 177] step 240 loss: 0.1960
[Epoch 177] step 250 loss: 0.3329
[Epoch 177] step 260 loss: 0.2577
[Epoch 177] step 270 loss: 0.3496
[Epoch 177] step 280 loss: 0.2630
[Epoch 177] step 290 loss: 0.2353
[Epoch 177] step 300 loss: 0.2948
[Epoch 177] step 310 loss: 0.2237
[Epoch 177] step 320 loss: 0.2922
[Epoch 177] step 330 loss: 0.2920
[Epoch 177] step 340 loss: 0.2468
[Epoch 177] step 350 loss: 0.3255
[Epoch 177] step 360 loss: 0.2886
[Epoch 177] step 370 loss: 0.2474
[Epoch 177] step 380 loss: 0.2654
[Epoch 177] step 390 loss: 0.2626
[Epoch 177] step 400 loss: 0.2619
[Epoch 177] step 410 loss: 0.2567
[Epoch 177] step 420 loss: 0.3063
[Epoch 177] step 430 loss: 0.2558
[Epoch 177] step 440 loss: 0.2563
[Epoch 177] step 450 loss: 0.2871
[Epoch 177] step 460 loss: 0.2304
[Epoch 177] step 470 loss: 0.3188
[Epoch 177] step 480 loss: 0.2790
[Epoch 177] step 490 loss: 0.2546
[Epoch 177] step 500 loss: 0.2894
[Epoch 177] step 510 loss: 0.2440
[Epoch 177] step 520 loss: 0.3038
[Epoch 177] step 530 loss: 0.2920
[Epoch 177] step 540 loss: 0.3807
[Epoch 177] step 550 loss: 0.2935
[Epoch 177] step 560 loss: 0.2922
[Epoch 177] step 570 loss: 0.2828
[Epoch 177] step 580 loss: 0.3140
[Epoch 177] step 590 loss: 0.2157
[Epoch 177] step 600 loss: 0.2814
[Epoch 177] step 610 loss: 0.1725
[Epoch 177] step 620 loss: 0.2792
[Epoch 177] step 630 loss: 0.2195
[Epoch 177] step 640 loss: 0.2257
[Epoch 177] step 650 loss: 0.3575
[Epoch 177] step 660 loss: 0.2063
[Epoch 177] step 670 loss: 0.2831
[Epoch 177] step 680 loss: 0.2694
[Epoch 177] step 690 loss: 0.2624
[Epoch 177] step 700 loss: 0.3027
[Epoch 177] step 710 loss: 0.3663
[Epoch 177] step 720 loss: 0.3120
[Epoch 177] step 730 loss: 0.2897
[Epoch 177] step 740 loss: 0.2682
[Epoch 177] step 750 loss: 0.2211
[Epoch 177] step 760 loss: 0.2384
[Epoch 177] step 770 loss: 0.2538
[Epoch 177] step 780 loss: 0.2808
[Epoch 177] step 790 loss: 0.2917
[Epoch 177] step 800 loss: 0.2115
[Epoch 177] step 810 loss: 0.2495
==== Epoch 177 avg loss: 0.2659 ====
[Epoch 178] step 0 loss: 0.2690
[Epoch 178] step 10 loss: 0.2260
[Epoch 178] step 20 loss: 0.3167
[Epoch 178] step 30 loss: 0.2509
[Epoch 178] step 40 loss: 0.2085
[Epoch 178] step 50 loss: 0.2039
[Epoch 178] step 60 loss: 0.2948
[Epoch 178] step 70 loss: 0.2975
[Epoch 178] step 80 loss: 0.2786
[Epoch 178] step 90 loss: 0.2929
[Epoch 178] step 100 loss: 0.2792
[Epoch 178] step 110 loss: 0.2525
[Epoch 178] step 120 loss: 0.2256
[Epoch 178] step 130 loss: 0.2727
[Epoch 178] step 140 loss: 0.2582
[Epoch 178] step 150 loss: 0.1570
[Epoch 178] step 160 loss: 0.2645
[Epoch 178] step 170 loss: 0.2188
[Epoch 178] step 180 loss: 0.2456
[Epoch 178] step 190 loss: 0.2513
[Epoch 178] step 200 loss: 0.2624
[Epoch 178] step 210 loss: 0.2777
[Epoch 178] step 220 loss: 0.2394
[Epoch 178] step 230 loss: 0.2462
[Epoch 178] step 240 loss: 0.2440
[Epoch 178] step 250 loss: 0.3256
[Epoch 178] step 260 loss: 0.2135
[Epoch 178] step 270 loss: 0.2809
[Epoch 178] step 280 loss: 0.2726
[Epoch 178] step 290 loss: 0.2929
[Epoch 178] step 300 loss: 0.2698
[Epoch 178] step 310 loss: 0.2777
[Epoch 178] step 320 loss: 0.2592
[Epoch 178] step 330 loss: 0.3330
[Epoch 178] step 340 loss: 0.2511
[Epoch 178] step 350 loss: 0.2383
[Epoch 178] step 360 loss: 0.2396
[Epoch 178] step 370 loss: 0.2399
[Epoch 178] step 380 loss: 0.3009
[Epoch 178] step 390 loss: 0.2374
[Epoch 178] step 400 loss: 0.3179
[Epoch 178] step 410 loss: 0.2396
[Epoch 178] step 420 loss: 0.2070
[Epoch 178] step 430 loss: 0.2633
[Epoch 178] step 440 loss: 0.3093
[Epoch 178] step 450 loss: 0.2379
[Epoch 178] step 460 loss: 0.1968
[Epoch 178] step 470 loss: 0.2933
[Epoch 178] step 480 loss: 0.2335
[Epoch 178] step 490 loss: 0.2679
[Epoch 178] step 500 loss: 0.2984
[Epoch 178] step 510 loss: 0.2610
[Epoch 178] step 520 loss: 0.2668
[Epoch 178] step 530 loss: 0.3055
[Epoch 178] step 540 loss: 0.2118
[Epoch 178] step 550 loss: 0.1746
[Epoch 178] step 560 loss: 0.3053
[Epoch 178] step 570 loss: 0.2901
[Epoch 178] step 580 loss: 0.2450
[Epoch 178] step 590 loss: 0.3305
[Epoch 178] step 600 loss: 0.2571
[Epoch 178] step 610 loss: 0.2943
[Epoch 178] step 620 loss: 0.2602
[Epoch 178] step 630 loss: 0.3026
[Epoch 178] step 640 loss: 0.2541
[Epoch 178] step 650 loss: 0.3312
[Epoch 178] step 660 loss: 0.3089
[Epoch 178] step 670 loss: 0.2703
[Epoch 178] step 680 loss: 0.3053
[Epoch 178] step 690 loss: 0.3405
[Epoch 178] step 700 loss: 0.2616
[Epoch 178] step 710 loss: 0.2832
[Epoch 178] step 720 loss: 0.2991
[Epoch 178] step 730 loss: 0.2873
[Epoch 178] step 740 loss: 0.2582
[Epoch 178] step 750 loss: 0.2144
[Epoch 178] step 760 loss: 0.3011
[Epoch 178] step 770 loss: 0.2367
[Epoch 178] step 780 loss: 0.2528
[Epoch 178] step 790 loss: 0.3056
[Epoch 178] step 800 loss: 0.2621
[Epoch 178] step 810 loss: 0.2729
==== Epoch 178 avg loss: 0.2656 ====
[Epoch 179] step 0 loss: 0.2648
[Epoch 179] step 10 loss: 0.2890
[Epoch 179] step 20 loss: 0.2714
[Epoch 179] step 30 loss: 0.2259
[Epoch 179] step 40 loss: 0.2272
[Epoch 179] step 50 loss: 0.3042
[Epoch 179] step 60 loss: 0.2708
[Epoch 179] step 70 loss: 0.2904
[Epoch 179] step 80 loss: 0.2766
[Epoch 179] step 90 loss: 0.2787
[Epoch 179] step 100 loss: 0.2747
[Epoch 179] step 110 loss: 0.1912
[Epoch 179] step 120 loss: 0.2879
[Epoch 179] step 130 loss: 0.2727
[Epoch 179] step 140 loss: 0.2457
[Epoch 179] step 150 loss: 0.2372
[Epoch 179] step 160 loss: 0.2129
[Epoch 179] step 170 loss: 0.2849
[Epoch 179] step 180 loss: 0.2112
[Epoch 179] step 190 loss: 0.2516
[Epoch 179] step 200 loss: 0.1885
[Epoch 179] step 210 loss: 0.2427
[Epoch 179] step 220 loss: 0.3007
[Epoch 179] step 230 loss: 0.1961
[Epoch 179] step 240 loss: 0.2944
[Epoch 179] step 250 loss: 0.2688
[Epoch 179] step 260 loss: 0.2429
[Epoch 179] step 270 loss: 0.2553
[Epoch 179] step 280 loss: 0.2838
[Epoch 179] step 290 loss: 0.3045
[Epoch 179] step 300 loss: 0.2521
[Epoch 179] step 310 loss: 0.2393
[Epoch 179] step 320 loss: 0.2452
[Epoch 179] step 330 loss: 0.2978
[Epoch 179] step 340 loss: 0.2468
[Epoch 179] step 350 loss: 0.2215
[Epoch 179] step 360 loss: 0.2333
[Epoch 179] step 370 loss: 0.1775
[Epoch 179] step 380 loss: 0.2800
[Epoch 179] step 390 loss: 0.2974
[Epoch 179] step 400 loss: 0.2841
[Epoch 179] step 410 loss: 0.2437
[Epoch 179] step 420 loss: 0.2751
[Epoch 179] step 430 loss: 0.2716
[Epoch 179] step 440 loss: 0.2874
[Epoch 179] step 450 loss: 0.2548
[Epoch 179] step 460 loss: 0.2535
[Epoch 179] step 470 loss: 0.2109
[Epoch 179] step 480 loss: 0.2465
[Epoch 179] step 490 loss: 0.2633
[Epoch 179] step 500 loss: 0.2482
[Epoch 179] step 510 loss: 0.2639
[Epoch 179] step 520 loss: 0.3144
[Epoch 179] step 530 loss: 0.2879
[Epoch 179] step 540 loss: 0.2496
[Epoch 179] step 550 loss: 0.2086
[Epoch 179] step 560 loss: 0.2414
[Epoch 179] step 570 loss: 0.2457
[Epoch 179] step 580 loss: 0.2759
[Epoch 179] step 590 loss: 0.2994
[Epoch 179] step 600 loss: 0.2668
[Epoch 179] step 610 loss: 0.3406
[Epoch 179] step 620 loss: 0.2833
[Epoch 179] step 630 loss: 0.2869
[Epoch 179] step 640 loss: 0.2499
[Epoch 179] step 650 loss: 0.3519
[Epoch 179] step 660 loss: 0.2558
[Epoch 179] step 670 loss: 0.2751
[Epoch 179] step 680 loss: 0.3487
[Epoch 179] step 690 loss: 0.2876
[Epoch 179] step 700 loss: 0.3242
[Epoch 179] step 710 loss: 0.2987
[Epoch 179] step 720 loss: 0.2646
[Epoch 179] step 730 loss: 0.2063
[Epoch 179] step 740 loss: 0.2654
[Epoch 179] step 750 loss: 0.2817
[Epoch 179] step 760 loss: 0.2736
[Epoch 179] step 770 loss: 0.3274
[Epoch 179] step 780 loss: 0.3378
[Epoch 179] step 790 loss: 0.2741
[Epoch 179] step 800 loss: 0.2646
[Epoch 179] step 810 loss: 0.3494
==== Epoch 179 avg loss: 0.2679 ====
[Epoch 180] step 0 loss: 0.3278
[Epoch 180] step 10 loss: 0.2332
[Epoch 180] step 20 loss: 0.2541
[Epoch 180] step 30 loss: 0.2597
[Epoch 180] step 40 loss: 0.2471
[Epoch 180] step 50 loss: 0.2283
[Epoch 180] step 60 loss: 0.2545
[Epoch 180] step 70 loss: 0.2781
[Epoch 180] step 80 loss: 0.2055
[Epoch 180] step 90 loss: 0.3142
[Epoch 180] step 100 loss: 0.3906
[Epoch 180] step 110 loss: 0.2911
[Epoch 180] step 120 loss: 0.2949
[Epoch 180] step 130 loss: 0.2630
[Epoch 180] step 140 loss: 0.2695
[Epoch 180] step 150 loss: 0.2614
[Epoch 180] step 160 loss: 0.3359
[Epoch 180] step 170 loss: 0.2715
[Epoch 180] step 180 loss: 0.2703
[Epoch 180] step 190 loss: 0.2265
[Epoch 180] step 200 loss: 0.3056
[Epoch 180] step 210 loss: 0.2843
[Epoch 180] step 220 loss: 0.2345
[Epoch 180] step 230 loss: 0.2391
[Epoch 180] step 240 loss: 0.2208
[Epoch 180] step 250 loss: 0.2875
[Epoch 180] step 260 loss: 0.3342
[Epoch 180] step 270 loss: 0.2950
[Epoch 180] step 280 loss: 0.2277
[Epoch 180] step 290 loss: 0.2743
[Epoch 180] step 300 loss: 0.2556
[Epoch 180] step 310 loss: 0.2503
[Epoch 180] step 320 loss: 0.2546
[Epoch 180] step 330 loss: 0.2600
[Epoch 180] step 340 loss: 0.2335
[Epoch 180] step 350 loss: 0.2680
[Epoch 180] step 360 loss: 0.2449
[Epoch 180] step 370 loss: 0.3034
[Epoch 180] step 380 loss: 0.2286
[Epoch 180] step 390 loss: 0.2814
[Epoch 180] step 400 loss: 0.2791
[Epoch 180] step 410 loss: 0.2722
[Epoch 180] step 420 loss: 0.2896
[Epoch 180] step 430 loss: 0.3313
[Epoch 180] step 440 loss: 0.2514
[Epoch 180] step 450 loss: 0.2692
[Epoch 180] step 460 loss: 0.2380
[Epoch 180] step 470 loss: 0.2253
[Epoch 180] step 480 loss: 0.3411
[Epoch 180] step 490 loss: 0.2553
[Epoch 180] step 500 loss: 0.2638
[Epoch 180] step 510 loss: 0.3122
[Epoch 180] step 520 loss: 0.2824
[Epoch 180] step 530 loss: 0.2842
[Epoch 180] step 540 loss: 0.2781
[Epoch 180] step 550 loss: 0.3340
[Epoch 180] step 560 loss: 0.3436
[Epoch 180] step 570 loss: 0.2086
[Epoch 180] step 580 loss: 0.2542
[Epoch 180] step 590 loss: 0.2646
[Epoch 180] step 600 loss: 0.2465
[Epoch 180] step 610 loss: 0.3385
[Epoch 180] step 620 loss: 0.2218
[Epoch 180] step 630 loss: 0.3540
[Epoch 180] step 640 loss: 0.2540
[Epoch 180] step 650 loss: 0.2403
[Epoch 180] step 660 loss: 0.2350
[Epoch 180] step 670 loss: 0.3136
[Epoch 180] step 680 loss: 0.2284
[Epoch 180] step 690 loss: 0.2850
[Epoch 180] step 700 loss: 0.2749
[Epoch 180] step 710 loss: 0.2611
[Epoch 180] step 720 loss: 0.2176
[Epoch 180] step 730 loss: 0.3525
[Epoch 180] step 740 loss: 0.2763
[Epoch 180] step 750 loss: 0.2753
[Epoch 180] step 760 loss: 0.3118
[Epoch 180] step 770 loss: 0.2549
[Epoch 180] step 780 loss: 0.2651
[Epoch 180] step 790 loss: 0.2802
[Epoch 180] step 800 loss: 0.2545
[Epoch 180] step 810 loss: 0.2597
==== Epoch 180 avg loss: 0.2714 ====
[Epoch 181] step 0 loss: 0.1824
[Epoch 181] step 10 loss: 0.2779
[Epoch 181] step 20 loss: 0.2752
[Epoch 181] step 30 loss: 0.2201
[Epoch 181] step 40 loss: 0.2514
[Epoch 181] step 50 loss: 0.2190
[Epoch 181] step 60 loss: 0.2668
[Epoch 181] step 70 loss: 0.2174
[Epoch 181] step 80 loss: 0.2821
[Epoch 181] step 90 loss: 0.2242
[Epoch 181] step 100 loss: 0.2626
[Epoch 181] step 110 loss: 0.2358
[Epoch 181] step 120 loss: 0.2886
[Epoch 181] step 130 loss: 0.1989
[Epoch 181] step 140 loss: 0.2788
[Epoch 181] step 150 loss: 0.2603
[Epoch 181] step 160 loss: 0.2523
[Epoch 181] step 170 loss: 0.1707
[Epoch 181] step 180 loss: 0.2378
[Epoch 181] step 190 loss: 0.2830
[Epoch 181] step 200 loss: 0.2605
[Epoch 181] step 210 loss: 0.3079
[Epoch 181] step 220 loss: 0.2867
[Epoch 181] step 230 loss: 0.3027
[Epoch 181] step 240 loss: 0.2933
[Epoch 181] step 250 loss: 0.2218
[Epoch 181] step 260 loss: 0.2261
[Epoch 181] step 270 loss: 0.2494
[Epoch 181] step 280 loss: 0.2485
[Epoch 181] step 290 loss: 0.2959
[Epoch 181] step 300 loss: 0.2562
[Epoch 181] step 310 loss: 0.2620
[Epoch 181] step 320 loss: 0.2288
[Epoch 181] step 330 loss: 0.2790
[Epoch 181] step 340 loss: 0.2301
[Epoch 181] step 350 loss: 0.2610
[Epoch 181] step 360 loss: 0.3113
[Epoch 181] step 370 loss: 0.3070
[Epoch 181] step 380 loss: 0.2737
[Epoch 181] step 390 loss: 0.2330
[Epoch 181] step 400 loss: 0.2708
[Epoch 181] step 410 loss: 0.2338
[Epoch 181] step 420 loss: 0.2863
[Epoch 181] step 430 loss: 0.2016
[Epoch 181] step 440 loss: 0.2505
[Epoch 181] step 450 loss: 0.2355
[Epoch 181] step 460 loss: 0.3172
[Epoch 181] step 470 loss: 0.2296
[Epoch 181] step 480 loss: 0.2255
[Epoch 181] step 490 loss: 0.2584
[Epoch 181] step 500 loss: 0.3221
[Epoch 181] step 510 loss: 0.3091
[Epoch 181] step 520 loss: 0.3036
[Epoch 181] step 530 loss: 0.3030
[Epoch 181] step 540 loss: 0.2631
[Epoch 181] step 550 loss: 0.2369
[Epoch 181] step 560 loss: 0.2339
[Epoch 181] step 570 loss: 0.2624
[Epoch 181] step 580 loss: 0.3037
[Epoch 181] step 590 loss: 0.2738
[Epoch 181] step 600 loss: 0.2986
[Epoch 181] step 610 loss: 0.2550
[Epoch 181] step 620 loss: 0.2011
[Epoch 181] step 630 loss: 0.2157
[Epoch 181] step 640 loss: 0.3174
[Epoch 181] step 650 loss: 0.3032
[Epoch 181] step 660 loss: 0.2982
[Epoch 181] step 670 loss: 0.2943
[Epoch 181] step 680 loss: 0.2749
[Epoch 181] step 690 loss: 0.3025
[Epoch 181] step 700 loss: 0.2766
[Epoch 181] step 710 loss: 0.2505
[Epoch 181] step 720 loss: 0.2855
[Epoch 181] step 730 loss: 0.2271
[Epoch 181] step 740 loss: 0.2460
[Epoch 181] step 750 loss: 0.3070
[Epoch 181] step 760 loss: 0.2119
[Epoch 181] step 770 loss: 0.2684
[Epoch 181] step 780 loss: 0.2734
[Epoch 181] step 790 loss: 0.2864
[Epoch 181] step 800 loss: 0.2660
[Epoch 181] step 810 loss: 0.2589
==== Epoch 181 avg loss: 0.2621 ====
[Epoch 182] step 0 loss: 0.1449
[Epoch 182] step 10 loss: 0.2649
[Epoch 182] step 20 loss: 0.2547
[Epoch 182] step 30 loss: 0.2598
[Epoch 182] step 40 loss: 0.2553
[Epoch 182] step 50 loss: 0.2854
[Epoch 182] step 60 loss: 0.2234
[Epoch 182] step 70 loss: 0.2093
[Epoch 182] step 80 loss: 0.2428
[Epoch 182] step 90 loss: 0.3106
[Epoch 182] step 100 loss: 0.2456
[Epoch 182] step 110 loss: 0.2449
[Epoch 182] step 120 loss: 0.2571
[Epoch 182] step 130 loss: 0.2734
[Epoch 182] step 140 loss: 0.2708
[Epoch 182] step 150 loss: 0.2205
[Epoch 182] step 160 loss: 0.2088
[Epoch 182] step 170 loss: 0.2143
[Epoch 182] step 180 loss: 0.2079
[Epoch 182] step 190 loss: 0.2516
[Epoch 182] step 200 loss: 0.2923
[Epoch 182] step 210 loss: 0.2559
[Epoch 182] step 220 loss: 0.2525
[Epoch 182] step 230 loss: 0.2099
[Epoch 182] step 240 loss: 0.1871
[Epoch 182] step 250 loss: 0.2521
[Epoch 182] step 260 loss: 0.2674
[Epoch 182] step 270 loss: 0.2007
[Epoch 182] step 280 loss: 0.2153
[Epoch 182] step 290 loss: 0.2776
[Epoch 182] step 300 loss: 0.2207
[Epoch 182] step 310 loss: 0.2446
[Epoch 182] step 320 loss: 0.2674
[Epoch 182] step 330 loss: 0.2259
[Epoch 182] step 340 loss: 0.2523
[Epoch 182] step 350 loss: 0.3091
[Epoch 182] step 360 loss: 0.2591
[Epoch 182] step 370 loss: 0.2763
[Epoch 182] step 380 loss: 0.2438
[Epoch 182] step 390 loss: 0.2877
[Epoch 182] step 400 loss: 0.2597
[Epoch 182] step 410 loss: 0.2083
[Epoch 182] step 420 loss: 0.2558
[Epoch 182] step 430 loss: 0.2202
[Epoch 182] step 440 loss: 0.2303
[Epoch 182] step 450 loss: 0.2503
[Epoch 182] step 460 loss: 0.2745
[Epoch 182] step 470 loss: 0.1925
[Epoch 182] step 480 loss: 0.2016
[Epoch 182] step 490 loss: 0.2453
[Epoch 182] step 500 loss: 0.2193
[Epoch 182] step 510 loss: 0.2724
[Epoch 182] step 520 loss: 0.2281
[Epoch 182] step 530 loss: 0.2081
[Epoch 182] step 540 loss: 0.2250
[Epoch 182] step 550 loss: 0.1946
[Epoch 182] step 560 loss: 0.3009
[Epoch 182] step 570 loss: 0.2597
[Epoch 182] step 580 loss: 0.2318
[Epoch 182] step 590 loss: 0.2729
[Epoch 182] step 600 loss: 0.2670
[Epoch 182] step 610 loss: 0.2237
[Epoch 182] step 620 loss: 0.2832
[Epoch 182] step 630 loss: 0.2180
[Epoch 182] step 640 loss: 0.3122
[Epoch 182] step 650 loss: 0.2443
[Epoch 182] step 660 loss: 0.2603
[Epoch 182] step 670 loss: 0.2125
[Epoch 182] step 680 loss: 0.2897
[Epoch 182] step 690 loss: 0.2370
[Epoch 182] step 700 loss: 0.3344
[Epoch 182] step 710 loss: 0.2795
[Epoch 182] step 720 loss: 0.3248
[Epoch 182] step 730 loss: 0.2891
[Epoch 182] step 740 loss: 0.3134
[Epoch 182] step 750 loss: 0.2492
[Epoch 182] step 760 loss: 0.2109
[Epoch 182] step 770 loss: 0.2504
[Epoch 182] step 780 loss: 0.2408
[Epoch 182] step 790 loss: 0.2504
[Epoch 182] step 800 loss: 0.2364
[Epoch 182] step 810 loss: 0.2199
==== Epoch 182 avg loss: 0.2497 ====
[Epoch 183] step 0 loss: 0.2286
[Epoch 183] step 10 loss: 0.2978
[Epoch 183] step 20 loss: 0.2077
[Epoch 183] step 30 loss: 0.2466
[Epoch 183] step 40 loss: 0.2373
[Epoch 183] step 50 loss: 0.2534
[Epoch 183] step 60 loss: 0.2296
[Epoch 183] step 70 loss: 0.2838
[Epoch 183] step 80 loss: 0.2311
[Epoch 183] step 90 loss: 0.2864
[Epoch 183] step 100 loss: 0.2287
[Epoch 183] step 110 loss: 0.2750
[Epoch 183] step 120 loss: 0.2473
[Epoch 183] step 130 loss: 0.2622
[Epoch 183] step 140 loss: 0.2293
[Epoch 183] step 150 loss: 0.2423
[Epoch 183] step 160 loss: 0.2883
[Epoch 183] step 170 loss: 0.2423
[Epoch 183] step 180 loss: 0.1756
[Epoch 183] step 190 loss: 0.3324
[Epoch 183] step 200 loss: 0.2818
[Epoch 183] step 210 loss: 0.2733
[Epoch 183] step 220 loss: 0.2174
[Epoch 183] step 230 loss: 0.2687
[Epoch 183] step 240 loss: 0.2426
[Epoch 183] step 250 loss: 0.2910
[Epoch 183] step 260 loss: 0.2988
[Epoch 183] step 270 loss: 0.2926
[Epoch 183] step 280 loss: 0.3401
[Epoch 183] step 290 loss: 0.2173
[Epoch 183] step 300 loss: 0.2155
[Epoch 183] step 310 loss: 0.2610
[Epoch 183] step 320 loss: 0.2553
[Epoch 183] step 330 loss: 0.1996
[Epoch 183] step 340 loss: 0.2562
[Epoch 183] step 350 loss: 0.3182
[Epoch 183] step 360 loss: 0.2436
[Epoch 183] step 370 loss: 0.2999
[Epoch 183] step 380 loss: 0.2423
[Epoch 183] step 390 loss: 0.2438
[Epoch 183] step 400 loss: 0.2145
[Epoch 183] step 410 loss: 0.2754
[Epoch 183] step 420 loss: 0.2622
[Epoch 183] step 430 loss: 0.3137
[Epoch 183] step 440 loss: 0.2742
[Epoch 183] step 450 loss: 0.2588
[Epoch 183] step 460 loss: 0.2434
[Epoch 183] step 470 loss: 0.2453
[Epoch 183] step 480 loss: 0.1891
[Epoch 183] step 490 loss: 0.2370
[Epoch 183] step 500 loss: 0.2016
[Epoch 183] step 510 loss: 0.2857
[Epoch 183] step 520 loss: 0.2356
[Epoch 183] step 530 loss: 0.3297
[Epoch 183] step 540 loss: 0.2916
[Epoch 183] step 550 loss: 0.2853
[Epoch 183] step 560 loss: 0.2422
[Epoch 183] step 570 loss: 0.3061
[Epoch 183] step 580 loss: 0.2170
[Epoch 183] step 590 loss: 0.3219
[Epoch 183] step 600 loss: 0.2117
[Epoch 183] step 610 loss: 0.2687
[Epoch 183] step 620 loss: 0.2037
[Epoch 183] step 630 loss: 0.2421
[Epoch 183] step 640 loss: 0.2747
[Epoch 183] step 650 loss: 0.2470
[Epoch 183] step 660 loss: 0.2726
[Epoch 183] step 670 loss: 0.2616
[Epoch 183] step 680 loss: 0.2406
[Epoch 183] step 690 loss: 0.2274
[Epoch 183] step 700 loss: 0.3442
[Epoch 183] step 710 loss: 0.2947
[Epoch 183] step 720 loss: 0.1985
[Epoch 183] step 730 loss: 0.2176
[Epoch 183] step 740 loss: 0.2571
[Epoch 183] step 750 loss: 0.2832
[Epoch 183] step 760 loss: 0.2741
[Epoch 183] step 770 loss: 0.2715
[Epoch 183] step 780 loss: 0.2630
[Epoch 183] step 790 loss: 0.2147
[Epoch 183] step 800 loss: 0.2188
[Epoch 183] step 810 loss: 0.2980
==== Epoch 183 avg loss: 0.2544 ====
[Epoch 184] step 0 loss: 0.2699
[Epoch 184] step 10 loss: 0.2206
[Epoch 184] step 20 loss: 0.1815
[Epoch 184] step 30 loss: 0.2299
[Epoch 184] step 40 loss: 0.2539
[Epoch 184] step 50 loss: 0.2559
[Epoch 184] step 60 loss: 0.2493
[Epoch 184] step 70 loss: 0.2526
[Epoch 184] step 80 loss: 0.2701
[Epoch 184] step 90 loss: 0.2455
[Epoch 184] step 100 loss: 0.2577
[Epoch 184] step 110 loss: 0.1902
[Epoch 184] step 120 loss: 0.2635
[Epoch 184] step 130 loss: 0.2777
[Epoch 184] step 140 loss: 0.2098
[Epoch 184] step 150 loss: 0.2652
[Epoch 184] step 160 loss: 0.3122
[Epoch 184] step 170 loss: 0.2938
[Epoch 184] step 180 loss: 0.2664
[Epoch 184] step 190 loss: 0.2587
[Epoch 184] step 200 loss: 0.2623
[Epoch 184] step 210 loss: 0.2457
[Epoch 184] step 220 loss: 0.2364
[Epoch 184] step 230 loss: 0.2291
[Epoch 184] step 240 loss: 0.2129
[Epoch 184] step 250 loss: 0.2464
[Epoch 184] step 260 loss: 0.3003
[Epoch 184] step 270 loss: 0.2719
[Epoch 184] step 280 loss: 0.2880
[Epoch 184] step 290 loss: 0.2740
[Epoch 184] step 300 loss: 0.1992
[Epoch 184] step 310 loss: 0.2251
[Epoch 184] step 320 loss: 0.2456
[Epoch 184] step 330 loss: 0.2380
[Epoch 184] step 340 loss: 0.1876
[Epoch 184] step 350 loss: 0.1711
[Epoch 184] step 360 loss: 0.2897
[Epoch 184] step 370 loss: 0.2111
[Epoch 184] step 380 loss: 0.2468
[Epoch 184] step 390 loss: 0.2856
[Epoch 184] step 400 loss: 0.2890
[Epoch 184] step 410 loss: 0.2488
[Epoch 184] step 420 loss: 0.2416
[Epoch 184] step 430 loss: 0.2904
[Epoch 184] step 440 loss: 0.3467
[Epoch 184] step 450 loss: 0.2740
[Epoch 184] step 460 loss: 0.2252
[Epoch 184] step 470 loss: 0.3005
[Epoch 184] step 480 loss: 0.2550
[Epoch 184] step 490 loss: 0.2819
[Epoch 184] step 500 loss: 0.2685
[Epoch 184] step 510 loss: 0.1976
[Epoch 184] step 520 loss: 0.2394
[Epoch 184] step 530 loss: 0.2151
[Epoch 184] step 540 loss: 0.2909
[Epoch 184] step 550 loss: 0.2617
[Epoch 184] step 560 loss: 0.2564
[Epoch 184] step 570 loss: 0.2386
[Epoch 184] step 580 loss: 0.2777
[Epoch 184] step 590 loss: 0.2273
[Epoch 184] step 600 loss: 0.2583
[Epoch 184] step 610 loss: 0.2064
[Epoch 184] step 620 loss: 0.2469
[Epoch 184] step 630 loss: 0.2165
[Epoch 184] step 640 loss: 0.2349
[Epoch 184] step 650 loss: 0.2603
[Epoch 184] step 660 loss: 0.2248
[Epoch 184] step 670 loss: 0.1878
[Epoch 184] step 680 loss: 0.1486
[Epoch 184] step 690 loss: 0.2598
[Epoch 184] step 700 loss: 0.2439
[Epoch 184] step 710 loss: 0.2631
[Epoch 184] step 720 loss: 0.2111
[Epoch 184] step 730 loss: 0.2543
[Epoch 184] step 740 loss: 0.2797
[Epoch 184] step 750 loss: 0.2259
[Epoch 184] step 760 loss: 0.2206
[Epoch 184] step 770 loss: 0.2730
[Epoch 184] step 780 loss: 0.2829
[Epoch 184] step 790 loss: 0.3268
[Epoch 184] step 800 loss: 0.2976
[Epoch 184] step 810 loss: 0.2654
==== Epoch 184 avg loss: 0.2460 ====
[Epoch 185] step 0 loss: 0.2431
[Epoch 185] step 10 loss: 0.2589
[Epoch 185] step 20 loss: 0.1546
[Epoch 185] step 30 loss: 0.3455
[Epoch 185] step 40 loss: 0.1824
[Epoch 185] step 50 loss: 0.2441
[Epoch 185] step 60 loss: 0.2431
[Epoch 185] step 70 loss: 0.3029
[Epoch 185] step 80 loss: 0.2272
[Epoch 185] step 90 loss: 0.2720
[Epoch 185] step 100 loss: 0.2846
[Epoch 185] step 110 loss: 0.2157
[Epoch 185] step 120 loss: 0.2194
[Epoch 185] step 130 loss: 0.2337
[Epoch 185] step 140 loss: 0.2217
[Epoch 185] step 150 loss: 0.1982
[Epoch 185] step 160 loss: 0.2062
[Epoch 185] step 170 loss: 0.2629
[Epoch 185] step 180 loss: 0.2289
[Epoch 185] step 190 loss: 0.2442
[Epoch 185] step 200 loss: 0.2221
[Epoch 185] step 210 loss: 0.2288
[Epoch 185] step 220 loss: 0.2601
[Epoch 185] step 230 loss: 0.1949
[Epoch 185] step 240 loss: 0.2922
[Epoch 185] step 250 loss: 0.2470
[Epoch 185] step 260 loss: 0.2381
[Epoch 185] step 270 loss: 0.2575
[Epoch 185] step 280 loss: 0.2491
[Epoch 185] step 290 loss: 0.2329
[Epoch 185] step 300 loss: 0.2720
[Epoch 185] step 310 loss: 0.2361
[Epoch 185] step 320 loss: 0.2834
[Epoch 185] step 330 loss: 0.2689
[Epoch 185] step 340 loss: 0.2758
[Epoch 185] step 350 loss: 0.2759
[Epoch 185] step 360 loss: 0.2738
[Epoch 185] step 370 loss: 0.2648
[Epoch 185] step 380 loss: 0.2010
[Epoch 185] step 390 loss: 0.1889
[Epoch 185] step 400 loss: 0.1878
[Epoch 185] step 410 loss: 0.2087
[Epoch 185] step 420 loss: 0.2492
[Epoch 185] step 430 loss: 0.2146
[Epoch 185] step 440 loss: 0.2100
[Epoch 185] step 450 loss: 0.2400
[Epoch 185] step 460 loss: 0.2949
[Epoch 185] step 470 loss: 0.2463
[Epoch 185] step 480 loss: 0.2642
[Epoch 185] step 490 loss: 0.2644
[Epoch 185] step 500 loss: 0.2172
[Epoch 185] step 510 loss: 0.2229
[Epoch 185] step 520 loss: 0.2614
[Epoch 185] step 530 loss: 0.2466
[Epoch 185] step 540 loss: 0.2191
[Epoch 185] step 550 loss: 0.2352
[Epoch 185] step 560 loss: 0.2780
[Epoch 185] step 570 loss: 0.2809
[Epoch 185] step 580 loss: 0.2536
[Epoch 185] step 590 loss: 0.2411
[Epoch 185] step 600 loss: 0.2306
[Epoch 185] step 610 loss: 0.2574
[Epoch 185] step 620 loss: 0.3447
[Epoch 185] step 630 loss: 0.2432
[Epoch 185] step 640 loss: 0.2240
[Epoch 185] step 650 loss: 0.1935
[Epoch 185] step 660 loss: 0.2088
[Epoch 185] step 670 loss: 0.2495
[Epoch 185] step 680 loss: 0.2132
[Epoch 185] step 690 loss: 0.2877
[Epoch 185] step 700 loss: 0.2720
[Epoch 185] step 710 loss: 0.1939
[Epoch 185] step 720 loss: 0.2622
[Epoch 185] step 730 loss: 0.1842
[Epoch 185] step 740 loss: 0.2298
[Epoch 185] step 750 loss: 0.3010
[Epoch 185] step 760 loss: 0.3492
[Epoch 185] step 770 loss: 0.2311
[Epoch 185] step 780 loss: 0.2225
[Epoch 185] step 790 loss: 0.2578
[Epoch 185] step 800 loss: 0.2121
[Epoch 185] step 810 loss: 0.2694
==== Epoch 185 avg loss: 0.2421 ====
[Epoch 186] step 0 loss: 0.1944
[Epoch 186] step 10 loss: 0.2201
[Epoch 186] step 20 loss: 0.2480
[Epoch 186] step 30 loss: 0.2080
[Epoch 186] step 40 loss: 0.1976
[Epoch 186] step 50 loss: 0.2119
[Epoch 186] step 60 loss: 0.2181
[Epoch 186] step 70 loss: 0.2819
[Epoch 186] step 80 loss: 0.1778
[Epoch 186] step 90 loss: 0.2226
[Epoch 186] step 100 loss: 0.2167
[Epoch 186] step 110 loss: 0.2283
[Epoch 186] step 120 loss: 0.2353
[Epoch 186] step 130 loss: 0.2270
[Epoch 186] step 140 loss: 0.2903
[Epoch 186] step 150 loss: 0.2297
[Epoch 186] step 160 loss: 0.2509
[Epoch 186] step 170 loss: 0.2336
[Epoch 186] step 180 loss: 0.2138
[Epoch 186] step 190 loss: 0.2115
[Epoch 186] step 200 loss: 0.1760
[Epoch 186] step 210 loss: 0.2062
[Epoch 186] step 220 loss: 0.2655
[Epoch 186] step 230 loss: 0.1752
[Epoch 186] step 240 loss: 0.2327
[Epoch 186] step 250 loss: 0.2367
[Epoch 186] step 260 loss: 0.1987
[Epoch 186] step 270 loss: 0.2123
[Epoch 186] step 280 loss: 0.1890
[Epoch 186] step 290 loss: 0.2727
[Epoch 186] step 300 loss: 0.2226
[Epoch 186] step 310 loss: 0.3215
[Epoch 186] step 320 loss: 0.2595
[Epoch 186] step 330 loss: 0.2259
[Epoch 186] step 340 loss: 0.2248
[Epoch 186] step 350 loss: 0.3191
[Epoch 186] step 360 loss: 0.2642
[Epoch 186] step 370 loss: 0.2136
[Epoch 186] step 380 loss: 0.1954
[Epoch 186] step 390 loss: 0.2441
[Epoch 186] step 400 loss: 0.2275
[Epoch 186] step 410 loss: 0.2288
[Epoch 186] step 420 loss: 0.2101
[Epoch 186] step 430 loss: 0.2249
[Epoch 186] step 440 loss: 0.2256
[Epoch 186] step 450 loss: 0.2574
[Epoch 186] step 460 loss: 0.1786
[Epoch 186] step 470 loss: 0.1678
[Epoch 186] step 480 loss: 0.1966
[Epoch 186] step 490 loss: 0.1835
[Epoch 186] step 500 loss: 0.2701
[Epoch 186] step 510 loss: 0.2558
[Epoch 186] step 520 loss: 0.2969
[Epoch 186] step 530 loss: 0.2191
[Epoch 186] step 540 loss: 0.2725
[Epoch 186] step 550 loss: 0.2389
[Epoch 186] step 560 loss: 0.1597
[Epoch 186] step 570 loss: 0.2431
[Epoch 186] step 580 loss: 0.2218
[Epoch 186] step 590 loss: 0.1759
[Epoch 186] step 600 loss: 0.1958
[Epoch 186] step 610 loss: 0.1750
[Epoch 186] step 620 loss: 0.2793
[Epoch 186] step 630 loss: 0.2268
[Epoch 186] step 640 loss: 0.1794
[Epoch 186] step 650 loss: 0.2147
[Epoch 186] step 660 loss: 0.1949
[Epoch 186] step 670 loss: 0.2875
[Epoch 186] step 680 loss: 0.2486
[Epoch 186] step 690 loss: 0.2023
[Epoch 186] step 700 loss: 0.2389
[Epoch 186] step 710 loss: 0.2278
[Epoch 186] step 720 loss: 0.2020
[Epoch 186] step 730 loss: 0.1572
[Epoch 186] step 740 loss: 0.2228
[Epoch 186] step 750 loss: 0.2001
[Epoch 186] step 760 loss: 0.2566
[Epoch 186] step 770 loss: 0.2111
[Epoch 186] step 780 loss: 0.2608
[Epoch 186] step 790 loss: 0.2528
[Epoch 186] step 800 loss: 0.2468
[Epoch 186] step 810 loss: 0.2492
==== Epoch 186 avg loss: 0.2372 ====
[Epoch 187] step 0 loss: 0.1941
[Epoch 187] step 10 loss: 0.2486
[Epoch 187] step 20 loss: 0.2536
[Epoch 187] step 30 loss: 0.2760
[Epoch 187] step 40 loss: 0.1798
[Epoch 187] step 50 loss: 0.2402
[Epoch 187] step 60 loss: 0.2284
[Epoch 187] step 70 loss: 0.2019
[Epoch 187] step 80 loss: 0.2314
[Epoch 187] step 90 loss: 0.2375
[Epoch 187] step 100 loss: 0.2611
[Epoch 187] step 110 loss: 0.2130
[Epoch 187] step 120 loss: 0.2463
[Epoch 187] step 130 loss: 0.2129
[Epoch 187] step 140 loss: 0.1942
[Epoch 187] step 150 loss: 0.2547
[Epoch 187] step 160 loss: 0.2630
[Epoch 187] step 170 loss: 0.2207
[Epoch 187] step 180 loss: 0.3178
[Epoch 187] step 190 loss: 0.1847
[Epoch 187] step 200 loss: 0.2223
[Epoch 187] step 210 loss: 0.2807
[Epoch 187] step 220 loss: 0.2101
[Epoch 187] step 230 loss: 0.1980
[Epoch 187] step 240 loss: 0.2826
[Epoch 187] step 250 loss: 0.2267
[Epoch 187] step 260 loss: 0.2252
[Epoch 187] step 270 loss: 0.2510
[Epoch 187] step 280 loss: 0.2671
[Epoch 187] step 290 loss: 0.2305
[Epoch 187] step 300 loss: 0.2666
[Epoch 187] step 310 loss: 0.2236
[Epoch 187] step 320 loss: 0.1875
[Epoch 187] step 330 loss: 0.2140
[Epoch 187] step 340 loss: 0.2829
[Epoch 187] step 350 loss: 0.2643
[Epoch 187] step 360 loss: 0.2502
[Epoch 187] step 370 loss: 0.2698
[Epoch 187] step 380 loss: 0.2250
[Epoch 187] step 390 loss: 0.2248
[Epoch 187] step 400 loss: 0.2620
[Epoch 187] step 410 loss: 0.2513
[Epoch 187] step 420 loss: 0.2196
[Epoch 187] step 430 loss: 0.2068
[Epoch 187] step 440 loss: 0.2749
[Epoch 187] step 450 loss: 0.3139
[Epoch 187] step 460 loss: 0.2051
[Epoch 187] step 470 loss: 0.2785
[Epoch 187] step 480 loss: 0.2664
[Epoch 187] step 490 loss: 0.3040
[Epoch 187] step 500 loss: 0.2735
[Epoch 187] step 510 loss: 0.2078
[Epoch 187] step 520 loss: 0.3304
[Epoch 187] step 530 loss: 0.2605
[Epoch 187] step 540 loss: 0.2830
[Epoch 187] step 550 loss: 0.3024
[Epoch 187] step 560 loss: 0.2005
[Epoch 187] step 570 loss: 0.2630
[Epoch 187] step 580 loss: 0.3279
[Epoch 187] step 590 loss: 0.2079
[Epoch 187] step 600 loss: 0.2423
[Epoch 187] step 610 loss: 0.3156
[Epoch 187] step 620 loss: 0.2667
[Epoch 187] step 630 loss: 0.2122
[Epoch 187] step 640 loss: 0.3337
[Epoch 187] step 650 loss: 0.2066
[Epoch 187] step 660 loss: 0.2954
[Epoch 187] step 670 loss: 0.2918
[Epoch 187] step 680 loss: 0.2663
[Epoch 187] step 690 loss: 0.3038
[Epoch 187] step 700 loss: 0.2557
[Epoch 187] step 710 loss: 0.2680
[Epoch 187] step 720 loss: 0.2528
[Epoch 187] step 730 loss: 0.2809
[Epoch 187] step 740 loss: 0.2567
[Epoch 187] step 750 loss: 0.3054
[Epoch 187] step 760 loss: 0.3001
[Epoch 187] step 770 loss: 0.1990
[Epoch 187] step 780 loss: 0.2589
[Epoch 187] step 790 loss: 0.1879
[Epoch 187] step 800 loss: 0.1895
[Epoch 187] step 810 loss: 0.2344
==== Epoch 187 avg loss: 0.2469 ====
[Epoch 188] step 0 loss: 0.2146
[Epoch 188] step 10 loss: 0.3368
[Epoch 188] step 20 loss: 0.2257
[Epoch 188] step 30 loss: 0.2327
[Epoch 188] step 40 loss: 0.2430
[Epoch 188] step 50 loss: 0.2078
[Epoch 188] step 60 loss: 0.2208
[Epoch 188] step 70 loss: 0.3075
[Epoch 188] step 80 loss: 0.2376
[Epoch 188] step 90 loss: 0.1749
[Epoch 188] step 100 loss: 0.2102
[Epoch 188] step 110 loss: 0.2359
[Epoch 188] step 120 loss: 0.2486
[Epoch 188] step 130 loss: 0.3298
[Epoch 188] step 140 loss: 0.2169
[Epoch 188] step 150 loss: 0.1862
[Epoch 188] step 160 loss: 0.2848
[Epoch 188] step 170 loss: 0.2098
[Epoch 188] step 180 loss: 0.3031
[Epoch 188] step 190 loss: 0.3485
[Epoch 188] step 200 loss: 0.2754
[Epoch 188] step 210 loss: 0.2095
[Epoch 188] step 220 loss: 0.2719
[Epoch 188] step 230 loss: 0.2424
[Epoch 188] step 240 loss: 0.2487
[Epoch 188] step 250 loss: 0.2657
[Epoch 188] step 260 loss: 0.2717
[Epoch 188] step 270 loss: 0.2303
[Epoch 188] step 280 loss: 0.1989
[Epoch 188] step 290 loss: 0.1989
[Epoch 188] step 300 loss: 0.2286
[Epoch 188] step 310 loss: 0.2978
[Epoch 188] step 320 loss: 0.2476
[Epoch 188] step 330 loss: 0.2252
[Epoch 188] step 340 loss: 0.2384
[Epoch 188] step 350 loss: 0.3712
[Epoch 188] step 360 loss: 0.3181
[Epoch 188] step 370 loss: 0.2027
[Epoch 188] step 380 loss: 0.2078
[Epoch 188] step 390 loss: 0.1864
[Epoch 188] step 400 loss: 0.2091
[Epoch 188] step 410 loss: 0.2851
[Epoch 188] step 420 loss: 0.2460
[Epoch 188] step 430 loss: 0.2490
[Epoch 188] step 440 loss: 0.1766
[Epoch 188] step 450 loss: 0.2914
[Epoch 188] step 460 loss: 0.1996
[Epoch 188] step 470 loss: 0.2175
[Epoch 188] step 480 loss: 0.2565
[Epoch 188] step 490 loss: 0.2381
[Epoch 188] step 500 loss: 0.2272
[Epoch 188] step 510 loss: 0.2372
[Epoch 188] step 520 loss: 0.2646
[Epoch 188] step 530 loss: 0.1933
[Epoch 188] step 540 loss: 0.2169
[Epoch 188] step 550 loss: 0.2626
[Epoch 188] step 560 loss: 0.2570
[Epoch 188] step 570 loss: 0.2561
[Epoch 188] step 580 loss: 0.2310
[Epoch 188] step 590 loss: 0.2599
[Epoch 188] step 600 loss: 0.2231
[Epoch 188] step 610 loss: 0.2326
[Epoch 188] step 620 loss: 0.2144
[Epoch 188] step 630 loss: 0.2417
[Epoch 188] step 640 loss: 0.2524
[Epoch 188] step 650 loss: 0.2802
[Epoch 188] step 660 loss: 0.2229
[Epoch 188] step 670 loss: 0.2440
[Epoch 188] step 680 loss: 0.2981
[Epoch 188] step 690 loss: 0.2829
[Epoch 188] step 700 loss: 0.2361
[Epoch 188] step 710 loss: 0.3003
[Epoch 188] step 720 loss: 0.2174
[Epoch 188] step 730 loss: 0.2571
[Epoch 188] step 740 loss: 0.2856
[Epoch 188] step 750 loss: 0.1751
[Epoch 188] step 760 loss: 0.2555
[Epoch 188] step 770 loss: 0.2966
[Epoch 188] step 780 loss: 0.2124
[Epoch 188] step 790 loss: 0.2471
[Epoch 188] step 800 loss: 0.2310
[Epoch 188] step 810 loss: 0.2879
==== Epoch 188 avg loss: 0.2441 ====
[Epoch 189] step 0 loss: 0.1928
[Epoch 189] step 10 loss: 0.2559
[Epoch 189] step 20 loss: 0.2162
[Epoch 189] step 30 loss: 0.2163
[Epoch 189] step 40 loss: 0.2211
[Epoch 189] step 50 loss: 0.2480
[Epoch 189] step 60 loss: 0.3115
[Epoch 189] step 70 loss: 0.2127
[Epoch 189] step 80 loss: 0.1971
[Epoch 189] step 90 loss: 0.2262
[Epoch 189] step 100 loss: 0.2145
[Epoch 189] step 110 loss: 0.2225
[Epoch 189] step 120 loss: 0.2249
[Epoch 189] step 130 loss: 0.2364
[Epoch 189] step 140 loss: 0.2668
[Epoch 189] step 150 loss: 0.1931
[Epoch 189] step 160 loss: 0.2470
[Epoch 189] step 170 loss: 0.2459
[Epoch 189] step 180 loss: 0.2158
[Epoch 189] step 190 loss: 0.2789
[Epoch 189] step 200 loss: 0.2772
[Epoch 189] step 210 loss: 0.2324
[Epoch 189] step 220 loss: 0.1802
[Epoch 189] step 230 loss: 0.2094
[Epoch 189] step 240 loss: 0.2446
[Epoch 189] step 250 loss: 0.2355
[Epoch 189] step 260 loss: 0.2234
[Epoch 189] step 270 loss: 0.2726
[Epoch 189] step 280 loss: 0.2240
[Epoch 189] step 290 loss: 0.2473
[Epoch 189] step 300 loss: 0.3096
[Epoch 189] step 310 loss: 0.2242
[Epoch 189] step 320 loss: 0.2323
[Epoch 189] step 330 loss: 0.1998
[Epoch 189] step 340 loss: 0.2720
[Epoch 189] step 350 loss: 0.2033
[Epoch 189] step 360 loss: 0.2249
[Epoch 189] step 370 loss: 0.1727
[Epoch 189] step 380 loss: 0.2364
[Epoch 189] step 390 loss: 0.2356
[Epoch 189] step 400 loss: 0.2152
[Epoch 189] step 410 loss: 0.2026
[Epoch 189] step 420 loss: 0.2096
[Epoch 189] step 430 loss: 0.2536
[Epoch 189] step 440 loss: 0.2392
[Epoch 189] step 450 loss: 0.1960
[Epoch 189] step 460 loss: 0.2885
[Epoch 189] step 470 loss: 0.1881
[Epoch 189] step 480 loss: 0.2573
[Epoch 189] step 490 loss: 0.2920
[Epoch 189] step 500 loss: 0.1921
[Epoch 189] step 510 loss: 0.2657
[Epoch 189] step 520 loss: 0.2311
[Epoch 189] step 530 loss: 0.2731
[Epoch 189] step 540 loss: 0.2014
[Epoch 189] step 550 loss: 0.1605
[Epoch 189] step 560 loss: 0.2625
[Epoch 189] step 570 loss: 0.2663
[Epoch 189] step 580 loss: 0.2125
[Epoch 189] step 590 loss: 0.2527
[Epoch 189] step 600 loss: 0.2645
[Epoch 189] step 610 loss: 0.2681
[Epoch 189] step 620 loss: 0.2101
[Epoch 189] step 630 loss: 0.2576
[Epoch 189] step 640 loss: 0.2271
[Epoch 189] step 650 loss: 0.2663
[Epoch 189] step 660 loss: 0.2329
[Epoch 189] step 670 loss: 0.2132
[Epoch 189] step 680 loss: 0.2462
[Epoch 189] step 690 loss: 0.2133
[Epoch 189] step 700 loss: 0.2771
[Epoch 189] step 710 loss: 0.2120
[Epoch 189] step 720 loss: 0.2053
[Epoch 189] step 730 loss: 0.2510
[Epoch 189] step 740 loss: 0.3130
[Epoch 189] step 750 loss: 0.3073
[Epoch 189] step 760 loss: 0.2384
[Epoch 189] step 770 loss: 0.1718
[Epoch 189] step 780 loss: 0.1966
[Epoch 189] step 790 loss: 0.2443
[Epoch 189] step 800 loss: 0.1823
[Epoch 189] step 810 loss: 0.2243
==== Epoch 189 avg loss: 0.2344 ====
[Epoch 190] step 0 loss: 0.1977
[Epoch 190] step 10 loss: 0.1739
[Epoch 190] step 20 loss: 0.2024
[Epoch 190] step 30 loss: 0.2253
[Epoch 190] step 40 loss: 0.2338
[Epoch 190] step 50 loss: 0.1938
[Epoch 190] step 60 loss: 0.1981
[Epoch 190] step 70 loss: 0.1989
[Epoch 190] step 80 loss: 0.1890
[Epoch 190] step 90 loss: 0.2230
[Epoch 190] step 100 loss: 0.2138
[Epoch 190] step 110 loss: 0.2739
[Epoch 190] step 120 loss: 0.2165
[Epoch 190] step 130 loss: 0.2392
[Epoch 190] step 140 loss: 0.2121
[Epoch 190] step 150 loss: 0.2386
[Epoch 190] step 160 loss: 0.1752
[Epoch 190] step 170 loss: 0.2435
[Epoch 190] step 180 loss: 0.1494
[Epoch 190] step 190 loss: 0.2344
[Epoch 190] step 200 loss: 0.1979
[Epoch 190] step 210 loss: 0.2687
[Epoch 190] step 220 loss: 0.2058
[Epoch 190] step 230 loss: 0.2119
[Epoch 190] step 240 loss: 0.2159
[Epoch 190] step 250 loss: 0.2135
[Epoch 190] step 260 loss: 0.2008
[Epoch 190] step 270 loss: 0.2594
[Epoch 190] step 280 loss: 0.2520
[Epoch 190] step 290 loss: 0.2304
[Epoch 190] step 300 loss: 0.2369
[Epoch 190] step 310 loss: 0.1768
[Epoch 190] step 320 loss: 0.1750
[Epoch 190] step 330 loss: 0.2524
[Epoch 190] step 340 loss: 0.2205
[Epoch 190] step 350 loss: 0.2427
[Epoch 190] step 360 loss: 0.1856
[Epoch 190] step 370 loss: 0.2001
[Epoch 190] step 380 loss: 0.2461
[Epoch 190] step 390 loss: 0.1819
[Epoch 190] step 400 loss: 0.2592
[Epoch 190] step 410 loss: 0.2380
[Epoch 190] step 420 loss: 0.1737
[Epoch 190] step 430 loss: 0.2726
[Epoch 190] step 440 loss: 0.2001
[Epoch 190] step 450 loss: 0.2110
[Epoch 190] step 460 loss: 0.2305
[Epoch 190] step 470 loss: 0.2269
[Epoch 190] step 480 loss: 0.2335
[Epoch 190] step 490 loss: 0.2146
[Epoch 190] step 500 loss: 0.2210
[Epoch 190] step 510 loss: 0.2594
[Epoch 190] step 520 loss: 0.2443
[Epoch 190] step 530 loss: 0.1628
[Epoch 190] step 540 loss: 0.1884
[Epoch 190] step 550 loss: 0.1852
[Epoch 190] step 560 loss: 0.2035
[Epoch 190] step 570 loss: 0.2053
[Epoch 190] step 580 loss: 0.2344
[Epoch 190] step 590 loss: 0.2613
[Epoch 190] step 600 loss: 0.2245
[Epoch 190] step 610 loss: 0.2213
[Epoch 190] step 620 loss: 0.1983
[Epoch 190] step 630 loss: 0.1616
[Epoch 190] step 640 loss: 0.2020
[Epoch 190] step 650 loss: 0.2052
[Epoch 190] step 660 loss: 0.1823
[Epoch 190] step 670 loss: 0.2195
[Epoch 190] step 680 loss: 0.2904
[Epoch 190] step 690 loss: 0.2109
[Epoch 190] step 700 loss: 0.2166
[Epoch 190] step 710 loss: 0.1960
[Epoch 190] step 720 loss: 0.2504
[Epoch 190] step 730 loss: 0.2275
[Epoch 190] step 740 loss: 0.1952
[Epoch 190] step 750 loss: 0.2073
[Epoch 190] step 760 loss: 0.2321
[Epoch 190] step 770 loss: 0.2282
[Epoch 190] step 780 loss: 0.2895
[Epoch 190] step 790 loss: 0.1318
[Epoch 190] step 800 loss: 0.2120
[Epoch 190] step 810 loss: 0.1824
==== Epoch 190 avg loss: 0.2123 ====
[Epoch 191] step 0 loss: 0.2170
[Epoch 191] step 10 loss: 0.2384
[Epoch 191] step 20 loss: 0.2145
[Epoch 191] step 30 loss: 0.1831
[Epoch 191] step 40 loss: 0.2026
[Epoch 191] step 50 loss: 0.2174
[Epoch 191] step 60 loss: 0.2297
[Epoch 191] step 70 loss: 0.2070
[Epoch 191] step 80 loss: 0.1548
[Epoch 191] step 90 loss: 0.1625
[Epoch 191] step 100 loss: 0.1490
[Epoch 191] step 110 loss: 0.2314
[Epoch 191] step 120 loss: 0.2112
[Epoch 191] step 130 loss: 0.1574
[Epoch 191] step 140 loss: 0.2094
[Epoch 191] step 150 loss: 0.2422
[Epoch 191] step 160 loss: 0.2087
[Epoch 191] step 170 loss: 0.1749
[Epoch 191] step 180 loss: 0.2291
[Epoch 191] step 190 loss: 0.2295
[Epoch 191] step 200 loss: 0.2615
[Epoch 191] step 210 loss: 0.2358
[Epoch 191] step 220 loss: 0.1718
[Epoch 191] step 230 loss: 0.1913
[Epoch 191] step 240 loss: 0.1783
[Epoch 191] step 250 loss: 0.2553
[Epoch 191] step 260 loss: 0.2607
[Epoch 191] step 270 loss: 0.2516
[Epoch 191] step 280 loss: 0.2034
[Epoch 191] step 290 loss: 0.1554
[Epoch 191] step 300 loss: 0.2709
[Epoch 191] step 310 loss: 0.1808
[Epoch 191] step 320 loss: 0.2037
[Epoch 191] step 330 loss: 0.2038
[Epoch 191] step 340 loss: 0.2402
[Epoch 191] step 350 loss: 0.1586
[Epoch 191] step 360 loss: 0.1828
[Epoch 191] step 370 loss: 0.1645
[Epoch 191] step 380 loss: 0.2605
[Epoch 191] step 390 loss: 0.1760
[Epoch 191] step 400 loss: 0.1989
[Epoch 191] step 410 loss: 0.2074
[Epoch 191] step 420 loss: 0.2164
[Epoch 191] step 430 loss: 0.2277
[Epoch 191] step 440 loss: 0.2417
[Epoch 191] step 450 loss: 0.2075
[Epoch 191] step 460 loss: 0.2232
[Epoch 191] step 470 loss: 0.2067
[Epoch 191] step 480 loss: 0.2105
[Epoch 191] step 490 loss: 0.1570
[Epoch 191] step 500 loss: 0.1807
[Epoch 191] step 510 loss: 0.1720
[Epoch 191] step 520 loss: 0.2156
[Epoch 191] step 530 loss: 0.2539
[Epoch 191] step 540 loss: 0.2372
[Epoch 191] step 550 loss: 0.2565
[Epoch 191] step 560 loss: 0.1964
[Epoch 191] step 570 loss: 0.2305
[Epoch 191] step 580 loss: 0.1647
[Epoch 191] step 590 loss: 0.2073
[Epoch 191] step 600 loss: 0.2420
[Epoch 191] step 610 loss: 0.2130
[Epoch 191] step 620 loss: 0.1638
[Epoch 191] step 630 loss: 0.2005
[Epoch 191] step 640 loss: 0.2281
[Epoch 191] step 650 loss: 0.2708
[Epoch 191] step 660 loss: 0.2759
[Epoch 191] step 670 loss: 0.1451
[Epoch 191] step 680 loss: 0.2036
[Epoch 191] step 690 loss: 0.2021
[Epoch 191] step 700 loss: 0.2698
[Epoch 191] step 710 loss: 0.2203
[Epoch 191] step 720 loss: 0.2291
[Epoch 191] step 730 loss: 0.1970
[Epoch 191] step 740 loss: 0.2185
[Epoch 191] step 750 loss: 0.1845
[Epoch 191] step 760 loss: 0.2425
[Epoch 191] step 770 loss: 0.1560
[Epoch 191] step 780 loss: 0.1438
[Epoch 191] step 790 loss: 0.2412
[Epoch 191] step 800 loss: 0.1758
[Epoch 191] step 810 loss: 0.2043
==== Epoch 191 avg loss: 0.2084 ====
[Epoch 192] step 0 loss: 0.1672
[Epoch 192] step 10 loss: 0.2323
[Epoch 192] step 20 loss: 0.2442
[Epoch 192] step 30 loss: 0.2319
[Epoch 192] step 40 loss: 0.2172
[Epoch 192] step 50 loss: 0.1910
[Epoch 192] step 60 loss: 0.1989
[Epoch 192] step 70 loss: 0.2630
[Epoch 192] step 80 loss: 0.1879
[Epoch 192] step 90 loss: 0.1822
[Epoch 192] step 100 loss: 0.2289
[Epoch 192] step 110 loss: 0.2122
[Epoch 192] step 120 loss: 0.2541
[Epoch 192] step 130 loss: 0.2423
[Epoch 192] step 140 loss: 0.1737
[Epoch 192] step 150 loss: 0.1966
[Epoch 192] step 160 loss: 0.2149
[Epoch 192] step 170 loss: 0.2563
[Epoch 192] step 180 loss: 0.1837
[Epoch 192] step 190 loss: 0.2448
[Epoch 192] step 200 loss: 0.2889
[Epoch 192] step 210 loss: 0.1877
[Epoch 192] step 220 loss: 0.2044
[Epoch 192] step 230 loss: 0.2158
[Epoch 192] step 240 loss: 0.1362
[Epoch 192] step 250 loss: 0.2574
[Epoch 192] step 260 loss: 0.1601
[Epoch 192] step 270 loss: 0.1701
[Epoch 192] step 280 loss: 0.1859
[Epoch 192] step 290 loss: 0.2092
[Epoch 192] step 300 loss: 0.1716
[Epoch 192] step 310 loss: 0.1515
[Epoch 192] step 320 loss: 0.1238
[Epoch 192] step 330 loss: 0.1668
[Epoch 192] step 340 loss: 0.1643
[Epoch 192] step 350 loss: 0.2027
[Epoch 192] step 360 loss: 0.1793
[Epoch 192] step 370 loss: 0.2090
[Epoch 192] step 380 loss: 0.2429
[Epoch 192] step 390 loss: 0.2190
[Epoch 192] step 400 loss: 0.2077
[Epoch 192] step 410 loss: 0.2067
[Epoch 192] step 420 loss: 0.1508
[Epoch 192] step 430 loss: 0.1846
[Epoch 192] step 440 loss: 0.1592
[Epoch 192] step 450 loss: 0.1891
[Epoch 192] step 460 loss: 0.1867
[Epoch 192] step 470 loss: 0.2085
[Epoch 192] step 480 loss: 0.2172
[Epoch 192] step 490 loss: 0.2229
[Epoch 192] step 500 loss: 0.1533
[Epoch 192] step 510 loss: 0.2712
[Epoch 192] step 520 loss: 0.2097
[Epoch 192] step 530 loss: 0.1640
[Epoch 192] step 540 loss: 0.2264
[Epoch 192] step 550 loss: 0.2257
[Epoch 192] step 560 loss: 0.1735
[Epoch 192] step 570 loss: 0.1958
[Epoch 192] step 580 loss: 0.1702
[Epoch 192] step 590 loss: 0.2619
[Epoch 192] step 600 loss: 0.2161
[Epoch 192] step 610 loss: 0.2075
[Epoch 192] step 620 loss: 0.2433
[Epoch 192] step 630 loss: 0.1996
[Epoch 192] step 640 loss: 0.2180
[Epoch 192] step 650 loss: 0.2329
[Epoch 192] step 660 loss: 0.2123
[Epoch 192] step 670 loss: 0.2050
[Epoch 192] step 680 loss: 0.2146
[Epoch 192] step 690 loss: 0.2784
[Epoch 192] step 700 loss: 0.2161
[Epoch 192] step 710 loss: 0.1942
[Epoch 192] step 720 loss: 0.1666
[Epoch 192] step 730 loss: 0.2547
[Epoch 192] step 740 loss: 0.2515
[Epoch 192] step 750 loss: 0.1874
[Epoch 192] step 760 loss: 0.2025
[Epoch 192] step 770 loss: 0.1844
[Epoch 192] step 780 loss: 0.1816
[Epoch 192] step 790 loss: 0.1814
[Epoch 192] step 800 loss: 0.1940
[Epoch 192] step 810 loss: 0.1654
==== Epoch 192 avg loss: 0.2084 ====
[Epoch 193] step 0 loss: 0.1987
[Epoch 193] step 10 loss: 0.1998
[Epoch 193] step 20 loss: 0.2252
[Epoch 193] step 30 loss: 0.2380
[Epoch 193] step 40 loss: 0.1760
[Epoch 193] step 50 loss: 0.1474
[Epoch 193] step 60 loss: 0.2705
[Epoch 193] step 70 loss: 0.2088
[Epoch 193] step 80 loss: 0.2533
[Epoch 193] step 90 loss: 0.2887
[Epoch 193] step 100 loss: 0.2387
[Epoch 193] step 110 loss: 0.1846
[Epoch 193] step 120 loss: 0.2125
[Epoch 193] step 130 loss: 0.1602
[Epoch 193] step 140 loss: 0.2060
[Epoch 193] step 150 loss: 0.2460
[Epoch 193] step 160 loss: 0.2375
[Epoch 193] step 170 loss: 0.1903
[Epoch 193] step 180 loss: 0.1491
[Epoch 193] step 190 loss: 0.1966
[Epoch 193] step 200 loss: 0.2371
[Epoch 193] step 210 loss: 0.1532
[Epoch 193] step 220 loss: 0.1723
[Epoch 193] step 230 loss: 0.2067
[Epoch 193] step 240 loss: 0.2435
[Epoch 193] step 250 loss: 0.1853
[Epoch 193] step 260 loss: 0.2715
[Epoch 193] step 270 loss: 0.1599
[Epoch 193] step 280 loss: 0.2192
[Epoch 193] step 290 loss: 0.2261
[Epoch 193] step 300 loss: 0.1986
[Epoch 193] step 310 loss: 0.2836
[Epoch 193] step 320 loss: 0.2409
[Epoch 193] step 330 loss: 0.2790
[Epoch 193] step 340 loss: 0.2443
[Epoch 193] step 350 loss: 0.1773
[Epoch 193] step 360 loss: 0.1213
[Epoch 193] step 370 loss: 0.2138
[Epoch 193] step 380 loss: 0.2368
[Epoch 193] step 390 loss: 0.2384
[Epoch 193] step 400 loss: 0.2189
[Epoch 193] step 410 loss: 0.2074
[Epoch 193] step 420 loss: 0.1534
[Epoch 193] step 430 loss: 0.1668
[Epoch 193] step 440 loss: 0.2012
[Epoch 193] step 450 loss: 0.1865
[Epoch 193] step 460 loss: 0.2314
[Epoch 193] step 470 loss: 0.2332
[Epoch 193] step 480 loss: 0.2721
[Epoch 193] step 490 loss: 0.1612
[Epoch 193] step 500 loss: 0.2068
[Epoch 193] step 510 loss: 0.1976
[Epoch 193] step 520 loss: 0.2093
[Epoch 193] step 530 loss: 0.2141
[Epoch 193] step 540 loss: 0.2693
[Epoch 193] step 550 loss: 0.2201
[Epoch 193] step 560 loss: 0.1802
[Epoch 193] step 570 loss: 0.2527
[Epoch 193] step 580 loss: 0.1320
[Epoch 193] step 590 loss: 0.2564
[Epoch 193] step 600 loss: 0.2090
[Epoch 193] step 610 loss: 0.1924
[Epoch 193] step 620 loss: 0.1694
[Epoch 193] step 630 loss: 0.1943
[Epoch 193] step 640 loss: 0.2217
[Epoch 193] step 650 loss: 0.2397
[Epoch 193] step 660 loss: 0.2083
[Epoch 193] step 670 loss: 0.1644
[Epoch 193] step 680 loss: 0.2042
[Epoch 193] step 690 loss: 0.2573
[Epoch 193] step 700 loss: 0.2113
[Epoch 193] step 710 loss: 0.1629
[Epoch 193] step 720 loss: 0.2061
[Epoch 193] step 730 loss: 0.2288
[Epoch 193] step 740 loss: 0.2176
[Epoch 193] step 750 loss: 0.2561
[Epoch 193] step 760 loss: 0.1877
[Epoch 193] step 770 loss: 0.1809
[Epoch 193] step 780 loss: 0.2733
[Epoch 193] step 790 loss: 0.1621
[Epoch 193] step 800 loss: 0.2597
[Epoch 193] step 810 loss: 0.1927
==== Epoch 193 avg loss: 0.2082 ====
[Epoch 194] step 0 loss: 0.2399
[Epoch 194] step 10 loss: 0.2596
[Epoch 194] step 20 loss: 0.1793
[Epoch 194] step 30 loss: 0.2090
[Epoch 194] step 40 loss: 0.1622
[Epoch 194] step 50 loss: 0.2428
[Epoch 194] step 60 loss: 0.2033
[Epoch 194] step 70 loss: 0.2081
[Epoch 194] step 80 loss: 0.1654
[Epoch 194] step 90 loss: 0.2130
[Epoch 194] step 100 loss: 0.2414
[Epoch 194] step 110 loss: 0.2434
[Epoch 194] step 120 loss: 0.2410
[Epoch 194] step 130 loss: 0.1488
[Epoch 194] step 140 loss: 0.1920
[Epoch 194] step 150 loss: 0.2211
[Epoch 194] step 160 loss: 0.2005
[Epoch 194] step 170 loss: 0.2413
[Epoch 194] step 180 loss: 0.1881
[Epoch 194] step 190 loss: 0.1815
[Epoch 194] step 200 loss: 0.2018
[Epoch 194] step 210 loss: 0.2063
[Epoch 194] step 220 loss: 0.2098
[Epoch 194] step 230 loss: 0.2312
[Epoch 194] step 240 loss: 0.2498
[Epoch 194] step 250 loss: 0.2106
[Epoch 194] step 260 loss: 0.2583
[Epoch 194] step 270 loss: 0.2028
[Epoch 194] step 280 loss: 0.1984
[Epoch 194] step 290 loss: 0.2025
[Epoch 194] step 300 loss: 0.2746
[Epoch 194] step 310 loss: 0.1846
[Epoch 194] step 320 loss: 0.2054
[Epoch 194] step 330 loss: 0.1856
[Epoch 194] step 340 loss: 0.2392
[Epoch 194] step 350 loss: 0.1721
[Epoch 194] step 360 loss: 0.2695
[Epoch 194] step 370 loss: 0.2336
[Epoch 194] step 380 loss: 0.2699
[Epoch 194] step 390 loss: 0.1961
[Epoch 194] step 400 loss: 0.2563
[Epoch 194] step 410 loss: 0.1581
[Epoch 194] step 420 loss: 0.1836
[Epoch 194] step 430 loss: 0.1683
[Epoch 194] step 440 loss: 0.1503
[Epoch 194] step 450 loss: 0.2013
[Epoch 194] step 460 loss: 0.2775
[Epoch 194] step 470 loss: 0.2524
[Epoch 194] step 480 loss: 0.2334
[Epoch 194] step 490 loss: 0.2048
[Epoch 194] step 500 loss: 0.1840
[Epoch 194] step 510 loss: 0.2000
[Epoch 194] step 520 loss: 0.1603
[Epoch 194] step 530 loss: 0.2061
[Epoch 194] step 540 loss: 0.2077
[Epoch 194] step 550 loss: 0.2095
[Epoch 194] step 560 loss: 0.1609
[Epoch 194] step 570 loss: 0.1762
[Epoch 194] step 580 loss: 0.2251
[Epoch 194] step 590 loss: 0.2090
[Epoch 194] step 600 loss: 0.1398
[Epoch 194] step 610 loss: 0.2314
[Epoch 194] step 620 loss: 0.2082
[Epoch 194] step 630 loss: 0.2020
[Epoch 194] step 640 loss: 0.2160
[Epoch 194] step 650 loss: 0.1820
[Epoch 194] step 660 loss: 0.2049
[Epoch 194] step 670 loss: 0.2104
[Epoch 194] step 680 loss: 0.2139
[Epoch 194] step 690 loss: 0.2465
[Epoch 194] step 700 loss: 0.2559
[Epoch 194] step 710 loss: 0.2149
[Epoch 194] step 720 loss: 0.1438
[Epoch 194] step 730 loss: 0.1921
[Epoch 194] step 740 loss: 0.1770
[Epoch 194] step 750 loss: 0.1922
[Epoch 194] step 760 loss: 0.2240
[Epoch 194] step 770 loss: 0.1547
[Epoch 194] step 780 loss: 0.1983
[Epoch 194] step 790 loss: 0.1859
[Epoch 194] step 800 loss: 0.1796
[Epoch 194] step 810 loss: 0.1354
==== Epoch 194 avg loss: 0.2051 ====
[Epoch 195] step 0 loss: 0.1608
[Epoch 195] step 10 loss: 0.2211
[Epoch 195] step 20 loss: 0.2393
[Epoch 195] step 30 loss: 0.1695
[Epoch 195] step 40 loss: 0.1592
[Epoch 195] step 50 loss: 0.1771
[Epoch 195] step 60 loss: 0.2384
[Epoch 195] step 70 loss: 0.2169
[Epoch 195] step 80 loss: 0.1417
[Epoch 195] step 90 loss: 0.2470
[Epoch 195] step 100 loss: 0.1755
[Epoch 195] step 110 loss: 0.1840
[Epoch 195] step 120 loss: 0.2372
[Epoch 195] step 130 loss: 0.1586
[Epoch 195] step 140 loss: 0.1656
[Epoch 195] step 150 loss: 0.2144
[Epoch 195] step 160 loss: 0.1752
[Epoch 195] step 170 loss: 0.1629
[Epoch 195] step 180 loss: 0.1935
[Epoch 195] step 190 loss: 0.1617
[Epoch 195] step 200 loss: 0.2431
[Epoch 195] step 210 loss: 0.1366
[Epoch 195] step 220 loss: 0.2146
[Epoch 195] step 230 loss: 0.1629
[Epoch 195] step 240 loss: 0.1858
[Epoch 195] step 250 loss: 0.1801
[Epoch 195] step 260 loss: 0.1619
[Epoch 195] step 270 loss: 0.2656
[Epoch 195] step 280 loss: 0.2304
[Epoch 195] step 290 loss: 0.2406
[Epoch 195] step 300 loss: 0.1703
[Epoch 195] step 310 loss: 0.1936
[Epoch 195] step 320 loss: 0.1746
[Epoch 195] step 330 loss: 0.1820
[Epoch 195] step 340 loss: 0.2077
[Epoch 195] step 350 loss: 0.2902
[Epoch 195] step 360 loss: 0.1944
[Epoch 195] step 370 loss: 0.2003
[Epoch 195] step 380 loss: 0.1946
[Epoch 195] step 390 loss: 0.1888
[Epoch 195] step 400 loss: 0.1516
[Epoch 195] step 410 loss: 0.1601
[Epoch 195] step 420 loss: 0.2219
[Epoch 195] step 430 loss: 0.3074
[Epoch 195] step 440 loss: 0.1638
[Epoch 195] step 450 loss: 0.2012
[Epoch 195] step 460 loss: 0.1400
[Epoch 195] step 470 loss: 0.2314
[Epoch 195] step 480 loss: 0.2033
[Epoch 195] step 490 loss: 0.2880
[Epoch 195] step 500 loss: 0.2442
[Epoch 195] step 510 loss: 0.1530
[Epoch 195] step 520 loss: 0.1786
[Epoch 195] step 530 loss: 0.1961
[Epoch 195] step 540 loss: 0.1902
[Epoch 195] step 550 loss: 0.1943
[Epoch 195] step 560 loss: 0.1917
[Epoch 195] step 570 loss: 0.2390
[Epoch 195] step 580 loss: 0.2020
[Epoch 195] step 590 loss: 0.2098
[Epoch 195] step 600 loss: 0.2202
[Epoch 195] step 610 loss: 0.1781
[Epoch 195] step 620 loss: 0.1812
[Epoch 195] step 630 loss: 0.1819
[Epoch 195] step 640 loss: 0.2043
[Epoch 195] step 650 loss: 0.1865
[Epoch 195] step 660 loss: 0.1955
[Epoch 195] step 670 loss: 0.1658
[Epoch 195] step 680 loss: 0.2132
[Epoch 195] step 690 loss: 0.1867
[Epoch 195] step 700 loss: 0.2230
[Epoch 195] step 710 loss: 0.2050
[Epoch 195] step 720 loss: 0.2290
[Epoch 195] step 730 loss: 0.1807
[Epoch 195] step 740 loss: 0.1888
[Epoch 195] step 750 loss: 0.2226
[Epoch 195] step 760 loss: 0.2146
[Epoch 195] step 770 loss: 0.2490
[Epoch 195] step 780 loss: 0.1773
[Epoch 195] step 790 loss: 0.2342
[Epoch 195] step 800 loss: 0.1839
[Epoch 195] step 810 loss: 0.2444
==== Epoch 195 avg loss: 0.1993 ====
[Epoch 196] step 0 loss: 0.1976
[Epoch 196] step 10 loss: 0.1855
[Epoch 196] step 20 loss: 0.1721
[Epoch 196] step 30 loss: 0.1899
[Epoch 196] step 40 loss: 0.1697
[Epoch 196] step 50 loss: 0.1936
[Epoch 196] step 60 loss: 0.2032
[Epoch 196] step 70 loss: 0.1484
[Epoch 196] step 80 loss: 0.2170
[Epoch 196] step 90 loss: 0.1665
[Epoch 196] step 100 loss: 0.2407
[Epoch 196] step 110 loss: 0.1980
[Epoch 196] step 120 loss: 0.1321
[Epoch 196] step 130 loss: 0.1906
[Epoch 196] step 140 loss: 0.1674
[Epoch 196] step 150 loss: 0.2155
[Epoch 196] step 160 loss: 0.1755
[Epoch 196] step 170 loss: 0.0977
[Epoch 196] step 180 loss: 0.2557
[Epoch 196] step 190 loss: 0.2345
[Epoch 196] step 200 loss: 0.1939
[Epoch 196] step 210 loss: 0.1924
[Epoch 196] step 220 loss: 0.1750
[Epoch 196] step 230 loss: 0.2155
[Epoch 196] step 240 loss: 0.1562
[Epoch 196] step 250 loss: 0.2326
[Epoch 196] step 260 loss: 0.2014
[Epoch 196] step 270 loss: 0.2384
[Epoch 196] step 280 loss: 0.1595
[Epoch 196] step 290 loss: 0.2137
[Epoch 196] step 300 loss: 0.2249
[Epoch 196] step 310 loss: 0.2056
[Epoch 196] step 320 loss: 0.2163
[Epoch 196] step 330 loss: 0.2024
[Epoch 196] step 340 loss: 0.1814
[Epoch 196] step 350 loss: 0.2362
[Epoch 196] step 360 loss: 0.2178
[Epoch 196] step 370 loss: 0.1635
[Epoch 196] step 380 loss: 0.1246
[Epoch 196] step 390 loss: 0.2411
[Epoch 196] step 400 loss: 0.1465
[Epoch 196] step 410 loss: 0.2112
[Epoch 196] step 420 loss: 0.1683
[Epoch 196] step 430 loss: 0.1705
[Epoch 196] step 440 loss: 0.1787
[Epoch 196] step 450 loss: 0.2182
[Epoch 196] step 460 loss: 0.2340
[Epoch 196] step 470 loss: 0.2302
[Epoch 196] step 480 loss: 0.2720
[Epoch 196] step 490 loss: 0.2525
[Epoch 196] step 500 loss: 0.2244
[Epoch 196] step 510 loss: 0.1770
[Epoch 196] step 520 loss: 0.2267
[Epoch 196] step 530 loss: 0.1735
[Epoch 196] step 540 loss: 0.1914
[Epoch 196] step 550 loss: 0.2303
[Epoch 196] step 560 loss: 0.1707
[Epoch 196] step 570 loss: 0.2101
[Epoch 196] step 580 loss: 0.1808
[Epoch 196] step 590 loss: 0.1422
[Epoch 196] step 600 loss: 0.1649
[Epoch 196] step 610 loss: 0.1854
[Epoch 196] step 620 loss: 0.2316
[Epoch 196] step 630 loss: 0.2006
[Epoch 196] step 640 loss: 0.2339
[Epoch 196] step 650 loss: 0.2372
[Epoch 196] step 660 loss: 0.2756
[Epoch 196] step 670 loss: 0.1983
[Epoch 196] step 680 loss: 0.2085
[Epoch 196] step 690 loss: 0.1942
[Epoch 196] step 700 loss: 0.1807
[Epoch 196] step 710 loss: 0.2451
[Epoch 196] step 720 loss: 0.1873
[Epoch 196] step 730 loss: 0.1818
[Epoch 196] step 740 loss: 0.2303
[Epoch 196] step 750 loss: 0.1728
[Epoch 196] step 760 loss: 0.2618
[Epoch 196] step 770 loss: 0.2798
[Epoch 196] step 780 loss: 0.2302
[Epoch 196] step 790 loss: 0.2267
[Epoch 196] step 800 loss: 0.2139
[Epoch 196] step 810 loss: 0.2761
==== Epoch 196 avg loss: 0.2056 ====
[Epoch 197] step 0 loss: 0.1714
[Epoch 197] step 10 loss: 0.1890
[Epoch 197] step 20 loss: 0.2973
[Epoch 197] step 30 loss: 0.1819
[Epoch 197] step 40 loss: 0.1793
[Epoch 197] step 50 loss: 0.2572
[Epoch 197] step 60 loss: 0.3159
[Epoch 197] step 70 loss: 0.2214
[Epoch 197] step 80 loss: 0.2649
[Epoch 197] step 90 loss: 0.2711
[Epoch 197] step 100 loss: 0.2367
[Epoch 197] step 110 loss: 0.1792
[Epoch 197] step 120 loss: 0.2791
[Epoch 197] step 130 loss: 0.1657
[Epoch 197] step 140 loss: 0.1641
[Epoch 197] step 150 loss: 0.1670
[Epoch 197] step 160 loss: 0.1739
[Epoch 197] step 170 loss: 0.1424
[Epoch 197] step 180 loss: 0.2102
[Epoch 197] step 190 loss: 0.2513
[Epoch 197] step 200 loss: 0.3316
[Epoch 197] step 210 loss: 0.1994
[Epoch 197] step 220 loss: 0.1829
[Epoch 197] step 230 loss: 0.2380
[Epoch 197] step 240 loss: 0.2784
[Epoch 197] step 250 loss: 0.1672
[Epoch 197] step 260 loss: 0.1904
[Epoch 197] step 270 loss: 0.3262
[Epoch 197] step 280 loss: 0.2507
[Epoch 197] step 290 loss: 0.2202
[Epoch 197] step 300 loss: 0.2171
[Epoch 197] step 310 loss: 0.2520
[Epoch 197] step 320 loss: 0.2378
[Epoch 197] step 330 loss: 0.2303
[Epoch 197] step 340 loss: 0.2065
[Epoch 197] step 350 loss: 0.1848
[Epoch 197] step 360 loss: 0.3059
[Epoch 197] step 370 loss: 0.1945
[Epoch 197] step 380 loss: 0.3033
[Epoch 197] step 390 loss: 0.2263
[Epoch 197] step 400 loss: 0.2410
[Epoch 197] step 410 loss: 0.2347
[Epoch 197] step 420 loss: 0.2794
[Epoch 197] step 430 loss: 0.1945
[Epoch 197] step 440 loss: 0.2817
[Epoch 197] step 450 loss: 0.1542
[Epoch 197] step 460 loss: 0.2327
[Epoch 197] step 470 loss: 0.1842
[Epoch 197] step 480 loss: 0.2036
[Epoch 197] step 490 loss: 0.2228
[Epoch 197] step 500 loss: 0.2046
[Epoch 197] step 510 loss: 0.2736
[Epoch 197] step 520 loss: 0.1470
[Epoch 197] step 530 loss: 0.2095
[Epoch 197] step 540 loss: 0.2313
[Epoch 197] step 550 loss: 0.2657
[Epoch 197] step 560 loss: 0.1805
[Epoch 197] step 570 loss: 0.1903
[Epoch 197] step 580 loss: 0.2985
[Epoch 197] step 590 loss: 0.1999
[Epoch 197] step 600 loss: 0.2597
[Epoch 197] step 610 loss: 0.2101
[Epoch 197] step 620 loss: 0.2446
[Epoch 197] step 630 loss: 0.2257
[Epoch 197] step 640 loss: 0.2682
[Epoch 197] step 650 loss: 0.1973
[Epoch 197] step 660 loss: 0.2813
[Epoch 197] step 670 loss: 0.2067
[Epoch 197] step 680 loss: 0.2170
[Epoch 197] step 690 loss: 0.2027
[Epoch 197] step 700 loss: 0.2373
[Epoch 197] step 710 loss: 0.2388
[Epoch 197] step 720 loss: 0.2413
[Epoch 197] step 730 loss: 0.1831
[Epoch 197] step 740 loss: 0.2197
[Epoch 197] step 750 loss: 0.2650
[Epoch 197] step 760 loss: 0.2119
[Epoch 197] step 770 loss: 0.2080
[Epoch 197] step 780 loss: 0.2252
[Epoch 197] step 790 loss: 0.2352
[Epoch 197] step 800 loss: 0.2782
[Epoch 197] step 810 loss: 0.2558
==== Epoch 197 avg loss: 0.2225 ====
[Epoch 198] step 0 loss: 0.2057
[Epoch 198] step 10 loss: 0.2080
[Epoch 198] step 20 loss: 0.1882
[Epoch 198] step 30 loss: 0.2610
[Epoch 198] step 40 loss: 0.1882
[Epoch 198] step 50 loss: 0.2003
[Epoch 198] step 60 loss: 0.1234
[Epoch 198] step 70 loss: 0.1570
[Epoch 198] step 80 loss: 0.1992
[Epoch 198] step 90 loss: 0.1800
[Epoch 198] step 100 loss: 0.1499
[Epoch 198] step 110 loss: 0.2827
[Epoch 198] step 120 loss: 0.1689
[Epoch 198] step 130 loss: 0.2375
[Epoch 198] step 140 loss: 0.1852
[Epoch 198] step 150 loss: 0.2597
[Epoch 198] step 160 loss: 0.2200
[Epoch 198] step 170 loss: 0.2147
[Epoch 198] step 180 loss: 0.1792
[Epoch 198] step 190 loss: 0.1881
[Epoch 198] step 200 loss: 0.1497
[Epoch 198] step 210 loss: 0.2301
[Epoch 198] step 220 loss: 0.1817
[Epoch 198] step 230 loss: 0.2510
[Epoch 198] step 240 loss: 0.2141
[Epoch 198] step 250 loss: 0.2369
[Epoch 198] step 260 loss: 0.2409
[Epoch 198] step 270 loss: 0.2144
[Epoch 198] step 280 loss: 0.1298
[Epoch 198] step 290 loss: 0.1992
[Epoch 198] step 300 loss: 0.2364
[Epoch 198] step 310 loss: 0.2787
[Epoch 198] step 320 loss: 0.2162
[Epoch 198] step 330 loss: 0.2389
[Epoch 198] step 340 loss: 0.2606
[Epoch 198] step 350 loss: 0.2532
[Epoch 198] step 360 loss: 0.2805
[Epoch 198] step 370 loss: 0.2115
[Epoch 198] step 380 loss: 0.2386
[Epoch 198] step 390 loss: 0.1824
[Epoch 198] step 400 loss: 0.2251
[Epoch 198] step 410 loss: 0.1867
[Epoch 198] step 420 loss: 0.2061
[Epoch 198] step 430 loss: 0.1755
[Epoch 198] step 440 loss: 0.2367
[Epoch 198] step 450 loss: 0.2107
[Epoch 198] step 460 loss: 0.1570
[Epoch 198] step 470 loss: 0.2428
[Epoch 198] step 480 loss: 0.1936
[Epoch 198] step 490 loss: 0.1762
[Epoch 198] step 500 loss: 0.2688
[Epoch 198] step 510 loss: 0.1921
[Epoch 198] step 520 loss: 0.2324
[Epoch 198] step 530 loss: 0.1897
[Epoch 198] step 540 loss: 0.2383
[Epoch 198] step 550 loss: 0.2405
[Epoch 198] step 560 loss: 0.2654
[Epoch 198] step 570 loss: 0.2145
[Epoch 198] step 580 loss: 0.1807
[Epoch 198] step 590 loss: 0.1854
[Epoch 198] step 600 loss: 0.1979
[Epoch 198] step 610 loss: 0.2512
[Epoch 198] step 620 loss: 0.2762
[Epoch 198] step 630 loss: 0.1815
[Epoch 198] step 640 loss: 0.2359
[Epoch 198] step 650 loss: 0.1584
[Epoch 198] step 660 loss: 0.2004
[Epoch 198] step 670 loss: 0.2242
[Epoch 198] step 680 loss: 0.1391
[Epoch 198] step 690 loss: 0.1881
[Epoch 198] step 700 loss: 0.2252
[Epoch 198] step 710 loss: 0.2144
[Epoch 198] step 720 loss: 0.1999
[Epoch 198] step 730 loss: 0.2034
[Epoch 198] step 740 loss: 0.1575
[Epoch 198] step 750 loss: 0.1936
[Epoch 198] step 760 loss: 0.2333
[Epoch 198] step 770 loss: 0.1427
[Epoch 198] step 780 loss: 0.1971
[Epoch 198] step 790 loss: 0.2398
[Epoch 198] step 800 loss: 0.1723
[Epoch 198] step 810 loss: 0.1803
==== Epoch 198 avg loss: 0.2063 ====
[Epoch 199] step 0 loss: 0.1373
[Epoch 199] step 10 loss: 0.2077
[Epoch 199] step 20 loss: 0.1912
[Epoch 199] step 30 loss: 0.1771
[Epoch 199] step 40 loss: 0.2256
[Epoch 199] step 50 loss: 0.1316
[Epoch 199] step 60 loss: 0.2146
[Epoch 199] step 70 loss: 0.1774
[Epoch 199] step 80 loss: 0.1620
[Epoch 199] step 90 loss: 0.2661
[Epoch 199] step 100 loss: 0.1608
[Epoch 199] step 110 loss: 0.2137
[Epoch 199] step 120 loss: 0.1692
[Epoch 199] step 130 loss: 0.1630
[Epoch 199] step 140 loss: 0.2316
[Epoch 199] step 150 loss: 0.2222
[Epoch 199] step 160 loss: 0.3044
[Epoch 199] step 170 loss: 0.2083
[Epoch 199] step 180 loss: 0.1618
[Epoch 199] step 190 loss: 0.1924
[Epoch 199] step 200 loss: 0.2048
[Epoch 199] step 210 loss: 0.1631
[Epoch 199] step 220 loss: 0.1654
[Epoch 199] step 230 loss: 0.1759
[Epoch 199] step 240 loss: 0.1899
[Epoch 199] step 250 loss: 0.1748
[Epoch 199] step 260 loss: 0.1833
[Epoch 199] step 270 loss: 0.1791
[Epoch 199] step 280 loss: 0.1830
[Epoch 199] step 290 loss: 0.1971
[Epoch 199] step 300 loss: 0.1514
[Epoch 199] step 310 loss: 0.1455
[Epoch 199] step 320 loss: 0.1591
[Epoch 199] step 330 loss: 0.1653
[Epoch 199] step 340 loss: 0.1876
[Epoch 199] step 350 loss: 0.2323
[Epoch 199] step 360 loss: 0.1450
[Epoch 199] step 370 loss: 0.2093
[Epoch 199] step 380 loss: 0.2170
[Epoch 199] step 390 loss: 0.2122
[Epoch 199] step 400 loss: 0.1168
[Epoch 199] step 410 loss: 0.1678
[Epoch 199] step 420 loss: 0.1921
[Epoch 199] step 430 loss: 0.1861
[Epoch 199] step 440 loss: 0.1517
[Epoch 199] step 450 loss: 0.1524
[Epoch 199] step 460 loss: 0.1486
[Epoch 199] step 470 loss: 0.1078
[Epoch 199] step 480 loss: 0.2229
[Epoch 199] step 490 loss: 0.1487
[Epoch 199] step 500 loss: 0.1778
[Epoch 199] step 510 loss: 0.1314
[Epoch 199] step 520 loss: 0.1705
[Epoch 199] step 530 loss: 0.2354
[Epoch 199] step 540 loss: 0.1950
[Epoch 199] step 550 loss: 0.2139
[Epoch 199] step 560 loss: 0.2208
[Epoch 199] step 570 loss: 0.2242
[Epoch 199] step 580 loss: 0.1379
[Epoch 199] step 590 loss: 0.1856
[Epoch 199] step 600 loss: 0.1310
[Epoch 199] step 610 loss: 0.2320
[Epoch 199] step 620 loss: 0.1986
[Epoch 199] step 630 loss: 0.1942
[Epoch 199] step 640 loss: 0.1329
[Epoch 199] step 650 loss: 0.1476
[Epoch 199] step 660 loss: 0.2093
[Epoch 199] step 670 loss: 0.1648
[Epoch 199] step 680 loss: 0.2102
[Epoch 199] step 690 loss: 0.1498
[Epoch 199] step 700 loss: 0.1649
[Epoch 199] step 710 loss: 0.1674
[Epoch 199] step 720 loss: 0.1527
[Epoch 199] step 730 loss: 0.1458
[Epoch 199] step 740 loss: 0.2538
[Epoch 199] step 750 loss: 0.2063
[Epoch 199] step 760 loss: 0.1682
[Epoch 199] step 770 loss: 0.1759
[Epoch 199] step 780 loss: 0.2121
[Epoch 199] step 790 loss: 0.1822
[Epoch 199] step 800 loss: 0.2937
[Epoch 199] step 810 loss: 0.1896
==== Epoch 199 avg loss: 0.1889 ====
[Epoch 200] step 0 loss: 0.1513
[Epoch 200] step 10 loss: 0.1799
[Epoch 200] step 20 loss: 0.1609
[Epoch 200] step 30 loss: 0.1657
[Epoch 200] step 40 loss: 0.1866
[Epoch 200] step 50 loss: 0.1831
[Epoch 200] step 60 loss: 0.2113
[Epoch 200] step 70 loss: 0.1676
[Epoch 200] step 80 loss: 0.2171
[Epoch 200] step 90 loss: 0.1696
[Epoch 200] step 100 loss: 0.1922
[Epoch 200] step 110 loss: 0.1613
[Epoch 200] step 120 loss: 0.2431
[Epoch 200] step 130 loss: 0.1865
[Epoch 200] step 140 loss: 0.1676
[Epoch 200] step 150 loss: 0.2256
[Epoch 200] step 160 loss: 0.1435
[Epoch 200] step 170 loss: 0.1303
[Epoch 200] step 180 loss: 0.2495
[Epoch 200] step 190 loss: 0.1867
[Epoch 200] step 200 loss: 0.1480
[Epoch 200] step 210 loss: 0.1211
[Epoch 200] step 220 loss: 0.1833
[Epoch 200] step 230 loss: 0.2351
[Epoch 200] step 240 loss: 0.2470
[Epoch 200] step 250 loss: 0.1488
[Epoch 200] step 260 loss: 0.1987
[Epoch 200] step 270 loss: 0.2034
[Epoch 200] step 280 loss: 0.1757
[Epoch 200] step 290 loss: 0.1946
[Epoch 200] step 300 loss: 0.1262
[Epoch 200] step 310 loss: 0.1755
[Epoch 200] step 320 loss: 0.1410
[Epoch 200] step 330 loss: 0.2229
[Epoch 200] step 340 loss: 0.2122
[Epoch 200] step 350 loss: 0.1535
[Epoch 200] step 360 loss: 0.2213
[Epoch 200] step 370 loss: 0.1402
[Epoch 200] step 380 loss: 0.1589
[Epoch 200] step 390 loss: 0.1934
[Epoch 200] step 400 loss: 0.1692
[Epoch 200] step 410 loss: 0.1162
[Epoch 200] step 420 loss: 0.1412
[Epoch 200] step 430 loss: 0.1822
[Epoch 200] step 440 loss: 0.2303
[Epoch 200] step 450 loss: 0.1589
[Epoch 200] step 460 loss: 0.1967
[Epoch 200] step 470 loss: 0.1915
[Epoch 200] step 480 loss: 0.1435
[Epoch 200] step 490 loss: 0.1994
[Epoch 200] step 500 loss: 0.1438
[Epoch 200] step 510 loss: 0.2021
[Epoch 200] step 520 loss: 0.1717
[Epoch 200] step 530 loss: 0.1812
[Epoch 200] step 540 loss: 0.1860
[Epoch 200] step 550 loss: 0.2209
[Epoch 200] step 560 loss: 0.2219
[Epoch 200] step 570 loss: 0.1939
[Epoch 200] step 580 loss: 0.2206
[Epoch 200] step 590 loss: 0.1332
[Epoch 200] step 600 loss: 0.1698
[Epoch 200] step 610 loss: 0.1473
[Epoch 200] step 620 loss: 0.1695
[Epoch 200] step 630 loss: 0.2017
[Epoch 200] step 640 loss: 0.1541
[Epoch 200] step 650 loss: 0.1857
[Epoch 200] step 660 loss: 0.1917
[Epoch 200] step 670 loss: 0.1251
[Epoch 200] step 680 loss: 0.1873
[Epoch 200] step 690 loss: 0.1837
[Epoch 200] step 700 loss: 0.1904
[Epoch 200] step 710 loss: 0.1415
[Epoch 200] step 720 loss: 0.1490
[Epoch 200] step 730 loss: 0.1500
[Epoch 200] step 740 loss: 0.1860
[Epoch 200] step 750 loss: 0.2509
[Epoch 200] step 760 loss: 0.1878
[Epoch 200] step 770 loss: 0.1713
[Epoch 200] step 780 loss: 0.1899
[Epoch 200] step 790 loss: 0.1607
[Epoch 200] step 800 loss: 0.1558
[Epoch 200] step 810 loss: 0.1833
==== Epoch 200 avg loss: 0.1805 ====
[Epoch 201] step 0 loss: 0.1942
[Epoch 201] step 10 loss: 0.1969
[Epoch 201] step 20 loss: 0.1950
[Epoch 201] step 30 loss: 0.1220
[Epoch 201] step 40 loss: 0.1532
[Epoch 201] step 50 loss: 0.2335
[Epoch 201] step 60 loss: 0.1916
[Epoch 201] step 70 loss: 0.1692
[Epoch 201] step 80 loss: 0.1779
[Epoch 201] step 90 loss: 0.1666
[Epoch 201] step 100 loss: 0.1588
[Epoch 201] step 110 loss: 0.1974
[Epoch 201] step 120 loss: 0.2017
[Epoch 201] step 130 loss: 0.1718
[Epoch 201] step 140 loss: 0.1724
[Epoch 201] step 150 loss: 0.1217
[Epoch 201] step 160 loss: 0.1124
[Epoch 201] step 170 loss: 0.1539
[Epoch 201] step 180 loss: 0.1807
[Epoch 201] step 190 loss: 0.1406
[Epoch 201] step 200 loss: 0.2409
[Epoch 201] step 210 loss: 0.2023
[Epoch 201] step 220 loss: 0.1530
[Epoch 201] step 230 loss: 0.2045
[Epoch 201] step 240 loss: 0.1750
[Epoch 201] step 250 loss: 0.2023
[Epoch 201] step 260 loss: 0.2474
[Epoch 201] step 270 loss: 0.2028
[Epoch 201] step 280 loss: 0.2029
[Epoch 201] step 290 loss: 0.2246
[Epoch 201] step 300 loss: 0.1638
[Epoch 201] step 310 loss: 0.1839
[Epoch 201] step 320 loss: 0.1918
[Epoch 201] step 330 loss: 0.1789
[Epoch 201] step 340 loss: 0.1429
[Epoch 201] step 350 loss: 0.1598
[Epoch 201] step 360 loss: 0.1982
[Epoch 201] step 370 loss: 0.1945
[Epoch 201] step 380 loss: 0.2083
[Epoch 201] step 390 loss: 0.1789
[Epoch 201] step 400 loss: 0.1857
[Epoch 201] step 410 loss: 0.1277
[Epoch 201] step 420 loss: 0.2071
[Epoch 201] step 430 loss: 0.2077
[Epoch 201] step 440 loss: 0.1936
[Epoch 201] step 450 loss: 0.2197
[Epoch 201] step 460 loss: 0.1413
[Epoch 201] step 470 loss: 0.1750
[Epoch 201] step 480 loss: 0.1624
[Epoch 201] step 490 loss: 0.1701
[Epoch 201] step 500 loss: 0.1502
[Epoch 201] step 510 loss: 0.1678
[Epoch 201] step 520 loss: 0.1295
[Epoch 201] step 530 loss: 0.1574
[Epoch 201] step 540 loss: 0.2331
[Epoch 201] step 550 loss: 0.1771
[Epoch 201] step 560 loss: 0.2187
[Epoch 201] step 570 loss: 0.2318
[Epoch 201] step 580 loss: 0.1978
[Epoch 201] step 590 loss: 0.1865
[Epoch 201] step 600 loss: 0.1991
[Epoch 201] step 610 loss: 0.1447
[Epoch 201] step 620 loss: 0.2020
[Epoch 201] step 630 loss: 0.1722
[Epoch 201] step 640 loss: 0.1824
[Epoch 201] step 650 loss: 0.1359
[Epoch 201] step 660 loss: 0.1848
[Epoch 201] step 670 loss: 0.1747
[Epoch 201] step 680 loss: 0.1148
[Epoch 201] step 690 loss: 0.2221
[Epoch 201] step 700 loss: 0.1829
[Epoch 201] step 710 loss: 0.1392
[Epoch 201] step 720 loss: 0.1372
[Epoch 201] step 730 loss: 0.2182
[Epoch 201] step 740 loss: 0.1816
[Epoch 201] step 750 loss: 0.1637
[Epoch 201] step 760 loss: 0.2416
[Epoch 201] step 770 loss: 0.1930
[Epoch 201] step 780 loss: 0.1640
[Epoch 201] step 790 loss: 0.1287
[Epoch 201] step 800 loss: 0.1476
[Epoch 201] step 810 loss: 0.1724
==== Epoch 201 avg loss: 0.1779 ====
[Epoch 202] step 0 loss: 0.2078
[Epoch 202] step 10 loss: 0.1644
[Epoch 202] step 20 loss: 0.1671
[Epoch 202] step 30 loss: 0.1514
[Epoch 202] step 40 loss: 0.2083
[Epoch 202] step 50 loss: 0.1059
[Epoch 202] step 60 loss: 0.1554
[Epoch 202] step 70 loss: 0.2142
[Epoch 202] step 80 loss: 0.1516
[Epoch 202] step 90 loss: 0.1520
[Epoch 202] step 100 loss: 0.1416
[Epoch 202] step 110 loss: 0.2066
[Epoch 202] step 120 loss: 0.2341
[Epoch 202] step 130 loss: 0.2332
[Epoch 202] step 140 loss: 0.1554
[Epoch 202] step 150 loss: 0.1706
[Epoch 202] step 160 loss: 0.1655
[Epoch 202] step 170 loss: 0.2508
[Epoch 202] step 180 loss: 0.1871
[Epoch 202] step 190 loss: 0.1816
[Epoch 202] step 200 loss: 0.1829
[Epoch 202] step 210 loss: 0.1886
[Epoch 202] step 220 loss: 0.2171
[Epoch 202] step 230 loss: 0.1868
[Epoch 202] step 240 loss: 0.1967
[Epoch 202] step 250 loss: 0.2114
[Epoch 202] step 260 loss: 0.1858
[Epoch 202] step 270 loss: 0.1958
[Epoch 202] step 280 loss: 0.1644
[Epoch 202] step 290 loss: 0.1654
[Epoch 202] step 300 loss: 0.1836
[Epoch 202] step 310 loss: 0.1327
[Epoch 202] step 320 loss: 0.2046
[Epoch 202] step 330 loss: 0.1368
[Epoch 202] step 340 loss: 0.1205
[Epoch 202] step 350 loss: 0.1757
[Epoch 202] step 360 loss: 0.2336
[Epoch 202] step 370 loss: 0.1170
[Epoch 202] step 380 loss: 0.2049
[Epoch 202] step 390 loss: 0.1217
[Epoch 202] step 400 loss: 0.1819
[Epoch 202] step 410 loss: 0.2138
[Epoch 202] step 420 loss: 0.1952
[Epoch 202] step 430 loss: 0.2269
[Epoch 202] step 440 loss: 0.1432
[Epoch 202] step 450 loss: 0.1937
[Epoch 202] step 460 loss: 0.1893
[Epoch 202] step 470 loss: 0.1767
[Epoch 202] step 480 loss: 0.0935
[Epoch 202] step 490 loss: 0.2228
[Epoch 202] step 500 loss: 0.1249
[Epoch 202] step 510 loss: 0.2108
[Epoch 202] step 520 loss: 0.2131
[Epoch 202] step 530 loss: 0.1617
[Epoch 202] step 540 loss: 0.2390
[Epoch 202] step 550 loss: 0.1650
[Epoch 202] step 560 loss: 0.2512
[Epoch 202] step 570 loss: 0.1562
[Epoch 202] step 580 loss: 0.1903
[Epoch 202] step 590 loss: 0.1983
[Epoch 202] step 600 loss: 0.2156
[Epoch 202] step 610 loss: 0.1527
[Epoch 202] step 620 loss: 0.1857
[Epoch 202] step 630 loss: 0.1915
[Epoch 202] step 640 loss: 0.1985
[Epoch 202] step 650 loss: 0.1780
[Epoch 202] step 660 loss: 0.1661
[Epoch 202] step 670 loss: 0.1341
[Epoch 202] step 680 loss: 0.2230
[Epoch 202] step 690 loss: 0.1548
[Epoch 202] step 700 loss: 0.2318
[Epoch 202] step 710 loss: 0.1795
[Epoch 202] step 720 loss: 0.2104
[Epoch 202] step 730 loss: 0.1505
[Epoch 202] step 740 loss: 0.2534
[Epoch 202] step 750 loss: 0.1611
[Epoch 202] step 760 loss: 0.2253
[Epoch 202] step 770 loss: 0.1845
[Epoch 202] step 780 loss: 0.1549
[Epoch 202] step 790 loss: 0.1424
[Epoch 202] step 800 loss: 0.1515
[Epoch 202] step 810 loss: 0.1906
==== Epoch 202 avg loss: 0.1789 ====
[Epoch 203] step 0 loss: 0.1685
[Epoch 203] step 10 loss: 0.2380
[Epoch 203] step 20 loss: 0.2148
[Epoch 203] step 30 loss: 0.1436
[Epoch 203] step 40 loss: 0.1692
[Epoch 203] step 50 loss: 0.1643
[Epoch 203] step 60 loss: 0.2225
[Epoch 203] step 70 loss: 0.2040
[Epoch 203] step 80 loss: 0.2180
[Epoch 203] step 90 loss: 0.1495
[Epoch 203] step 100 loss: 0.1203
[Epoch 203] step 110 loss: 0.1728
[Epoch 203] step 120 loss: 0.1894
[Epoch 203] step 130 loss: 0.1251
[Epoch 203] step 140 loss: 0.1288
[Epoch 203] step 150 loss: 0.1288
[Epoch 203] step 160 loss: 0.1801
[Epoch 203] step 170 loss: 0.1584
[Epoch 203] step 180 loss: 0.1574
[Epoch 203] step 190 loss: 0.2164
[Epoch 203] step 200 loss: 0.2373
[Epoch 203] step 210 loss: 0.1512
[Epoch 203] step 220 loss: 0.1529
[Epoch 203] step 230 loss: 0.2151
[Epoch 203] step 240 loss: 0.1517
[Epoch 203] step 250 loss: 0.2224
[Epoch 203] step 260 loss: 0.1916
[Epoch 203] step 270 loss: 0.1929
[Epoch 203] step 280 loss: 0.1796
[Epoch 203] step 290 loss: 0.1995
[Epoch 203] step 300 loss: 0.2463
[Epoch 203] step 310 loss: 0.1160
[Epoch 203] step 320 loss: 0.2367
[Epoch 203] step 330 loss: 0.1894
[Epoch 203] step 340 loss: 0.1674
[Epoch 203] step 350 loss: 0.2336
[Epoch 203] step 360 loss: 0.1505
[Epoch 203] step 370 loss: 0.1855
[Epoch 203] step 380 loss: 0.1534
[Epoch 203] step 390 loss: 0.1528
[Epoch 203] step 400 loss: 0.2000
[Epoch 203] step 410 loss: 0.1311
[Epoch 203] step 420 loss: 0.1551
[Epoch 203] step 430 loss: 0.1741
[Epoch 203] step 440 loss: 0.1621
[Epoch 203] step 450 loss: 0.1228
[Epoch 203] step 460 loss: 0.2029
[Epoch 203] step 470 loss: 0.1646
[Epoch 203] step 480 loss: 0.2003
[Epoch 203] step 490 loss: 0.2174
[Epoch 203] step 500 loss: 0.2095
[Epoch 203] step 510 loss: 0.1621
[Epoch 203] step 520 loss: 0.1896
[Epoch 203] step 530 loss: 0.1627
[Epoch 203] step 540 loss: 0.1586
[Epoch 203] step 550 loss: 0.1050
[Epoch 203] step 560 loss: 0.1616
[Epoch 203] step 570 loss: 0.2450
[Epoch 203] step 580 loss: 0.1440
[Epoch 203] step 590 loss: 0.1326
[Epoch 203] step 600 loss: 0.2183
[Epoch 203] step 610 loss: 0.1589
[Epoch 203] step 620 loss: 0.1795
[Epoch 203] step 630 loss: 0.2286
[Epoch 203] step 640 loss: 0.2196
[Epoch 203] step 650 loss: 0.2479
[Epoch 203] step 660 loss: 0.1396
[Epoch 203] step 670 loss: 0.1769
[Epoch 203] step 680 loss: 0.1656
[Epoch 203] step 690 loss: 0.2299
[Epoch 203] step 700 loss: 0.1249
[Epoch 203] step 710 loss: 0.2292
[Epoch 203] step 720 loss: 0.3093
[Epoch 203] step 730 loss: 0.1543
[Epoch 203] step 740 loss: 0.1820
[Epoch 203] step 750 loss: 0.1902
[Epoch 203] step 760 loss: 0.1902
[Epoch 203] step 770 loss: 0.2067
[Epoch 203] step 780 loss: 0.2207
[Epoch 203] step 790 loss: 0.1871
[Epoch 203] step 800 loss: 0.1409
[Epoch 203] step 810 loss: 0.1412
==== Epoch 203 avg loss: 0.1816 ====
[Epoch 204] step 0 loss: 0.1498
[Epoch 204] step 10 loss: 0.1238
[Epoch 204] step 20 loss: 0.1566
[Epoch 204] step 30 loss: 0.2030
[Epoch 204] step 40 loss: 0.1785
[Epoch 204] step 50 loss: 0.1422
[Epoch 204] step 60 loss: 0.1499
[Epoch 204] step 70 loss: 0.1814
[Epoch 204] step 80 loss: 0.1673
[Epoch 204] step 90 loss: 0.1778
[Epoch 204] step 100 loss: 0.1828
[Epoch 204] step 110 loss: 0.2127
[Epoch 204] step 120 loss: 0.2829
[Epoch 204] step 130 loss: 0.2527
[Epoch 204] step 140 loss: 0.1469
[Epoch 204] step 150 loss: 0.1466
[Epoch 204] step 160 loss: 0.1220
[Epoch 204] step 170 loss: 0.2440
[Epoch 204] step 180 loss: 0.1946
[Epoch 204] step 190 loss: 0.1460
[Epoch 204] step 200 loss: 0.1624
[Epoch 204] step 210 loss: 0.1531
[Epoch 204] step 220 loss: 0.1803
[Epoch 204] step 230 loss: 0.2116
[Epoch 204] step 240 loss: 0.1966
[Epoch 204] step 250 loss: 0.2643
[Epoch 204] step 260 loss: 0.1883
[Epoch 204] step 270 loss: 0.2058
[Epoch 204] step 280 loss: 0.1620
[Epoch 204] step 290 loss: 0.1539
[Epoch 204] step 300 loss: 0.1736
[Epoch 204] step 310 loss: 0.2042
[Epoch 204] step 320 loss: 0.1924
[Epoch 204] step 330 loss: 0.2161
[Epoch 204] step 340 loss: 0.1265
[Epoch 204] step 350 loss: 0.1857
[Epoch 204] step 360 loss: 0.1366
[Epoch 204] step 370 loss: 0.1626
[Epoch 204] step 380 loss: 0.1302
[Epoch 204] step 390 loss: 0.1142
[Epoch 204] step 400 loss: 0.1559
[Epoch 204] step 410 loss: 0.1352
[Epoch 204] step 420 loss: 0.1136
[Epoch 204] step 430 loss: 0.1188
[Epoch 204] step 440 loss: 0.1945
[Epoch 204] step 450 loss: 0.1321
[Epoch 204] step 460 loss: 0.1894
[Epoch 204] step 470 loss: 0.1882
[Epoch 204] step 480 loss: 0.1927
[Epoch 204] step 490 loss: 0.1933
[Epoch 204] step 500 loss: 0.1393
[Epoch 204] step 510 loss: 0.1460
[Epoch 204] step 520 loss: 0.1400
[Epoch 204] step 530 loss: 0.2176
[Epoch 204] step 540 loss: 0.1776
[Epoch 204] step 550 loss: 0.1924
[Epoch 204] step 560 loss: 0.1973
[Epoch 204] step 570 loss: 0.2014
[Epoch 204] step 580 loss: 0.1751
[Epoch 204] step 590 loss: 0.0825
[Epoch 204] step 600 loss: 0.1087
[Epoch 204] step 610 loss: 0.1535
[Epoch 204] step 620 loss: 0.1559
[Epoch 204] step 630 loss: 0.1848
[Epoch 204] step 640 loss: 0.1441
[Epoch 204] step 650 loss: 0.1708
[Epoch 204] step 660 loss: 0.1434
[Epoch 204] step 670 loss: 0.1793
[Epoch 204] step 680 loss: 0.1417
[Epoch 204] step 690 loss: 0.1571
[Epoch 204] step 700 loss: 0.1607
[Epoch 204] step 710 loss: 0.1773
[Epoch 204] step 720 loss: 0.1910
[Epoch 204] step 730 loss: 0.1614
[Epoch 204] step 740 loss: 0.1348
[Epoch 204] step 750 loss: 0.1761
[Epoch 204] step 760 loss: 0.2350
[Epoch 204] step 770 loss: 0.1615
[Epoch 204] step 780 loss: 0.1065
[Epoch 204] step 790 loss: 0.2158
[Epoch 204] step 800 loss: 0.1256
[Epoch 204] step 810 loss: 0.1979
==== Epoch 204 avg loss: 0.1775 ====
[Epoch 205] step 0 loss: 0.1577
[Epoch 205] step 10 loss: 0.1814
[Epoch 205] step 20 loss: 0.1806
[Epoch 205] step 30 loss: 0.1385
[Epoch 205] step 40 loss: 0.1774
[Epoch 205] step 50 loss: 0.1624
[Epoch 205] step 60 loss: 0.1280
[Epoch 205] step 70 loss: 0.1722
[Epoch 205] step 80 loss: 0.1500
[Epoch 205] step 90 loss: 0.1837
[Epoch 205] step 100 loss: 0.1970
[Epoch 205] step 110 loss: 0.1780
[Epoch 205] step 120 loss: 0.2175
[Epoch 205] step 130 loss: 0.2054
[Epoch 205] step 140 loss: 0.2529
[Epoch 205] step 150 loss: 0.2318
[Epoch 205] step 160 loss: 0.1632
[Epoch 205] step 170 loss: 0.1637
[Epoch 205] step 180 loss: 0.2617
[Epoch 205] step 190 loss: 0.2162
[Epoch 205] step 200 loss: 0.2069
[Epoch 205] step 210 loss: 0.2069
[Epoch 205] step 220 loss: 0.1925
[Epoch 205] step 230 loss: 0.1289
[Epoch 205] step 240 loss: 0.1704
[Epoch 205] step 250 loss: 0.2300
[Epoch 205] step 260 loss: 0.1232
[Epoch 205] step 270 loss: 0.1397
[Epoch 205] step 280 loss: 0.1375
[Epoch 205] step 290 loss: 0.1583
[Epoch 205] step 300 loss: 0.1651
[Epoch 205] step 310 loss: 0.2047
[Epoch 205] step 320 loss: 0.1529
[Epoch 205] step 330 loss: 0.1810
[Epoch 205] step 340 loss: 0.1604
[Epoch 205] step 350 loss: 0.1965
[Epoch 205] step 360 loss: 0.2278
[Epoch 205] step 370 loss: 0.1253
[Epoch 205] step 380 loss: 0.1664
[Epoch 205] step 390 loss: 0.2003
[Epoch 205] step 400 loss: 0.1718
[Epoch 205] step 410 loss: 0.1749
[Epoch 205] step 420 loss: 0.1429
[Epoch 205] step 430 loss: 0.2093
[Epoch 205] step 440 loss: 0.1412
[Epoch 205] step 450 loss: 0.1602
[Epoch 205] step 460 loss: 0.1800
[Epoch 205] step 470 loss: 0.1849
[Epoch 205] step 480 loss: 0.1329
[Epoch 205] step 490 loss: 0.1486
[Epoch 205] step 500 loss: 0.3080
[Epoch 205] step 510 loss: 0.2128
[Epoch 205] step 520 loss: 0.2187
[Epoch 205] step 530 loss: 0.1627
[Epoch 205] step 540 loss: 0.1513
[Epoch 205] step 550 loss: 0.1877
[Epoch 205] step 560 loss: 0.1480
[Epoch 205] step 570 loss: 0.2455
[Epoch 205] step 580 loss: 0.1232
[Epoch 205] step 590 loss: 0.1621
[Epoch 205] step 600 loss: 0.1564
[Epoch 205] step 610 loss: 0.2289
[Epoch 205] step 620 loss: 0.1541
[Epoch 205] step 630 loss: 0.1864
[Epoch 205] step 640 loss: 0.2263
[Epoch 205] step 650 loss: 0.1596
[Epoch 205] step 660 loss: 0.1825
[Epoch 205] step 670 loss: 0.1559
[Epoch 205] step 680 loss: 0.1761
[Epoch 205] step 690 loss: 0.1447
[Epoch 205] step 700 loss: 0.2491
[Epoch 205] step 710 loss: 0.1930
[Epoch 205] step 720 loss: 0.1551
[Epoch 205] step 730 loss: 0.1577
[Epoch 205] step 740 loss: 0.1889
[Epoch 205] step 750 loss: 0.2058
[Epoch 205] step 760 loss: 0.1524
[Epoch 205] step 770 loss: 0.1523
[Epoch 205] step 780 loss: 0.1795
[Epoch 205] step 790 loss: 0.1630
[Epoch 205] step 800 loss: 0.1319
[Epoch 205] step 810 loss: 0.2427
==== Epoch 205 avg loss: 0.1803 ====
[Epoch 206] step 0 loss: 0.1819
[Epoch 206] step 10 loss: 0.2591
[Epoch 206] step 20 loss: 0.1843
[Epoch 206] step 30 loss: 0.1589
[Epoch 206] step 40 loss: 0.1915
[Epoch 206] step 50 loss: 0.1253
[Epoch 206] step 60 loss: 0.1568
[Epoch 206] step 70 loss: 0.1502
[Epoch 206] step 80 loss: 0.1334
[Epoch 206] step 90 loss: 0.1847
[Epoch 206] step 100 loss: 0.1933
[Epoch 206] step 110 loss: 0.1577
[Epoch 206] step 120 loss: 0.1377
[Epoch 206] step 130 loss: 0.1238
[Epoch 206] step 140 loss: 0.2071
[Epoch 206] step 150 loss: 0.2615
[Epoch 206] step 160 loss: 0.1403
[Epoch 206] step 170 loss: 0.2295
[Epoch 206] step 180 loss: 0.1413
[Epoch 206] step 190 loss: 0.1841
[Epoch 206] step 200 loss: 0.1817
[Epoch 206] step 210 loss: 0.1994
[Epoch 206] step 220 loss: 0.1628
[Epoch 206] step 230 loss: 0.1309
[Epoch 206] step 240 loss: 0.1438
[Epoch 206] step 250 loss: 0.1148
[Epoch 206] step 260 loss: 0.1725
[Epoch 206] step 270 loss: 0.1514
[Epoch 206] step 280 loss: 0.1502
[Epoch 206] step 290 loss: 0.2471
[Epoch 206] step 300 loss: 0.1491
[Epoch 206] step 310 loss: 0.1675
[Epoch 206] step 320 loss: 0.1500
[Epoch 206] step 330 loss: 0.1543
[Epoch 206] step 340 loss: 0.2106
[Epoch 206] step 350 loss: 0.2330
[Epoch 206] step 360 loss: 0.1588
[Epoch 206] step 370 loss: 0.2366
[Epoch 206] step 380 loss: 0.2481
[Epoch 206] step 390 loss: 0.1437
[Epoch 206] step 400 loss: 0.1595
[Epoch 206] step 410 loss: 0.2092
[Epoch 206] step 420 loss: 0.1901
[Epoch 206] step 430 loss: 0.1508
[Epoch 206] step 440 loss: 0.1716
[Epoch 206] step 450 loss: 0.1839
[Epoch 206] step 460 loss: 0.2027
[Epoch 206] step 470 loss: 0.2056
[Epoch 206] step 480 loss: 0.1749
[Epoch 206] step 490 loss: 0.1403
[Epoch 206] step 500 loss: 0.2089
[Epoch 206] step 510 loss: 0.1769
[Epoch 206] step 520 loss: 0.1316
[Epoch 206] step 530 loss: 0.1858
[Epoch 206] step 540 loss: 0.1493
[Epoch 206] step 550 loss: 0.2083
[Epoch 206] step 560 loss: 0.2036
[Epoch 206] step 570 loss: 0.2166
[Epoch 206] step 580 loss: 0.2843
[Epoch 206] step 590 loss: 0.1941
[Epoch 206] step 600 loss: 0.2255
[Epoch 206] step 610 loss: 0.2147
[Epoch 206] step 620 loss: 0.2402
[Epoch 206] step 630 loss: 0.2040
[Epoch 206] step 640 loss: 0.1810
[Epoch 206] step 650 loss: 0.2510
[Epoch 206] step 660 loss: 0.2105
[Epoch 206] step 670 loss: 0.2401
[Epoch 206] step 680 loss: 0.1802
[Epoch 206] step 690 loss: 0.2423
[Epoch 206] step 700 loss: 0.1893
[Epoch 206] step 710 loss: 0.1623
[Epoch 206] step 720 loss: 0.2231
[Epoch 206] step 730 loss: 0.2388
[Epoch 206] step 740 loss: 0.2146
[Epoch 206] step 750 loss: 0.1675
[Epoch 206] step 760 loss: 0.2077
[Epoch 206] step 770 loss: 0.1263
[Epoch 206] step 780 loss: 0.1857
[Epoch 206] step 790 loss: 0.1664
[Epoch 206] step 800 loss: 0.1488
[Epoch 206] step 810 loss: 0.1491
==== Epoch 206 avg loss: 0.1918 ====
[Epoch 207] step 0 loss: 0.1846
[Epoch 207] step 10 loss: 0.2048
[Epoch 207] step 20 loss: 0.1899
[Epoch 207] step 30 loss: 0.1637
[Epoch 207] step 40 loss: 0.1746
[Epoch 207] step 50 loss: 0.2433
[Epoch 207] step 60 loss: 0.2077
[Epoch 207] step 70 loss: 0.1834
[Epoch 207] step 80 loss: 0.0973
[Epoch 207] step 90 loss: 0.1987
[Epoch 207] step 100 loss: 0.1919
[Epoch 207] step 110 loss: 0.2528
[Epoch 207] step 120 loss: 0.1786
[Epoch 207] step 130 loss: 0.2114
[Epoch 207] step 140 loss: 0.2428
[Epoch 207] step 150 loss: 0.2109
[Epoch 207] step 160 loss: 0.1808
[Epoch 207] step 170 loss: 0.1859
[Epoch 207] step 180 loss: 0.1799
[Epoch 207] step 190 loss: 0.1499
[Epoch 207] step 200 loss: 0.1608
[Epoch 207] step 210 loss: 0.1780
[Epoch 207] step 220 loss: 0.2315
[Epoch 207] step 230 loss: 0.1581
[Epoch 207] step 240 loss: 0.1599
[Epoch 207] step 250 loss: 0.2242
[Epoch 207] step 260 loss: 0.1533
[Epoch 207] step 270 loss: 0.2175
[Epoch 207] step 280 loss: 0.2550
[Epoch 207] step 290 loss: 0.1386
[Epoch 207] step 300 loss: 0.2217
[Epoch 207] step 310 loss: 0.2280
[Epoch 207] step 320 loss: 0.1966
[Epoch 207] step 330 loss: 0.1305
[Epoch 207] step 340 loss: 0.1918
[Epoch 207] step 350 loss: 0.1975
[Epoch 207] step 360 loss: 0.1781
[Epoch 207] step 370 loss: 0.1893
[Epoch 207] step 380 loss: 0.2497
[Epoch 207] step 390 loss: 0.1691
[Epoch 207] step 400 loss: 0.1733
[Epoch 207] step 410 loss: 0.2139
[Epoch 207] step 420 loss: 0.1934
[Epoch 207] step 430 loss: 0.1975
[Epoch 207] step 440 loss: 0.1867
[Epoch 207] step 450 loss: 0.1850
[Epoch 207] step 460 loss: 0.1555
[Epoch 207] step 470 loss: 0.1524
[Epoch 207] step 480 loss: 0.2122
[Epoch 207] step 490 loss: 0.1605
[Epoch 207] step 500 loss: 0.2368
[Epoch 207] step 510 loss: 0.2221
[Epoch 207] step 520 loss: 0.1530
[Epoch 207] step 530 loss: 0.1436
[Epoch 207] step 540 loss: 0.2197
[Epoch 207] step 550 loss: 0.1851
[Epoch 207] step 560 loss: 0.1569
[Epoch 207] step 570 loss: 0.1761
[Epoch 207] step 580 loss: 0.1826
[Epoch 207] step 590 loss: 0.2704
[Epoch 207] step 600 loss: 0.1792
[Epoch 207] step 610 loss: 0.2414
[Epoch 207] step 620 loss: 0.1889
[Epoch 207] step 630 loss: 0.2315
[Epoch 207] step 640 loss: 0.2320
[Epoch 207] step 650 loss: 0.2231
[Epoch 207] step 660 loss: 0.2169
[Epoch 207] step 670 loss: 0.1772
[Epoch 207] step 680 loss: 0.2032
[Epoch 207] step 690 loss: 0.2129
[Epoch 207] step 700 loss: 0.1523
[Epoch 207] step 710 loss: 0.1525
[Epoch 207] step 720 loss: 0.1987
[Epoch 207] step 730 loss: 0.1809
[Epoch 207] step 740 loss: 0.1891
[Epoch 207] step 750 loss: 0.2093
[Epoch 207] step 760 loss: 0.1425
[Epoch 207] step 770 loss: 0.2122
[Epoch 207] step 780 loss: 0.1848
[Epoch 207] step 790 loss: 0.1808
[Epoch 207] step 800 loss: 0.2015
[Epoch 207] step 810 loss: 0.1581
==== Epoch 207 avg loss: 0.1920 ====
[Epoch 208] step 0 loss: 0.1661
[Epoch 208] step 10 loss: 0.1619
[Epoch 208] step 20 loss: 0.1769
[Epoch 208] step 30 loss: 0.1859
[Epoch 208] step 40 loss: 0.1426
[Epoch 208] step 50 loss: 0.1842
[Epoch 208] step 60 loss: 0.2220
[Epoch 208] step 70 loss: 0.2101
[Epoch 208] step 80 loss: 0.1790
[Epoch 208] step 90 loss: 0.1309
[Epoch 208] step 100 loss: 0.2153
[Epoch 208] step 110 loss: 0.1709
[Epoch 208] step 120 loss: 0.1794
[Epoch 208] step 130 loss: 0.2157
[Epoch 208] step 140 loss: 0.1791
[Epoch 208] step 150 loss: 0.1200
[Epoch 208] step 160 loss: 0.2048
[Epoch 208] step 170 loss: 0.2543
[Epoch 208] step 180 loss: 0.1487
[Epoch 208] step 190 loss: 0.1946
[Epoch 208] step 200 loss: 0.1172
[Epoch 208] step 210 loss: 0.1827
[Epoch 208] step 220 loss: 0.1601
[Epoch 208] step 230 loss: 0.1802
[Epoch 208] step 240 loss: 0.1946
[Epoch 208] step 250 loss: 0.1195
[Epoch 208] step 260 loss: 0.1986
[Epoch 208] step 270 loss: 0.1921
[Epoch 208] step 280 loss: 0.1497
[Epoch 208] step 290 loss: 0.1495
[Epoch 208] step 300 loss: 0.2441
[Epoch 208] step 310 loss: 0.1842
[Epoch 208] step 320 loss: 0.2348
[Epoch 208] step 330 loss: 0.2110
[Epoch 208] step 340 loss: 0.2449
[Epoch 208] step 350 loss: 0.1951
[Epoch 208] step 360 loss: 0.1978
[Epoch 208] step 370 loss: 0.1777
[Epoch 208] step 380 loss: 0.1659
[Epoch 208] step 390 loss: 0.1816
[Epoch 208] step 400 loss: 0.1997
[Epoch 208] step 410 loss: 0.1942
[Epoch 208] step 420 loss: 0.1808
[Epoch 208] step 430 loss: 0.1717
[Epoch 208] step 440 loss: 0.1616
[Epoch 208] step 450 loss: 0.1827
[Epoch 208] step 460 loss: 0.1814
[Epoch 208] step 470 loss: 0.2199
[Epoch 208] step 480 loss: 0.1236
[Epoch 208] step 490 loss: 0.1852
[Epoch 208] step 500 loss: 0.2207
[Epoch 208] step 510 loss: 0.2121
[Epoch 208] step 520 loss: 0.2031
[Epoch 208] step 530 loss: 0.2050
[Epoch 208] step 540 loss: 0.1428
[Epoch 208] step 550 loss: 0.1808
[Epoch 208] step 560 loss: 0.1448
[Epoch 208] step 570 loss: 0.1917
[Epoch 208] step 580 loss: 0.1665
[Epoch 208] step 590 loss: 0.2378
[Epoch 208] step 600 loss: 0.1769
[Epoch 208] step 610 loss: 0.1936
[Epoch 208] step 620 loss: 0.1927
[Epoch 208] step 630 loss: 0.2228
[Epoch 208] step 640 loss: 0.1774
[Epoch 208] step 650 loss: 0.1742
[Epoch 208] step 660 loss: 0.1887
[Epoch 208] step 670 loss: 0.1733
[Epoch 208] step 680 loss: 0.1194
[Epoch 208] step 690 loss: 0.2009
[Epoch 208] step 700 loss: 0.2657
[Epoch 208] step 710 loss: 0.1162
[Epoch 208] step 720 loss: 0.1569
[Epoch 208] step 730 loss: 0.1219
[Epoch 208] step 740 loss: 0.1653
[Epoch 208] step 750 loss: 0.1693
[Epoch 208] step 760 loss: 0.1583
[Epoch 208] step 770 loss: 0.1910
[Epoch 208] step 780 loss: 0.1900
[Epoch 208] step 790 loss: 0.1410
[Epoch 208] step 800 loss: 0.1485
[Epoch 208] step 810 loss: 0.1500
==== Epoch 208 avg loss: 0.1826 ====
[Epoch 209] step 0 loss: 0.1620
[Epoch 209] step 10 loss: 0.1723
[Epoch 209] step 20 loss: 0.1441
[Epoch 209] step 30 loss: 0.0937
[Epoch 209] step 40 loss: 0.1734
[Epoch 209] step 50 loss: 0.2608
[Epoch 209] step 60 loss: 0.2020
[Epoch 209] step 70 loss: 0.1559
[Epoch 209] step 80 loss: 0.1647
[Epoch 209] step 90 loss: 0.2019
[Epoch 209] step 100 loss: 0.1291
[Epoch 209] step 110 loss: 0.2075
[Epoch 209] step 120 loss: 0.1627
[Epoch 209] step 130 loss: 0.1060
[Epoch 209] step 140 loss: 0.1781
[Epoch 209] step 150 loss: 0.1452
[Epoch 209] step 160 loss: 0.1467
[Epoch 209] step 170 loss: 0.1889
[Epoch 209] step 180 loss: 0.0982
[Epoch 209] step 190 loss: 0.1505
[Epoch 209] step 200 loss: 0.1044
[Epoch 209] step 210 loss: 0.1339
[Epoch 209] step 220 loss: 0.1656
[Epoch 209] step 230 loss: 0.1537
[Epoch 209] step 240 loss: 0.1265
[Epoch 209] step 250 loss: 0.1680
[Epoch 209] step 260 loss: 0.1304
[Epoch 209] step 270 loss: 0.1850
[Epoch 209] step 280 loss: 0.1922
[Epoch 209] step 290 loss: 0.1359
[Epoch 209] step 300 loss: 0.1747
[Epoch 209] step 310 loss: 0.1482
[Epoch 209] step 320 loss: 0.1869
[Epoch 209] step 330 loss: 0.1644
[Epoch 209] step 340 loss: 0.1717
[Epoch 209] step 350 loss: 0.1690
[Epoch 209] step 360 loss: 0.1754
[Epoch 209] step 370 loss: 0.1642
[Epoch 209] step 380 loss: 0.1678
[Epoch 209] step 390 loss: 0.1746
[Epoch 209] step 400 loss: 0.1351
[Epoch 209] step 410 loss: 0.1750
[Epoch 209] step 420 loss: 0.1809
[Epoch 209] step 430 loss: 0.1277
[Epoch 209] step 440 loss: 0.1829
[Epoch 209] step 450 loss: 0.1577
[Epoch 209] step 460 loss: 0.1705
[Epoch 209] step 470 loss: 0.1449
[Epoch 209] step 480 loss: 0.1446
[Epoch 209] step 490 loss: 0.1951
[Epoch 209] step 500 loss: 0.1480
[Epoch 209] step 510 loss: 0.1563
[Epoch 209] step 520 loss: 0.1391
[Epoch 209] step 530 loss: 0.1344
[Epoch 209] step 540 loss: 0.2180
[Epoch 209] step 550 loss: 0.1923
[Epoch 209] step 560 loss: 0.1129
[Epoch 209] step 570 loss: 0.2248
[Epoch 209] step 580 loss: 0.1922
[Epoch 209] step 590 loss: 0.1870
[Epoch 209] step 600 loss: 0.1367
[Epoch 209] step 610 loss: 0.1715
[Epoch 209] step 620 loss: 0.1836
[Epoch 209] step 630 loss: 0.1823
[Epoch 209] step 640 loss: 0.1475
[Epoch 209] step 650 loss: 0.1767
[Epoch 209] step 660 loss: 0.2066
[Epoch 209] step 670 loss: 0.1662
[Epoch 209] step 680 loss: 0.1259
[Epoch 209] step 690 loss: 0.1548
[Epoch 209] step 700 loss: 0.1643
[Epoch 209] step 710 loss: 0.1431
[Epoch 209] step 720 loss: 0.1100
[Epoch 209] step 730 loss: 0.1084
[Epoch 209] step 740 loss: 0.2103
[Epoch 209] step 750 loss: 0.1538
[Epoch 209] step 760 loss: 0.1677
[Epoch 209] step 770 loss: 0.2028
[Epoch 209] step 780 loss: 0.1665
[Epoch 209] step 790 loss: 0.1613
[Epoch 209] step 800 loss: 0.1715
[Epoch 209] step 810 loss: 0.1635
==== Epoch 209 avg loss: 0.1604 ====
[Epoch 210] step 0 loss: 0.1355
[Epoch 210] step 10 loss: 0.1522
[Epoch 210] step 20 loss: 0.1100
[Epoch 210] step 30 loss: 0.1288
[Epoch 210] step 40 loss: 0.1003
[Epoch 210] step 50 loss: 0.1147
[Epoch 210] step 60 loss: 0.1471
[Epoch 210] step 70 loss: 0.1166
[Epoch 210] step 80 loss: 0.1240
[Epoch 210] step 90 loss: 0.1315
[Epoch 210] step 100 loss: 0.1693
[Epoch 210] step 110 loss: 0.1240
[Epoch 210] step 120 loss: 0.1517
[Epoch 210] step 130 loss: 0.1295
[Epoch 210] step 140 loss: 0.1551
[Epoch 210] step 150 loss: 0.1541
[Epoch 210] step 160 loss: 0.1572
[Epoch 210] step 170 loss: 0.2109
[Epoch 210] step 180 loss: 0.1375
[Epoch 210] step 190 loss: 0.1523
[Epoch 210] step 200 loss: 0.1281
[Epoch 210] step 210 loss: 0.1540
[Epoch 210] step 220 loss: 0.1269
[Epoch 210] step 230 loss: 0.1833
[Epoch 210] step 240 loss: 0.1558
[Epoch 210] step 250 loss: 0.1379
[Epoch 210] step 260 loss: 0.1459
[Epoch 210] step 270 loss: 0.1276
[Epoch 210] step 280 loss: 0.1395
[Epoch 210] step 290 loss: 0.1273
[Epoch 210] step 300 loss: 0.1517
[Epoch 210] step 310 loss: 0.1350
[Epoch 210] step 320 loss: 0.2381
[Epoch 210] step 330 loss: 0.1456
[Epoch 210] step 340 loss: 0.1521
[Epoch 210] step 350 loss: 0.1216
[Epoch 210] step 360 loss: 0.1452
[Epoch 210] step 370 loss: 0.1426
[Epoch 210] step 380 loss: 0.1543
[Epoch 210] step 390 loss: 0.1492
[Epoch 210] step 400 loss: 0.2029
[Epoch 210] step 410 loss: 0.1599
[Epoch 210] step 420 loss: 0.1992
[Epoch 210] step 430 loss: 0.2228
[Epoch 210] step 440 loss: 0.1326
[Epoch 210] step 450 loss: 0.1146
[Epoch 210] step 460 loss: 0.1056
[Epoch 210] step 470 loss: 0.1656
[Epoch 210] step 480 loss: 0.1559
[Epoch 210] step 490 loss: 0.1438
[Epoch 210] step 500 loss: 0.1368
[Epoch 210] step 510 loss: 0.1562
[Epoch 210] step 520 loss: 0.1649
[Epoch 210] step 530 loss: 0.1102
[Epoch 210] step 540 loss: 0.1505
[Epoch 210] step 550 loss: 0.2130
[Epoch 210] step 560 loss: 0.1597
[Epoch 210] step 570 loss: 0.1897
[Epoch 210] step 580 loss: 0.1368
[Epoch 210] step 590 loss: 0.1678
[Epoch 210] step 600 loss: 0.1673
[Epoch 210] step 610 loss: 0.2119
[Epoch 210] step 620 loss: 0.1233
[Epoch 210] step 630 loss: 0.1389
[Epoch 210] step 640 loss: 0.1768
[Epoch 210] step 650 loss: 0.1574
[Epoch 210] step 660 loss: 0.1547
[Epoch 210] step 670 loss: 0.2321
[Epoch 210] step 680 loss: 0.1586
[Epoch 210] step 690 loss: 0.1672
[Epoch 210] step 700 loss: 0.2062
[Epoch 210] step 710 loss: 0.1449
[Epoch 210] step 720 loss: 0.1337
[Epoch 210] step 730 loss: 0.1662
[Epoch 210] step 740 loss: 0.1738
[Epoch 210] step 750 loss: 0.1778
[Epoch 210] step 760 loss: 0.2014
[Epoch 210] step 770 loss: 0.1680
[Epoch 210] step 780 loss: 0.1673
[Epoch 210] step 790 loss: 0.1838
[Epoch 210] step 800 loss: 0.1612
[Epoch 210] step 810 loss: 0.2044
==== Epoch 210 avg loss: 0.1608 ====
[Epoch 211] step 0 loss: 0.1380
[Epoch 211] step 10 loss: 0.1255
[Epoch 211] step 20 loss: 0.1510
[Epoch 211] step 30 loss: 0.1561
[Epoch 211] step 40 loss: 0.1824
[Epoch 211] step 50 loss: 0.1108
[Epoch 211] step 60 loss: 0.1554
[Epoch 211] step 70 loss: 0.1652
[Epoch 211] step 80 loss: 0.1886
[Epoch 211] step 90 loss: 0.1281
[Epoch 211] step 100 loss: 0.1222
[Epoch 211] step 110 loss: 0.2001
[Epoch 211] step 120 loss: 0.1539
[Epoch 211] step 130 loss: 0.0895
[Epoch 211] step 140 loss: 0.1039
[Epoch 211] step 150 loss: 0.1036
[Epoch 211] step 160 loss: 0.1551
[Epoch 211] step 170 loss: 0.1222
[Epoch 211] step 180 loss: 0.1141
[Epoch 211] step 190 loss: 0.1190
[Epoch 211] step 200 loss: 0.1215
[Epoch 211] step 210 loss: 0.1011
[Epoch 211] step 220 loss: 0.1371
[Epoch 211] step 230 loss: 0.2103
[Epoch 211] step 240 loss: 0.2096
[Epoch 211] step 250 loss: 0.2049
[Epoch 211] step 260 loss: 0.1427
[Epoch 211] step 270 loss: 0.1567
[Epoch 211] step 280 loss: 0.1182
[Epoch 211] step 290 loss: 0.2120
[Epoch 211] step 300 loss: 0.1786
[Epoch 211] step 310 loss: 0.2085
[Epoch 211] step 320 loss: 0.1334
[Epoch 211] step 330 loss: 0.1526
[Epoch 211] step 340 loss: 0.1002
[Epoch 211] step 350 loss: 0.1571
[Epoch 211] step 360 loss: 0.2206
[Epoch 211] step 370 loss: 0.2085
[Epoch 211] step 380 loss: 0.1883
[Epoch 211] step 390 loss: 0.1804
[Epoch 211] step 400 loss: 0.1729
[Epoch 211] step 410 loss: 0.1969
[Epoch 211] step 420 loss: 0.1727
[Epoch 211] step 430 loss: 0.1669
[Epoch 211] step 440 loss: 0.1416
[Epoch 211] step 450 loss: 0.1901
[Epoch 211] step 460 loss: 0.1691
[Epoch 211] step 470 loss: 0.2169
[Epoch 211] step 480 loss: 0.1729
[Epoch 211] step 490 loss: 0.1101
[Epoch 211] step 500 loss: 0.1101
[Epoch 211] step 510 loss: 0.1449
[Epoch 211] step 520 loss: 0.0814
[Epoch 211] step 530 loss: 0.1199
[Epoch 211] step 540 loss: 0.1847
[Epoch 211] step 550 loss: 0.1576
[Epoch 211] step 560 loss: 0.1408
[Epoch 211] step 570 loss: 0.1214
[Epoch 211] step 580 loss: 0.1373
[Epoch 211] step 590 loss: 0.1510
[Epoch 211] step 600 loss: 0.1730
[Epoch 211] step 610 loss: 0.1832
[Epoch 211] step 620 loss: 0.1407
[Epoch 211] step 630 loss: 0.1579
[Epoch 211] step 640 loss: 0.1351
[Epoch 211] step 650 loss: 0.1950
[Epoch 211] step 660 loss: 0.1850
[Epoch 211] step 670 loss: 0.1657
[Epoch 211] step 680 loss: 0.2017
[Epoch 211] step 690 loss: 0.1261
[Epoch 211] step 700 loss: 0.1582
[Epoch 211] step 710 loss: 0.1493
[Epoch 211] step 720 loss: 0.1539
[Epoch 211] step 730 loss: 0.1970
[Epoch 211] step 740 loss: 0.1438
[Epoch 211] step 750 loss: 0.2061
[Epoch 211] step 760 loss: 0.1572
[Epoch 211] step 770 loss: 0.1719
[Epoch 211] step 780 loss: 0.1950
[Epoch 211] step 790 loss: 0.1363
[Epoch 211] step 800 loss: 0.1368
[Epoch 211] step 810 loss: 0.1690
==== Epoch 211 avg loss: 0.1600 ====
[Epoch 212] step 0 loss: 0.1582
[Epoch 212] step 10 loss: 0.1799
[Epoch 212] step 20 loss: 0.2682
[Epoch 212] step 30 loss: 0.1614
[Epoch 212] step 40 loss: 0.1941
[Epoch 212] step 50 loss: 0.2209
[Epoch 212] step 60 loss: 0.1307
[Epoch 212] step 70 loss: 0.1451
[Epoch 212] step 80 loss: 0.2017
[Epoch 212] step 90 loss: 0.1858
[Epoch 212] step 100 loss: 0.1413
[Epoch 212] step 110 loss: 0.1740
[Epoch 212] step 120 loss: 0.2402
[Epoch 212] step 130 loss: 0.1377
[Epoch 212] step 140 loss: 0.1884
[Epoch 212] step 150 loss: 0.1712
[Epoch 212] step 160 loss: 0.1876
[Epoch 212] step 170 loss: 0.1229
[Epoch 212] step 180 loss: 0.1594
[Epoch 212] step 190 loss: 0.1715
[Epoch 212] step 200 loss: 0.1405
[Epoch 212] step 210 loss: 0.2128
[Epoch 212] step 220 loss: 0.2188
[Epoch 212] step 230 loss: 0.2293
[Epoch 212] step 240 loss: 0.1635
[Epoch 212] step 250 loss: 0.1784
[Epoch 212] step 260 loss: 0.1803
[Epoch 212] step 270 loss: 0.1742
[Epoch 212] step 280 loss: 0.2298
[Epoch 212] step 290 loss: 0.1885
[Epoch 212] step 300 loss: 0.1822
[Epoch 212] step 310 loss: 0.1569
[Epoch 212] step 320 loss: 0.2338
[Epoch 212] step 330 loss: 0.1644
[Epoch 212] step 340 loss: 0.2004
[Epoch 212] step 350 loss: 0.2314
[Epoch 212] step 360 loss: 0.1795
[Epoch 212] step 370 loss: 0.1206
[Epoch 212] step 380 loss: 0.1797
[Epoch 212] step 390 loss: 0.1810
[Epoch 212] step 400 loss: 0.1720
[Epoch 212] step 410 loss: 0.1947
[Epoch 212] step 420 loss: 0.2759
[Epoch 212] step 430 loss: 0.2367
[Epoch 212] step 440 loss: 0.1985
[Epoch 212] step 450 loss: 0.1359
[Epoch 212] step 460 loss: 0.1590
[Epoch 212] step 470 loss: 0.2137
[Epoch 212] step 480 loss: 0.1394
[Epoch 212] step 490 loss: 0.1496
[Epoch 212] step 500 loss: 0.2138
[Epoch 212] step 510 loss: 0.2126
[Epoch 212] step 520 loss: 0.1046
[Epoch 212] step 530 loss: 0.1581
[Epoch 212] step 540 loss: 0.1596
[Epoch 212] step 550 loss: 0.1403
[Epoch 212] step 560 loss: 0.1828
[Epoch 212] step 570 loss: 0.1874
[Epoch 212] step 580 loss: 0.1641
[Epoch 212] step 590 loss: 0.1350
[Epoch 212] step 600 loss: 0.1919
[Epoch 212] step 610 loss: 0.1506
[Epoch 212] step 620 loss: 0.1797
[Epoch 212] step 630 loss: 0.1625
[Epoch 212] step 640 loss: 0.2041
[Epoch 212] step 650 loss: 0.1698
[Epoch 212] step 660 loss: 0.2087
[Epoch 212] step 670 loss: 0.1534
[Epoch 212] step 680 loss: 0.1494
[Epoch 212] step 690 loss: 0.1698
[Epoch 212] step 700 loss: 0.2030
[Epoch 212] step 710 loss: 0.2554
[Epoch 212] step 720 loss: 0.1503
[Epoch 212] step 730 loss: 0.1305
[Epoch 212] step 740 loss: 0.2011
[Epoch 212] step 750 loss: 0.1175
[Epoch 212] step 760 loss: 0.1993
[Epoch 212] step 770 loss: 0.1766
[Epoch 212] step 780 loss: 0.1997
[Epoch 212] step 790 loss: 0.1590
[Epoch 212] step 800 loss: 0.1247
[Epoch 212] step 810 loss: 0.1907
==== Epoch 212 avg loss: 0.1855 ====
[Epoch 213] step 0 loss: 0.1891
[Epoch 213] step 10 loss: 0.1425
[Epoch 213] step 20 loss: 0.2234
[Epoch 213] step 30 loss: 0.1926
[Epoch 213] step 40 loss: 0.2460
[Epoch 213] step 50 loss: 0.1353
[Epoch 213] step 60 loss: 0.2179
[Epoch 213] step 70 loss: 0.2070
[Epoch 213] step 80 loss: 0.1674
[Epoch 213] step 90 loss: 0.1936
[Epoch 213] step 100 loss: 0.2420
[Epoch 213] step 110 loss: 0.1672
[Epoch 213] step 120 loss: 0.1650
[Epoch 213] step 130 loss: 0.1798
[Epoch 213] step 140 loss: 0.1754
[Epoch 213] step 150 loss: 0.1242
[Epoch 213] step 160 loss: 0.2076
[Epoch 213] step 170 loss: 0.2380
[Epoch 213] step 180 loss: 0.2249
[Epoch 213] step 190 loss: 0.2045
[Epoch 213] step 200 loss: 0.1696
[Epoch 213] step 210 loss: 0.1845
[Epoch 213] step 220 loss: 0.1583
[Epoch 213] step 230 loss: 0.2157
[Epoch 213] step 240 loss: 0.1946
[Epoch 213] step 250 loss: 0.2289
[Epoch 213] step 260 loss: 0.1657
[Epoch 213] step 270 loss: 0.1354
[Epoch 213] step 280 loss: 0.1462
[Epoch 213] step 290 loss: 0.2098
[Epoch 213] step 300 loss: 0.1716
[Epoch 213] step 310 loss: 0.1910
[Epoch 213] step 320 loss: 0.1813
[Epoch 213] step 330 loss: 0.1956
[Epoch 213] step 340 loss: 0.1537
[Epoch 213] step 350 loss: 0.1586
[Epoch 213] step 360 loss: 0.1351
[Epoch 213] step 370 loss: 0.2067
[Epoch 213] step 380 loss: 0.1093
[Epoch 213] step 390 loss: 0.1502
[Epoch 213] step 400 loss: 0.1791
[Epoch 213] step 410 loss: 0.2598
[Epoch 213] step 420 loss: 0.1691
[Epoch 213] step 430 loss: 0.2459
[Epoch 213] step 440 loss: 0.2198
[Epoch 213] step 450 loss: 0.1337
[Epoch 213] step 460 loss: 0.1508
[Epoch 213] step 470 loss: 0.1539
[Epoch 213] step 480 loss: 0.2106
[Epoch 213] step 490 loss: 0.1971
[Epoch 213] step 500 loss: 0.1578
[Epoch 213] step 510 loss: 0.1964
[Epoch 213] step 520 loss: 0.1733
[Epoch 213] step 530 loss: 0.2026
[Epoch 213] step 540 loss: 0.1533
[Epoch 213] step 550 loss: 0.1661
[Epoch 213] step 560 loss: 0.1480
[Epoch 213] step 570 loss: 0.1244
[Epoch 213] step 580 loss: 0.2087
[Epoch 213] step 590 loss: 0.1527
[Epoch 213] step 600 loss: 0.1489
[Epoch 213] step 610 loss: 0.1345
[Epoch 213] step 620 loss: 0.1356
[Epoch 213] step 630 loss: 0.1842
[Epoch 213] step 640 loss: 0.1963
[Epoch 213] step 650 loss: 0.1896
[Epoch 213] step 660 loss: 0.1217
[Epoch 213] step 670 loss: 0.1913
[Epoch 213] step 680 loss: 0.2126
[Epoch 213] step 690 loss: 0.1857
[Epoch 213] step 700 loss: 0.2140
[Epoch 213] step 710 loss: 0.1859
[Epoch 213] step 720 loss: 0.2026
[Epoch 213] step 730 loss: 0.1501
[Epoch 213] step 740 loss: 0.1198
[Epoch 213] step 750 loss: 0.1372
[Epoch 213] step 760 loss: 0.1656
[Epoch 213] step 770 loss: 0.2153
[Epoch 213] step 780 loss: 0.1472
[Epoch 213] step 790 loss: 0.1444
[Epoch 213] step 800 loss: 0.1383
[Epoch 213] step 810 loss: 0.1536
==== Epoch 213 avg loss: 0.1754 ====
[Epoch 214] step 0 loss: 0.2139
[Epoch 214] step 10 loss: 0.1994
[Epoch 214] step 20 loss: 0.1941
[Epoch 214] step 30 loss: 0.1400
[Epoch 214] step 40 loss: 0.1329
[Epoch 214] step 50 loss: 0.1407
[Epoch 214] step 60 loss: 0.1563
[Epoch 214] step 70 loss: 0.1101
[Epoch 214] step 80 loss: 0.1469
[Epoch 214] step 90 loss: 0.1856
[Epoch 214] step 100 loss: 0.1644
[Epoch 214] step 110 loss: 0.1851
[Epoch 214] step 120 loss: 0.1845
[Epoch 214] step 130 loss: 0.1478
[Epoch 214] step 140 loss: 0.1243
[Epoch 214] step 150 loss: 0.1705
[Epoch 214] step 160 loss: 0.1996
[Epoch 214] step 170 loss: 0.1243
[Epoch 214] step 180 loss: 0.1111
[Epoch 214] step 190 loss: 0.1260
[Epoch 214] step 200 loss: 0.1632
[Epoch 214] step 210 loss: 0.1763
[Epoch 214] step 220 loss: 0.1482
[Epoch 214] step 230 loss: 0.1639
[Epoch 214] step 240 loss: 0.1172
[Epoch 214] step 250 loss: 0.1864
[Epoch 214] step 260 loss: 0.1399
[Epoch 214] step 270 loss: 0.1683
[Epoch 214] step 280 loss: 0.1457
[Epoch 214] step 290 loss: 0.2047
[Epoch 214] step 300 loss: 0.1730
[Epoch 214] step 310 loss: 0.1625
[Epoch 214] step 320 loss: 0.2086
[Epoch 214] step 330 loss: 0.1967
[Epoch 214] step 340 loss: 0.1431
[Epoch 214] step 350 loss: 0.1373
[Epoch 214] step 360 loss: 0.2126
[Epoch 214] step 370 loss: 0.1741
[Epoch 214] step 380 loss: 0.2252
[Epoch 214] step 390 loss: 0.1701
[Epoch 214] step 400 loss: 0.1193
[Epoch 214] step 410 loss: 0.1297
[Epoch 214] step 420 loss: 0.1656
[Epoch 214] step 430 loss: 0.1355
[Epoch 214] step 440 loss: 0.1614
[Epoch 214] step 450 loss: 0.1315
[Epoch 214] step 460 loss: 0.1576
[Epoch 214] step 470 loss: 0.1539
[Epoch 214] step 480 loss: 0.1385
[Epoch 214] step 490 loss: 0.1877
[Epoch 214] step 500 loss: 0.1875
[Epoch 214] step 510 loss: 0.1122
[Epoch 214] step 520 loss: 0.1500
[Epoch 214] step 530 loss: 0.1155
[Epoch 214] step 540 loss: 0.1715
[Epoch 214] step 550 loss: 0.1514
[Epoch 214] step 560 loss: 0.1387
[Epoch 214] step 570 loss: 0.1469
[Epoch 214] step 580 loss: 0.1760
[Epoch 214] step 590 loss: 0.1809
[Epoch 214] step 600 loss: 0.1158
[Epoch 214] step 610 loss: 0.1595
[Epoch 214] step 620 loss: 0.1310
[Epoch 214] step 630 loss: 0.1765
[Epoch 214] step 640 loss: 0.1860
[Epoch 214] step 650 loss: 0.1387
[Epoch 214] step 660 loss: 0.2272
[Epoch 214] step 670 loss: 0.0727
[Epoch 214] step 680 loss: 0.1414
[Epoch 214] step 690 loss: 0.1490
[Epoch 214] step 700 loss: 0.1761
[Epoch 214] step 710 loss: 0.1376
[Epoch 214] step 720 loss: 0.1376
[Epoch 214] step 730 loss: 0.1719
[Epoch 214] step 740 loss: 0.1161
[Epoch 214] step 750 loss: 0.1525
[Epoch 214] step 760 loss: 0.1417
[Epoch 214] step 770 loss: 0.1394
[Epoch 214] step 780 loss: 0.1247
[Epoch 214] step 790 loss: 0.1138
[Epoch 214] step 800 loss: 0.2370
[Epoch 214] step 810 loss: 0.1859
==== Epoch 214 avg loss: 0.1620 ====
[Epoch 215] step 0 loss: 0.1579
[Epoch 215] step 10 loss: 0.1543
[Epoch 215] step 20 loss: 0.1563
[Epoch 215] step 30 loss: 0.1408
[Epoch 215] step 40 loss: 0.1339
[Epoch 215] step 50 loss: 0.1319
[Epoch 215] step 60 loss: 0.2080
[Epoch 215] step 70 loss: 0.1346
[Epoch 215] step 80 loss: 0.1247
[Epoch 215] step 90 loss: 0.1611
[Epoch 215] step 100 loss: 0.1497
[Epoch 215] step 110 loss: 0.1859
[Epoch 215] step 120 loss: 0.1326
[Epoch 215] step 130 loss: 0.1401
[Epoch 215] step 140 loss: 0.1672
[Epoch 215] step 150 loss: 0.1442
[Epoch 215] step 160 loss: 0.1814
[Epoch 215] step 170 loss: 0.1192
[Epoch 215] step 180 loss: 0.1491
[Epoch 215] step 190 loss: 0.1730
[Epoch 215] step 200 loss: 0.1012
[Epoch 215] step 210 loss: 0.0759
[Epoch 215] step 220 loss: 0.1585
[Epoch 215] step 230 loss: 0.2050
[Epoch 215] step 240 loss: 0.1576
[Epoch 215] step 250 loss: 0.1336
[Epoch 215] step 260 loss: 0.1442
[Epoch 215] step 270 loss: 0.1814
[Epoch 215] step 280 loss: 0.1332
[Epoch 215] step 290 loss: 0.1530
[Epoch 215] step 300 loss: 0.1458
[Epoch 215] step 310 loss: 0.1860
[Epoch 215] step 320 loss: 0.1649
[Epoch 215] step 330 loss: 0.1406
[Epoch 215] step 340 loss: 0.1265
[Epoch 215] step 350 loss: 0.1216
[Epoch 215] step 360 loss: 0.1044
[Epoch 215] step 370 loss: 0.0980
[Epoch 215] step 380 loss: 0.2002
[Epoch 215] step 390 loss: 0.1294
[Epoch 215] step 400 loss: 0.2282
[Epoch 215] step 410 loss: 0.1766
[Epoch 215] step 420 loss: 0.1149
[Epoch 215] step 430 loss: 0.1209
[Epoch 215] step 440 loss: 0.1537
[Epoch 215] step 450 loss: 0.1474
[Epoch 215] step 460 loss: 0.2073
[Epoch 215] step 470 loss: 0.1380
[Epoch 215] step 480 loss: 0.1771
[Epoch 215] step 490 loss: 0.1060
[Epoch 215] step 500 loss: 0.1941
[Epoch 215] step 510 loss: 0.1590
[Epoch 215] step 520 loss: 0.1364
[Epoch 215] step 530 loss: 0.1258
[Epoch 215] step 540 loss: 0.1726
[Epoch 215] step 550 loss: 0.1444
[Epoch 215] step 560 loss: 0.1578
[Epoch 215] step 570 loss: 0.1170
[Epoch 215] step 580 loss: 0.1401
[Epoch 215] step 590 loss: 0.0855
[Epoch 215] step 600 loss: 0.1348
[Epoch 215] step 610 loss: 0.0978
[Epoch 215] step 620 loss: 0.1062
[Epoch 215] step 630 loss: 0.1838
[Epoch 215] step 640 loss: 0.1811
[Epoch 215] step 650 loss: 0.1119
[Epoch 215] step 660 loss: 0.1789
[Epoch 215] step 670 loss: 0.1365
[Epoch 215] step 680 loss: 0.1983
[Epoch 215] step 690 loss: 0.1214
[Epoch 215] step 700 loss: 0.2017
[Epoch 215] step 710 loss: 0.1465
[Epoch 215] step 720 loss: 0.1345
[Epoch 215] step 730 loss: 0.1070
[Epoch 215] step 740 loss: 0.1290
[Epoch 215] step 750 loss: 0.1620
[Epoch 215] step 760 loss: 0.1484
[Epoch 215] step 770 loss: 0.1606
[Epoch 215] step 780 loss: 0.1249
[Epoch 215] step 790 loss: 0.1401
[Epoch 215] step 800 loss: 0.2013
[Epoch 215] step 810 loss: 0.1432
==== Epoch 215 avg loss: 0.1477 ====
[Epoch 216] step 0 loss: 0.1599
[Epoch 216] step 10 loss: 0.1152
[Epoch 216] step 20 loss: 0.1033
[Epoch 216] step 30 loss: 0.1577
[Epoch 216] step 40 loss: 0.1770
[Epoch 216] step 50 loss: 0.1887
[Epoch 216] step 60 loss: 0.1185
[Epoch 216] step 70 loss: 0.1822
[Epoch 216] step 80 loss: 0.1227
[Epoch 216] step 90 loss: 0.1649
[Epoch 216] step 100 loss: 0.1455
[Epoch 216] step 110 loss: 0.1344
[Epoch 216] step 120 loss: 0.1758
[Epoch 216] step 130 loss: 0.1007
[Epoch 216] step 140 loss: 0.1354
[Epoch 216] step 150 loss: 0.1698
[Epoch 216] step 160 loss: 0.1260
[Epoch 216] step 170 loss: 0.1345
[Epoch 216] step 180 loss: 0.1596
[Epoch 216] step 190 loss: 0.1611
[Epoch 216] step 200 loss: 0.1318
[Epoch 216] step 210 loss: 0.2105
[Epoch 216] step 220 loss: 0.1811
[Epoch 216] step 230 loss: 0.1682
[Epoch 216] step 240 loss: 0.1359
[Epoch 216] step 250 loss: 0.2061
[Epoch 216] step 260 loss: 0.1376
[Epoch 216] step 270 loss: 0.1720
[Epoch 216] step 280 loss: 0.1986
[Epoch 216] step 290 loss: 0.1394
[Epoch 216] step 300 loss: 0.0872
[Epoch 216] step 310 loss: 0.1461
[Epoch 216] step 320 loss: 0.2017
[Epoch 216] step 330 loss: 0.1850
[Epoch 216] step 340 loss: 0.1794
[Epoch 216] step 350 loss: 0.1874
[Epoch 216] step 360 loss: 0.2071
[Epoch 216] step 370 loss: 0.1347
[Epoch 216] step 380 loss: 0.1477
[Epoch 216] step 390 loss: 0.1814
[Epoch 216] step 400 loss: 0.1218
[Epoch 216] step 410 loss: 0.1639
[Epoch 216] step 420 loss: 0.1979
[Epoch 216] step 430 loss: 0.2123
[Epoch 216] step 440 loss: 0.2138
[Epoch 216] step 450 loss: 0.1529
[Epoch 216] step 460 loss: 0.2159
[Epoch 216] step 470 loss: 0.2001
[Epoch 216] step 480 loss: 0.2298
[Epoch 216] step 490 loss: 0.1329
[Epoch 216] step 500 loss: 0.1435
[Epoch 216] step 510 loss: 0.1716
[Epoch 216] step 520 loss: 0.1450
[Epoch 216] step 530 loss: 0.1324
[Epoch 216] step 540 loss: 0.1404
[Epoch 216] step 550 loss: 0.2222
[Epoch 216] step 560 loss: 0.2142
[Epoch 216] step 570 loss: 0.1442
[Epoch 216] step 580 loss: 0.1562
[Epoch 216] step 590 loss: 0.2202
[Epoch 216] step 600 loss: 0.2205
[Epoch 216] step 610 loss: 0.2113
[Epoch 216] step 620 loss: 0.1975
[Epoch 216] step 630 loss: 0.2352
[Epoch 216] step 640 loss: 0.1798
[Epoch 216] step 650 loss: 0.1610
[Epoch 216] step 660 loss: 0.1901
[Epoch 216] step 670 loss: 0.1946
[Epoch 216] step 680 loss: 0.1683
[Epoch 216] step 690 loss: 0.1520
[Epoch 216] step 700 loss: 0.1659
[Epoch 216] step 710 loss: 0.1917
[Epoch 216] step 720 loss: 0.1663
[Epoch 216] step 730 loss: 0.1687
[Epoch 216] step 740 loss: 0.2403
[Epoch 216] step 750 loss: 0.1619
[Epoch 216] step 760 loss: 0.1635
[Epoch 216] step 770 loss: 0.2457
[Epoch 216] step 780 loss: 0.1720
[Epoch 216] step 790 loss: 0.2082
[Epoch 216] step 800 loss: 0.1258
[Epoch 216] step 810 loss: 0.1699
==== Epoch 216 avg loss: 0.1690 ====
[Epoch 217] step 0 loss: 0.2801
[Epoch 217] step 10 loss: 0.1501
[Epoch 217] step 20 loss: 0.2168
[Epoch 217] step 30 loss: 0.2147
[Epoch 217] step 40 loss: 0.2403
[Epoch 217] step 50 loss: 0.1492
[Epoch 217] step 60 loss: 0.1076
[Epoch 217] step 70 loss: 0.2039
[Epoch 217] step 80 loss: 0.1304
[Epoch 217] step 90 loss: 0.1159
[Epoch 217] step 100 loss: 0.1441
[Epoch 217] step 110 loss: 0.2084
[Epoch 217] step 120 loss: 0.1380
[Epoch 217] step 130 loss: 0.1931
[Epoch 217] step 140 loss: 0.1192
[Epoch 217] step 150 loss: 0.1767
[Epoch 217] step 160 loss: 0.2621
[Epoch 217] step 170 loss: 0.1551
[Epoch 217] step 180 loss: 0.1361
[Epoch 217] step 190 loss: 0.1537
[Epoch 217] step 200 loss: 0.1639
[Epoch 217] step 210 loss: 0.1626
[Epoch 217] step 220 loss: 0.1238
[Epoch 217] step 230 loss: 0.2246
[Epoch 217] step 240 loss: 0.1562
[Epoch 217] step 250 loss: 0.1895
[Epoch 217] step 260 loss: 0.1764
[Epoch 217] step 270 loss: 0.2054
[Epoch 217] step 280 loss: 0.1287
[Epoch 217] step 290 loss: 0.1513
[Epoch 217] step 300 loss: 0.1535
[Epoch 217] step 310 loss: 0.1929
[Epoch 217] step 320 loss: 0.2092
[Epoch 217] step 330 loss: 0.2029
[Epoch 217] step 340 loss: 0.1463
[Epoch 217] step 350 loss: 0.1952
[Epoch 217] step 360 loss: 0.1671
[Epoch 217] step 370 loss: 0.1827
[Epoch 217] step 380 loss: 0.1323
[Epoch 217] step 390 loss: 0.1424
[Epoch 217] step 400 loss: 0.0925
[Epoch 217] step 410 loss: 0.1735
[Epoch 217] step 420 loss: 0.2458
[Epoch 217] step 430 loss: 0.2365
[Epoch 217] step 440 loss: 0.2465
[Epoch 217] step 450 loss: 0.1457
[Epoch 217] step 460 loss: 0.2422
[Epoch 217] step 470 loss: 0.1198
[Epoch 217] step 480 loss: 0.1244
[Epoch 217] step 490 loss: 0.1589
[Epoch 217] step 500 loss: 0.2059
[Epoch 217] step 510 loss: 0.1815
[Epoch 217] step 520 loss: 0.1042
[Epoch 217] step 530 loss: 0.1655
[Epoch 217] step 540 loss: 0.1576
[Epoch 217] step 550 loss: 0.2401
[Epoch 217] step 560 loss: 0.1700
[Epoch 217] step 570 loss: 0.1521
[Epoch 217] step 580 loss: 0.2053
[Epoch 217] step 590 loss: 0.1647
[Epoch 217] step 600 loss: 0.2333
[Epoch 217] step 610 loss: 0.1831
[Epoch 217] step 620 loss: 0.1783
[Epoch 217] step 630 loss: 0.2246
[Epoch 217] step 640 loss: 0.1745
[Epoch 217] step 650 loss: 0.1893
[Epoch 217] step 660 loss: 0.1460
[Epoch 217] step 670 loss: 0.1681
[Epoch 217] step 680 loss: 0.1813
[Epoch 217] step 690 loss: 0.1889
[Epoch 217] step 700 loss: 0.1407
[Epoch 217] step 710 loss: 0.2062
[Epoch 217] step 720 loss: 0.1665
[Epoch 217] step 730 loss: 0.1964
[Epoch 217] step 740 loss: 0.2004
[Epoch 217] step 750 loss: 0.1904
[Epoch 217] step 760 loss: 0.1641
[Epoch 217] step 770 loss: 0.1620
[Epoch 217] step 780 loss: 0.1530
[Epoch 217] step 790 loss: 0.1233
[Epoch 217] step 800 loss: 0.1612
[Epoch 217] step 810 loss: 0.1802
==== Epoch 217 avg loss: 0.1704 ====
[Epoch 218] step 0 loss: 0.1186
[Epoch 218] step 10 loss: 0.2140
[Epoch 218] step 20 loss: 0.1646
[Epoch 218] step 30 loss: 0.1357
[Epoch 218] step 40 loss: 0.1091
[Epoch 218] step 50 loss: 0.1917
[Epoch 218] step 60 loss: 0.1684
[Epoch 218] step 70 loss: 0.1629
[Epoch 218] step 80 loss: 0.1276
[Epoch 218] step 90 loss: 0.1407
[Epoch 218] step 100 loss: 0.1794
[Epoch 218] step 110 loss: 0.1879
[Epoch 218] step 120 loss: 0.1137
[Epoch 218] step 130 loss: 0.1549
[Epoch 218] step 140 loss: 0.1353
[Epoch 218] step 150 loss: 0.2150
[Epoch 218] step 160 loss: 0.1441
[Epoch 218] step 170 loss: 0.1507
[Epoch 218] step 180 loss: 0.2080
[Epoch 218] step 190 loss: 0.1709
[Epoch 218] step 200 loss: 0.1403
[Epoch 218] step 210 loss: 0.1377
[Epoch 218] step 220 loss: 0.0888
[Epoch 218] step 230 loss: 0.2106
[Epoch 218] step 240 loss: 0.2359
[Epoch 218] step 250 loss: 0.2121
[Epoch 218] step 260 loss: 0.1268
[Epoch 218] step 270 loss: 0.1766
[Epoch 218] step 280 loss: 0.1551
[Epoch 218] step 290 loss: 0.1814
[Epoch 218] step 300 loss: 0.1704
[Epoch 218] step 310 loss: 0.1749
[Epoch 218] step 320 loss: 0.1470
[Epoch 218] step 330 loss: 0.1352
[Epoch 218] step 340 loss: 0.1875
[Epoch 218] step 350 loss: 0.1811
[Epoch 218] step 360 loss: 0.1756
[Epoch 218] step 370 loss: 0.1465
[Epoch 218] step 380 loss: 0.1662
[Epoch 218] step 390 loss: 0.1624
[Epoch 218] step 400 loss: 0.1206
[Epoch 218] step 410 loss: 0.2155
[Epoch 218] step 420 loss: 0.1782
[Epoch 218] step 430 loss: 0.1275
[Epoch 218] step 440 loss: 0.1878
[Epoch 218] step 450 loss: 0.1807
[Epoch 218] step 460 loss: 0.1384
[Epoch 218] step 470 loss: 0.1597
[Epoch 218] step 480 loss: 0.1843
[Epoch 218] step 490 loss: 0.1234
[Epoch 218] step 500 loss: 0.1782
[Epoch 218] step 510 loss: 0.1300
[Epoch 218] step 520 loss: 0.1512
[Epoch 218] step 530 loss: 0.1700
[Epoch 218] step 540 loss: 0.1428
[Epoch 218] step 550 loss: 0.1251
[Epoch 218] step 560 loss: 0.1740
[Epoch 218] step 570 loss: 0.2091
[Epoch 218] step 580 loss: 0.0867
[Epoch 218] step 590 loss: 0.1210
[Epoch 218] step 600 loss: 0.1424
[Epoch 218] step 610 loss: 0.1392
[Epoch 218] step 620 loss: 0.1764
[Epoch 218] step 630 loss: 0.1726
[Epoch 218] step 640 loss: 0.1700
[Epoch 218] step 650 loss: 0.1985
[Epoch 218] step 660 loss: 0.1306
[Epoch 218] step 670 loss: 0.1056
[Epoch 218] step 680 loss: 0.2425
[Epoch 218] step 690 loss: 0.1990
[Epoch 218] step 700 loss: 0.1589
[Epoch 218] step 710 loss: 0.1280
[Epoch 218] step 720 loss: 0.1693
[Epoch 218] step 730 loss: 0.1672
[Epoch 218] step 740 loss: 0.1240
[Epoch 218] step 750 loss: 0.1574
[Epoch 218] step 760 loss: 0.1213
[Epoch 218] step 770 loss: 0.1007
[Epoch 218] step 780 loss: 0.1707
[Epoch 218] step 790 loss: 0.1603
[Epoch 218] step 800 loss: 0.1483
[Epoch 218] step 810 loss: 0.1855
==== Epoch 218 avg loss: 0.1566 ====
[Epoch 219] step 0 loss: 0.1333
[Epoch 219] step 10 loss: 0.1235
[Epoch 219] step 20 loss: 0.1420
[Epoch 219] step 30 loss: 0.1266
[Epoch 219] step 40 loss: 0.1005
[Epoch 219] step 50 loss: 0.1434
[Epoch 219] step 60 loss: 0.1308
[Epoch 219] step 70 loss: 0.1755
[Epoch 219] step 80 loss: 0.1596
[Epoch 219] step 90 loss: 0.1315
[Epoch 219] step 100 loss: 0.1615
[Epoch 219] step 110 loss: 0.0964
[Epoch 219] step 120 loss: 0.1025
[Epoch 219] step 130 loss: 0.1458
[Epoch 219] step 140 loss: 0.1326
[Epoch 219] step 150 loss: 0.1987
[Epoch 219] step 160 loss: 0.1316
[Epoch 219] step 170 loss: 0.1697
[Epoch 219] step 180 loss: 0.1224
[Epoch 219] step 190 loss: 0.1494
[Epoch 219] step 200 loss: 0.1031
[Epoch 219] step 210 loss: 0.1710
[Epoch 219] step 220 loss: 0.1300
[Epoch 219] step 230 loss: 0.0917
[Epoch 219] step 240 loss: 0.2063
[Epoch 219] step 250 loss: 0.1416
[Epoch 219] step 260 loss: 0.1355
[Epoch 219] step 270 loss: 0.1245
[Epoch 219] step 280 loss: 0.1893
[Epoch 219] step 290 loss: 0.1063
[Epoch 219] step 300 loss: 0.1976
[Epoch 219] step 310 loss: 0.1571
[Epoch 219] step 320 loss: 0.1406
[Epoch 219] step 330 loss: 0.1314
[Epoch 219] step 340 loss: 0.1693
[Epoch 219] step 350 loss: 0.1322
[Epoch 219] step 360 loss: 0.1329
[Epoch 219] step 370 loss: 0.1320
[Epoch 219] step 380 loss: 0.2192
[Epoch 219] step 390 loss: 0.1231
[Epoch 219] step 400 loss: 0.1740
[Epoch 219] step 410 loss: 0.1334
[Epoch 219] step 420 loss: 0.1931
[Epoch 219] step 430 loss: 0.1608
[Epoch 219] step 440 loss: 0.1477
[Epoch 219] step 450 loss: 0.1342
[Epoch 219] step 460 loss: 0.2028
[Epoch 219] step 470 loss: 0.1412
[Epoch 219] step 480 loss: 0.1304
[Epoch 219] step 490 loss: 0.1341
[Epoch 219] step 500 loss: 0.1342
[Epoch 219] step 510 loss: 0.2302
[Epoch 219] step 520 loss: 0.1117
[Epoch 219] step 530 loss: 0.1396
[Epoch 219] step 540 loss: 0.1282
[Epoch 219] step 550 loss: 0.1316
[Epoch 219] step 560 loss: 0.1168
[Epoch 219] step 570 loss: 0.1421
[Epoch 219] step 580 loss: 0.1704
[Epoch 219] step 590 loss: 0.1267
[Epoch 219] step 600 loss: 0.1022
[Epoch 219] step 610 loss: 0.1411
[Epoch 219] step 620 loss: 0.1400
[Epoch 219] step 630 loss: 0.1206
[Epoch 219] step 640 loss: 0.1205
[Epoch 219] step 650 loss: 0.1278
[Epoch 219] step 660 loss: 0.1428
[Epoch 219] step 670 loss: 0.1852
[Epoch 219] step 680 loss: 0.1444
[Epoch 219] step 690 loss: 0.0982
[Epoch 219] step 700 loss: 0.2144
[Epoch 219] step 710 loss: 0.1652
[Epoch 219] step 720 loss: 0.1449
[Epoch 219] step 730 loss: 0.1437
[Epoch 219] step 740 loss: 0.1171
[Epoch 219] step 750 loss: 0.1560
[Epoch 219] step 760 loss: 0.1460
[Epoch 219] step 770 loss: 0.1496
[Epoch 219] step 780 loss: 0.1895
[Epoch 219] step 790 loss: 0.1492
[Epoch 219] step 800 loss: 0.1427
[Epoch 219] step 810 loss: 0.1389
==== Epoch 219 avg loss: 0.1426 ====
[Epoch 220] step 0 loss: 0.1318
[Epoch 220] step 10 loss: 0.1102
[Epoch 220] step 20 loss: 0.1265
[Epoch 220] step 30 loss: 0.1578
[Epoch 220] step 40 loss: 0.1129
[Epoch 220] step 50 loss: 0.2245
[Epoch 220] step 60 loss: 0.1258
[Epoch 220] step 70 loss: 0.0870
[Epoch 220] step 80 loss: 0.1438
[Epoch 220] step 90 loss: 0.1258
[Epoch 220] step 100 loss: 0.1373
[Epoch 220] step 110 loss: 0.1728
[Epoch 220] step 120 loss: 0.1894
[Epoch 220] step 130 loss: 0.1731
[Epoch 220] step 140 loss: 0.1251
[Epoch 220] step 150 loss: 0.1366
[Epoch 220] step 160 loss: 0.1152
[Epoch 220] step 170 loss: 0.1178
[Epoch 220] step 180 loss: 0.1822
[Epoch 220] step 190 loss: 0.1358
[Epoch 220] step 200 loss: 0.1445
[Epoch 220] step 210 loss: 0.1081
[Epoch 220] step 220 loss: 0.1521
[Epoch 220] step 230 loss: 0.1541
[Epoch 220] step 240 loss: 0.1159
[Epoch 220] step 250 loss: 0.1403
[Epoch 220] step 260 loss: 0.1533
[Epoch 220] step 270 loss: 0.1140
[Epoch 220] step 280 loss: 0.1218
[Epoch 220] step 290 loss: 0.1718
[Epoch 220] step 300 loss: 0.1004
[Epoch 220] step 310 loss: 0.1199
[Epoch 220] step 320 loss: 0.1792
[Epoch 220] step 330 loss: 0.1160
[Epoch 220] step 340 loss: 0.0897
[Epoch 220] step 350 loss: 0.1080
[Epoch 220] step 360 loss: 0.1763
[Epoch 220] step 370 loss: 0.1398
[Epoch 220] step 380 loss: 0.2036
[Epoch 220] step 390 loss: 0.1555
[Epoch 220] step 400 loss: 0.1261
[Epoch 220] step 410 loss: 0.1420
[Epoch 220] step 420 loss: 0.1092
[Epoch 220] step 430 loss: 0.1023
[Epoch 220] step 440 loss: 0.1559
[Epoch 220] step 450 loss: 0.1243
[Epoch 220] step 460 loss: 0.1483
[Epoch 220] step 470 loss: 0.1193
[Epoch 220] step 480 loss: 0.1344
[Epoch 220] step 490 loss: 0.1115
[Epoch 220] step 500 loss: 0.1048
[Epoch 220] step 510 loss: 0.1508
[Epoch 220] step 520 loss: 0.1058
[Epoch 220] step 530 loss: 0.1108
[Epoch 220] step 540 loss: 0.0982
[Epoch 220] step 550 loss: 0.1599
[Epoch 220] step 560 loss: 0.1258
[Epoch 220] step 570 loss: 0.1434
[Epoch 220] step 580 loss: 0.2260
[Epoch 220] step 590 loss: 0.1297
[Epoch 220] step 600 loss: 0.1227
[Epoch 220] step 610 loss: 0.1579
[Epoch 220] step 620 loss: 0.1476
[Epoch 220] step 630 loss: 0.1745
[Epoch 220] step 640 loss: 0.1113
[Epoch 220] step 650 loss: 0.1229
[Epoch 220] step 660 loss: 0.2171
[Epoch 220] step 670 loss: 0.1506
[Epoch 220] step 680 loss: 0.1405
[Epoch 220] step 690 loss: 0.1425
[Epoch 220] step 700 loss: 0.1105
[Epoch 220] step 710 loss: 0.1508
[Epoch 220] step 720 loss: 0.1565
[Epoch 220] step 730 loss: 0.1539
[Epoch 220] step 740 loss: 0.1829
[Epoch 220] step 750 loss: 0.1553
[Epoch 220] step 760 loss: 0.1536
[Epoch 220] step 770 loss: 0.1606
[Epoch 220] step 780 loss: 0.1195
[Epoch 220] step 790 loss: 0.1063
[Epoch 220] step 800 loss: 0.1339
[Epoch 220] step 810 loss: 0.2233
==== Epoch 220 avg loss: 0.1437 ====
[Epoch 221] step 0 loss: 0.2260
[Epoch 221] step 10 loss: 0.1389
[Epoch 221] step 20 loss: 0.1522
[Epoch 221] step 30 loss: 0.1658
[Epoch 221] step 40 loss: 0.1301
[Epoch 221] step 50 loss: 0.1235
[Epoch 221] step 60 loss: 0.1656
[Epoch 221] step 70 loss: 0.1540
[Epoch 221] step 80 loss: 0.2486
[Epoch 221] step 90 loss: 0.1577
[Epoch 221] step 100 loss: 0.1627
[Epoch 221] step 110 loss: 0.1485
[Epoch 221] step 120 loss: 0.2426
[Epoch 221] step 130 loss: 0.1258
[Epoch 221] step 140 loss: 0.1154
[Epoch 221] step 150 loss: 0.1392
[Epoch 221] step 160 loss: 0.1196
[Epoch 221] step 170 loss: 0.1843
[Epoch 221] step 180 loss: 0.1524
[Epoch 221] step 190 loss: 0.1184
[Epoch 221] step 200 loss: 0.1295
[Epoch 221] step 210 loss: 0.1807
[Epoch 221] step 220 loss: 0.1576
[Epoch 221] step 230 loss: 0.1754
[Epoch 221] step 240 loss: 0.1587
[Epoch 221] step 250 loss: 0.1600
[Epoch 221] step 260 loss: 0.1269
[Epoch 221] step 270 loss: 0.0872
[Epoch 221] step 280 loss: 0.1739
[Epoch 221] step 290 loss: 0.1793
[Epoch 221] step 300 loss: 0.1495
[Epoch 221] step 310 loss: 0.1301
[Epoch 221] step 320 loss: 0.1846
[Epoch 221] step 330 loss: 0.2105
[Epoch 221] step 340 loss: 0.1087
[Epoch 221] step 350 loss: 0.1419
[Epoch 221] step 360 loss: 0.1659
[Epoch 221] step 370 loss: 0.1289
[Epoch 221] step 380 loss: 0.1729
[Epoch 221] step 390 loss: 0.1929
[Epoch 221] step 400 loss: 0.2211
[Epoch 221] step 410 loss: 0.1769
[Epoch 221] step 420 loss: 0.1366
[Epoch 221] step 430 loss: 0.1258
[Epoch 221] step 440 loss: 0.1528
[Epoch 221] step 450 loss: 0.1442
[Epoch 221] step 460 loss: 0.1723
[Epoch 221] step 470 loss: 0.1471
[Epoch 221] step 480 loss: 0.1205
[Epoch 221] step 490 loss: 0.1425
[Epoch 221] step 500 loss: 0.1512
[Epoch 221] step 510 loss: 0.1743
[Epoch 221] step 520 loss: 0.1434
[Epoch 221] step 530 loss: 0.1610
[Epoch 221] step 540 loss: 0.2197
[Epoch 221] step 550 loss: 0.1369
[Epoch 221] step 560 loss: 0.2229
[Epoch 221] step 570 loss: 0.1290
[Epoch 221] step 580 loss: 0.1443
[Epoch 221] step 590 loss: 0.1371
[Epoch 221] step 600 loss: 0.1312
[Epoch 221] step 610 loss: 0.1830
[Epoch 221] step 620 loss: 0.2275
[Epoch 221] step 630 loss: 0.1884
[Epoch 221] step 640 loss: 0.1493
[Epoch 221] step 650 loss: 0.1330
[Epoch 221] step 660 loss: 0.2537
[Epoch 221] step 670 loss: 0.1314
[Epoch 221] step 680 loss: 0.1444
[Epoch 221] step 690 loss: 0.1951
[Epoch 221] step 700 loss: 0.1798
[Epoch 221] step 710 loss: 0.1584
[Epoch 221] step 720 loss: 0.1969
[Epoch 221] step 730 loss: 0.1801
[Epoch 221] step 740 loss: 0.1894
[Epoch 221] step 750 loss: 0.1682
[Epoch 221] step 760 loss: 0.2020
[Epoch 221] step 770 loss: 0.1198
[Epoch 221] step 780 loss: 0.1405
[Epoch 221] step 790 loss: 0.1079
[Epoch 221] step 800 loss: 0.1960
[Epoch 221] step 810 loss: 0.1320
==== Epoch 221 avg loss: 0.1693 ====
[Epoch 222] step 0 loss: 0.1620
[Epoch 222] step 10 loss: 0.2378
[Epoch 222] step 20 loss: 0.1553
[Epoch 222] step 30 loss: 0.1861
[Epoch 222] step 40 loss: 0.1407
[Epoch 222] step 50 loss: 0.1694
[Epoch 222] step 60 loss: 0.2078
[Epoch 222] step 70 loss: 0.1626
[Epoch 222] step 80 loss: 0.1944
[Epoch 222] step 90 loss: 0.1412
[Epoch 222] step 100 loss: 0.1925
[Epoch 222] step 110 loss: 0.1326
[Epoch 222] step 120 loss: 0.1281
[Epoch 222] step 130 loss: 0.2025
[Epoch 222] step 140 loss: 0.1180
[Epoch 222] step 150 loss: 0.1662
[Epoch 222] step 160 loss: 0.0835
[Epoch 222] step 170 loss: 0.1402
[Epoch 222] step 180 loss: 0.1778
[Epoch 222] step 190 loss: 0.1321
[Epoch 222] step 200 loss: 0.1737
[Epoch 222] step 210 loss: 0.1306
[Epoch 222] step 220 loss: 0.1174
[Epoch 222] step 230 loss: 0.1538
[Epoch 222] step 240 loss: 0.1734
[Epoch 222] step 250 loss: 0.1493
[Epoch 222] step 260 loss: 0.2571
[Epoch 222] step 270 loss: 0.0809
[Epoch 222] step 280 loss: 0.1930
[Epoch 222] step 290 loss: 0.1549
[Epoch 222] step 300 loss: 0.1268
[Epoch 222] step 310 loss: 0.1793
[Epoch 222] step 320 loss: 0.1018
[Epoch 222] step 330 loss: 0.2220
[Epoch 222] step 340 loss: 0.1784
[Epoch 222] step 350 loss: 0.1034
[Epoch 222] step 360 loss: 0.2164
[Epoch 222] step 370 loss: 0.1618
[Epoch 222] step 380 loss: 0.1866
[Epoch 222] step 390 loss: 0.1981
[Epoch 222] step 400 loss: 0.1780
[Epoch 222] step 410 loss: 0.1982
[Epoch 222] step 420 loss: 0.1563
[Epoch 222] step 430 loss: 0.1184
[Epoch 222] step 440 loss: 0.1802
[Epoch 222] step 450 loss: 0.1626
[Epoch 222] step 460 loss: 0.1443
[Epoch 222] step 470 loss: 0.1313
[Epoch 222] step 480 loss: 0.1401
[Epoch 222] step 490 loss: 0.1269
[Epoch 222] step 500 loss: 0.1226
[Epoch 222] step 510 loss: 0.1437
[Epoch 222] step 520 loss: 0.1438
[Epoch 222] step 530 loss: 0.1405
[Epoch 222] step 540 loss: 0.1143
[Epoch 222] step 550 loss: 0.2154
[Epoch 222] step 560 loss: 0.1371
[Epoch 222] step 570 loss: 0.2135
[Epoch 222] step 580 loss: 0.1907
[Epoch 222] step 590 loss: 0.1743
[Epoch 222] step 600 loss: 0.1752
[Epoch 222] step 610 loss: 0.1530
[Epoch 222] step 620 loss: 0.1365
[Epoch 222] step 630 loss: 0.1923
[Epoch 222] step 640 loss: 0.1532
[Epoch 222] step 650 loss: 0.1576
[Epoch 222] step 660 loss: 0.1017
[Epoch 222] step 670 loss: 0.1246
[Epoch 222] step 680 loss: 0.1511
[Epoch 222] step 690 loss: 0.1915
[Epoch 222] step 700 loss: 0.1438
[Epoch 222] step 710 loss: 0.1287
[Epoch 222] step 720 loss: 0.2320
[Epoch 222] step 730 loss: 0.1811
[Epoch 222] step 740 loss: 0.1751
[Epoch 222] step 750 loss: 0.0948
[Epoch 222] step 760 loss: 0.1378
[Epoch 222] step 770 loss: 0.1468
[Epoch 222] step 780 loss: 0.1962
[Epoch 222] step 790 loss: 0.2362
[Epoch 222] step 800 loss: 0.1163
[Epoch 222] step 810 loss: 0.1244
==== Epoch 222 avg loss: 0.1582 ====
[Epoch 223] step 0 loss: 0.1546
[Epoch 223] step 10 loss: 0.1842
[Epoch 223] step 20 loss: 0.1142
[Epoch 223] step 30 loss: 0.1152
[Epoch 223] step 40 loss: 0.1424
[Epoch 223] step 50 loss: 0.1539
[Epoch 223] step 60 loss: 0.1651
[Epoch 223] step 70 loss: 0.1710
[Epoch 223] step 80 loss: 0.1680
[Epoch 223] step 90 loss: 0.1096
[Epoch 223] step 100 loss: 0.1293
[Epoch 223] step 110 loss: 0.1181
[Epoch 223] step 120 loss: 0.1595
[Epoch 223] step 130 loss: 0.1447
[Epoch 223] step 140 loss: 0.1228
[Epoch 223] step 150 loss: 0.1825
[Epoch 223] step 160 loss: 0.1275
[Epoch 223] step 170 loss: 0.2112
[Epoch 223] step 180 loss: 0.1350
[Epoch 223] step 190 loss: 0.1404
[Epoch 223] step 200 loss: 0.1624
[Epoch 223] step 210 loss: 0.1858
[Epoch 223] step 220 loss: 0.0749
[Epoch 223] step 230 loss: 0.1895
[Epoch 223] step 240 loss: 0.1350
[Epoch 223] step 250 loss: 0.2215
[Epoch 223] step 260 loss: 0.1414
[Epoch 223] step 270 loss: 0.1252
[Epoch 223] step 280 loss: 0.1235
[Epoch 223] step 290 loss: 0.2169
[Epoch 223] step 300 loss: 0.1282
[Epoch 223] step 310 loss: 0.2118
[Epoch 223] step 320 loss: 0.1909
[Epoch 223] step 330 loss: 0.2070
[Epoch 223] step 340 loss: 0.1903
[Epoch 223] step 350 loss: 0.1152
[Epoch 223] step 360 loss: 0.0968
[Epoch 223] step 370 loss: 0.1211
[Epoch 223] step 380 loss: 0.1130
[Epoch 223] step 390 loss: 0.1759
[Epoch 223] step 400 loss: 0.2043
[Epoch 223] step 410 loss: 0.1302
[Epoch 223] step 420 loss: 0.0910
[Epoch 223] step 430 loss: 0.1804
[Epoch 223] step 440 loss: 0.1582
[Epoch 223] step 450 loss: 0.0848
[Epoch 223] step 460 loss: 0.1806
[Epoch 223] step 470 loss: 0.0920
[Epoch 223] step 480 loss: 0.1065
[Epoch 223] step 490 loss: 0.1201
[Epoch 223] step 500 loss: 0.1606
[Epoch 223] step 510 loss: 0.1382
[Epoch 223] step 520 loss: 0.1628
[Epoch 223] step 530 loss: 0.1410
[Epoch 223] step 540 loss: 0.1336
[Epoch 223] step 550 loss: 0.1043
[Epoch 223] step 560 loss: 0.1701
[Epoch 223] step 570 loss: 0.1505
[Epoch 223] step 580 loss: 0.1664
[Epoch 223] step 590 loss: 0.1362
[Epoch 223] step 600 loss: 0.1562
[Epoch 223] step 610 loss: 0.1737
[Epoch 223] step 620 loss: 0.1773
[Epoch 223] step 630 loss: 0.2428
[Epoch 223] step 640 loss: 0.1820
[Epoch 223] step 650 loss: 0.1683
[Epoch 223] step 660 loss: 0.1444
[Epoch 223] step 670 loss: 0.1314
[Epoch 223] step 680 loss: 0.1147
[Epoch 223] step 690 loss: 0.1633
[Epoch 223] step 700 loss: 0.1161
[Epoch 223] step 710 loss: 0.1577
[Epoch 223] step 720 loss: 0.1948
[Epoch 223] step 730 loss: 0.1627
[Epoch 223] step 740 loss: 0.1353
[Epoch 223] step 750 loss: 0.1781
[Epoch 223] step 760 loss: 0.1437
[Epoch 223] step 770 loss: 0.1159
[Epoch 223] step 780 loss: 0.2101
[Epoch 223] step 790 loss: 0.0838
[Epoch 223] step 800 loss: 0.1483
[Epoch 223] step 810 loss: 0.0859
==== Epoch 223 avg loss: 0.1460 ====
[Epoch 224] step 0 loss: 0.1419
[Epoch 224] step 10 loss: 0.1053
[Epoch 224] step 20 loss: 0.1397
[Epoch 224] step 30 loss: 0.1063
[Epoch 224] step 40 loss: 0.0933
[Epoch 224] step 50 loss: 0.0856
[Epoch 224] step 60 loss: 0.1527
[Epoch 224] step 70 loss: 0.1042
[Epoch 224] step 80 loss: 0.0923
[Epoch 224] step 90 loss: 0.0599
[Epoch 224] step 100 loss: 0.1075
[Epoch 224] step 110 loss: 0.1595
[Epoch 224] step 120 loss: 0.1499
[Epoch 224] step 130 loss: 0.2336
[Epoch 224] step 140 loss: 0.0980
[Epoch 224] step 150 loss: 0.1210
[Epoch 224] step 160 loss: 0.1677
[Epoch 224] step 170 loss: 0.1435
[Epoch 224] step 180 loss: 0.1205
[Epoch 224] step 190 loss: 0.0849
[Epoch 224] step 200 loss: 0.1224
[Epoch 224] step 210 loss: 0.1646
[Epoch 224] step 220 loss: 0.2121
[Epoch 224] step 230 loss: 0.2082
[Epoch 224] step 240 loss: 0.1835
[Epoch 224] step 250 loss: 0.0948
[Epoch 224] step 260 loss: 0.0875
[Epoch 224] step 270 loss: 0.1050
[Epoch 224] step 280 loss: 0.1793
[Epoch 224] step 290 loss: 0.1540
[Epoch 224] step 300 loss: 0.1536
[Epoch 224] step 310 loss: 0.0934
[Epoch 224] step 320 loss: 0.1473
[Epoch 224] step 330 loss: 0.1697
[Epoch 224] step 340 loss: 0.1082
[Epoch 224] step 350 loss: 0.1350
[Epoch 224] step 360 loss: 0.1662
[Epoch 224] step 370 loss: 0.0975
[Epoch 224] step 380 loss: 0.1095
[Epoch 224] step 390 loss: 0.1879
[Epoch 224] step 400 loss: 0.0990
[Epoch 224] step 410 loss: 0.1634
[Epoch 224] step 420 loss: 0.0820
[Epoch 224] step 430 loss: 0.1054
[Epoch 224] step 440 loss: 0.1105
[Epoch 224] step 450 loss: 0.1173
[Epoch 224] step 460 loss: 0.1327
[Epoch 224] step 470 loss: 0.1345
[Epoch 224] step 480 loss: 0.1877
[Epoch 224] step 490 loss: 0.1162
[Epoch 224] step 500 loss: 0.1431
[Epoch 224] step 510 loss: 0.1779
[Epoch 224] step 520 loss: 0.1414
[Epoch 224] step 530 loss: 0.1660
[Epoch 224] step 540 loss: 0.1392
[Epoch 224] step 550 loss: 0.1543
[Epoch 224] step 560 loss: 0.1490
[Epoch 224] step 570 loss: 0.1661
[Epoch 224] step 580 loss: 0.1361
[Epoch 224] step 590 loss: 0.0775
[Epoch 224] step 600 loss: 0.1552
[Epoch 224] step 610 loss: 0.1538
[Epoch 224] step 620 loss: 0.0810
[Epoch 224] step 630 loss: 0.1264
[Epoch 224] step 640 loss: 0.1692
[Epoch 224] step 650 loss: 0.1631
[Epoch 224] step 660 loss: 0.1417
[Epoch 224] step 670 loss: 0.1391
[Epoch 224] step 680 loss: 0.2168
[Epoch 224] step 690 loss: 0.1251
[Epoch 224] step 700 loss: 0.0979
[Epoch 224] step 710 loss: 0.1489
[Epoch 224] step 720 loss: 0.1232
[Epoch 224] step 730 loss: 0.1560
[Epoch 224] step 740 loss: 0.1137
[Epoch 224] step 750 loss: 0.1307
[Epoch 224] step 760 loss: 0.1365
[Epoch 224] step 770 loss: 0.1181
[Epoch 224] step 780 loss: 0.1031
[Epoch 224] step 790 loss: 0.1269
[Epoch 224] step 800 loss: 0.1326
[Epoch 224] step 810 loss: 0.1808
==== Epoch 224 avg loss: 0.1354 ====
[Epoch 225] step 0 loss: 0.1893
[Epoch 225] step 10 loss: 0.1484
[Epoch 225] step 20 loss: 0.0954
[Epoch 225] step 30 loss: 0.1515
[Epoch 225] step 40 loss: 0.1305
[Epoch 225] step 50 loss: 0.1052
[Epoch 225] step 60 loss: 0.1670
[Epoch 225] step 70 loss: 0.2064
[Epoch 225] step 80 loss: 0.1800
[Epoch 225] step 90 loss: 0.1791
[Epoch 225] step 100 loss: 0.1297
[Epoch 225] step 110 loss: 0.1372
[Epoch 225] step 120 loss: 0.1564
[Epoch 225] step 130 loss: 0.1872
[Epoch 225] step 140 loss: 0.1844
[Epoch 225] step 150 loss: 0.1360
[Epoch 225] step 160 loss: 0.1394
[Epoch 225] step 170 loss: 0.1538
[Epoch 225] step 180 loss: 0.1253
[Epoch 225] step 190 loss: 0.1676
[Epoch 225] step 200 loss: 0.1620
[Epoch 225] step 210 loss: 0.1733
[Epoch 225] step 220 loss: 0.2590
[Epoch 225] step 230 loss: 0.2199
[Epoch 225] step 240 loss: 0.2258
[Epoch 225] step 250 loss: 0.1570
[Epoch 225] step 260 loss: 0.1218
[Epoch 225] step 270 loss: 0.2119
[Epoch 225] step 280 loss: 0.1207
[Epoch 225] step 290 loss: 0.1338
[Epoch 225] step 300 loss: 0.1216
[Epoch 225] step 310 loss: 0.2150
[Epoch 225] step 320 loss: 0.1337
[Epoch 225] step 330 loss: 0.1484
[Epoch 225] step 340 loss: 0.1804
[Epoch 225] step 350 loss: 0.1546
[Epoch 225] step 360 loss: 0.1578
[Epoch 225] step 370 loss: 0.1863
[Epoch 225] step 380 loss: 0.1941
[Epoch 225] step 390 loss: 0.1933
[Epoch 225] step 400 loss: 0.1653
[Epoch 225] step 410 loss: 0.1502
[Epoch 225] step 420 loss: 0.2263
[Epoch 225] step 430 loss: 0.1812
[Epoch 225] step 440 loss: 0.1366
[Epoch 225] step 450 loss: 0.1783
[Epoch 225] step 460 loss: 0.1744
[Epoch 225] step 470 loss: 0.1486
[Epoch 225] step 480 loss: 0.1971
[Epoch 225] step 490 loss: 0.1539
[Epoch 225] step 500 loss: 0.1332
[Epoch 225] step 510 loss: 0.1443
[Epoch 225] step 520 loss: 0.1219
[Epoch 225] step 530 loss: 0.1739
[Epoch 225] step 540 loss: 0.1712
[Epoch 225] step 550 loss: 0.1583
[Epoch 225] step 560 loss: 0.1543
[Epoch 225] step 570 loss: 0.1034
[Epoch 225] step 580 loss: 0.1905
[Epoch 225] step 590 loss: 0.0826
[Epoch 225] step 600 loss: 0.1790
[Epoch 225] step 610 loss: 0.0877
[Epoch 225] step 620 loss: 0.1118
[Epoch 225] step 630 loss: 0.1635
[Epoch 225] step 640 loss: 0.1701
[Epoch 225] step 650 loss: 0.1154
[Epoch 225] step 660 loss: 0.1418
[Epoch 225] step 670 loss: 0.1542
[Epoch 225] step 680 loss: 0.1360
[Epoch 225] step 690 loss: 0.1450
[Epoch 225] step 700 loss: 0.1963
[Epoch 225] step 710 loss: 0.0998
[Epoch 225] step 720 loss: 0.1578
[Epoch 225] step 730 loss: 0.1578
[Epoch 225] step 740 loss: 0.1534
[Epoch 225] step 750 loss: 0.1493
[Epoch 225] step 760 loss: 0.1716
[Epoch 225] step 770 loss: 0.2244
[Epoch 225] step 780 loss: 0.2149
[Epoch 225] step 790 loss: 0.1058
[Epoch 225] step 800 loss: 0.1364
[Epoch 225] step 810 loss: 0.1939
==== Epoch 225 avg loss: 0.1598 ====
[Epoch 226] step 0 loss: 0.1864
[Epoch 226] step 10 loss: 0.1498
[Epoch 226] step 20 loss: 0.0933
[Epoch 226] step 30 loss: 0.1931
[Epoch 226] step 40 loss: 0.0985
[Epoch 226] step 50 loss: 0.1634
[Epoch 226] step 60 loss: 0.1927
[Epoch 226] step 70 loss: 0.1301
[Epoch 226] step 80 loss: 0.1770
[Epoch 226] step 90 loss: 0.1969
[Epoch 226] step 100 loss: 0.1417
[Epoch 226] step 110 loss: 0.1282
[Epoch 226] step 120 loss: 0.1353
[Epoch 226] step 130 loss: 0.1371
[Epoch 226] step 140 loss: 0.1544
[Epoch 226] step 150 loss: 0.1255
[Epoch 226] step 160 loss: 0.1453
[Epoch 226] step 170 loss: 0.1841
[Epoch 226] step 180 loss: 0.1297
[Epoch 226] step 190 loss: 0.1501
[Epoch 226] step 200 loss: 0.1584
[Epoch 226] step 210 loss: 0.1826
[Epoch 226] step 220 loss: 0.1406
[Epoch 226] step 230 loss: 0.1885
[Epoch 226] step 240 loss: 0.1862
[Epoch 226] step 250 loss: 0.0834
[Epoch 226] step 260 loss: 0.1696
[Epoch 226] step 270 loss: 0.1405
[Epoch 226] step 280 loss: 0.1385
[Epoch 226] step 290 loss: 0.1704
[Epoch 226] step 300 loss: 0.1552
[Epoch 226] step 310 loss: 0.1337
[Epoch 226] step 320 loss: 0.2277
[Epoch 226] step 330 loss: 0.1651
[Epoch 226] step 340 loss: 0.1086
[Epoch 226] step 350 loss: 0.1252
[Epoch 226] step 360 loss: 0.1335
[Epoch 226] step 370 loss: 0.1684
[Epoch 226] step 380 loss: 0.1661
[Epoch 226] step 390 loss: 0.1837
[Epoch 226] step 400 loss: 0.2022
[Epoch 226] step 410 loss: 0.1293
[Epoch 226] step 420 loss: 0.1110
[Epoch 226] step 430 loss: 0.1737
[Epoch 226] step 440 loss: 0.1197
[Epoch 226] step 450 loss: 0.1139
[Epoch 226] step 460 loss: 0.1320
[Epoch 226] step 470 loss: 0.1720
[Epoch 226] step 480 loss: 0.1604
[Epoch 226] step 490 loss: 0.1976
[Epoch 226] step 500 loss: 0.1378
[Epoch 226] step 510 loss: 0.1150
[Epoch 226] step 520 loss: 0.1287
[Epoch 226] step 530 loss: 0.1573
[Epoch 226] step 540 loss: 0.0856
[Epoch 226] step 550 loss: 0.2338
[Epoch 226] step 560 loss: 0.1492
[Epoch 226] step 570 loss: 0.1396
[Epoch 226] step 580 loss: 0.1621
[Epoch 226] step 590 loss: 0.1532
[Epoch 226] step 600 loss: 0.2144
[Epoch 226] step 610 loss: 0.1305
[Epoch 226] step 620 loss: 0.1652
[Epoch 226] step 630 loss: 0.1578
[Epoch 226] step 640 loss: 0.1609
[Epoch 226] step 650 loss: 0.1678
[Epoch 226] step 660 loss: 0.1141
[Epoch 226] step 670 loss: 0.2003
[Epoch 226] step 680 loss: 0.1651
[Epoch 226] step 690 loss: 0.1386
[Epoch 226] step 700 loss: 0.1490
[Epoch 226] step 710 loss: 0.1744
[Epoch 226] step 720 loss: 0.1370
[Epoch 226] step 730 loss: 0.1313
[Epoch 226] step 740 loss: 0.1212
[Epoch 226] step 750 loss: 0.1449
[Epoch 226] step 760 loss: 0.1303
[Epoch 226] step 770 loss: 0.1600
[Epoch 226] step 780 loss: 0.1552
[Epoch 226] step 790 loss: 0.1780
[Epoch 226] step 800 loss: 0.1023
[Epoch 226] step 810 loss: 0.1293
==== Epoch 226 avg loss: 0.1563 ====
[Epoch 227] step 0 loss: 0.1099
[Epoch 227] step 10 loss: 0.1258
[Epoch 227] step 20 loss: 0.2255
[Epoch 227] step 30 loss: 0.1942
[Epoch 227] step 40 loss: 0.0927
[Epoch 227] step 50 loss: 0.1237
[Epoch 227] step 60 loss: 0.0971
[Epoch 227] step 70 loss: 0.1141
[Epoch 227] step 80 loss: 0.1418
[Epoch 227] step 90 loss: 0.2069
[Epoch 227] step 100 loss: 0.1089
[Epoch 227] step 110 loss: 0.2331
[Epoch 227] step 120 loss: 0.1778
[Epoch 227] step 130 loss: 0.1283
[Epoch 227] step 140 loss: 0.1593
[Epoch 227] step 150 loss: 0.1363
[Epoch 227] step 160 loss: 0.1780
[Epoch 227] step 170 loss: 0.1027
[Epoch 227] step 180 loss: 0.1506
[Epoch 227] step 190 loss: 0.1661
[Epoch 227] step 200 loss: 0.0971
[Epoch 227] step 210 loss: 0.1693
[Epoch 227] step 220 loss: 0.1652
[Epoch 227] step 230 loss: 0.1372
[Epoch 227] step 240 loss: 0.1065
[Epoch 227] step 250 loss: 0.1953
[Epoch 227] step 260 loss: 0.1353
[Epoch 227] step 270 loss: 0.1596
[Epoch 227] step 280 loss: 0.1448
[Epoch 227] step 290 loss: 0.1753
[Epoch 227] step 300 loss: 0.1310
[Epoch 227] step 310 loss: 0.1011
[Epoch 227] step 320 loss: 0.2080
[Epoch 227] step 330 loss: 0.1628
[Epoch 227] step 340 loss: 0.1257
[Epoch 227] step 350 loss: 0.1226
[Epoch 227] step 360 loss: 0.1197
[Epoch 227] step 370 loss: 0.1267
[Epoch 227] step 380 loss: 0.1218
[Epoch 227] step 390 loss: 0.1453
[Epoch 227] step 400 loss: 0.1358
[Epoch 227] step 410 loss: 0.1598
[Epoch 227] step 420 loss: 0.1164
[Epoch 227] step 430 loss: 0.0895
[Epoch 227] step 440 loss: 0.1590
[Epoch 227] step 450 loss: 0.1121
[Epoch 227] step 460 loss: 0.1228
[Epoch 227] step 470 loss: 0.1227
[Epoch 227] step 480 loss: 0.0974
[Epoch 227] step 490 loss: 0.1283
[Epoch 227] step 500 loss: 0.0937
[Epoch 227] step 510 loss: 0.1356
[Epoch 227] step 520 loss: 0.1745
[Epoch 227] step 530 loss: 0.1419
[Epoch 227] step 540 loss: 0.1395
[Epoch 227] step 550 loss: 0.0951
[Epoch 227] step 560 loss: 0.1289
[Epoch 227] step 570 loss: 0.1178
[Epoch 227] step 580 loss: 0.1405
[Epoch 227] step 590 loss: 0.1544
[Epoch 227] step 600 loss: 0.2094
[Epoch 227] step 610 loss: 0.0827
[Epoch 227] step 620 loss: 0.1379
[Epoch 227] step 630 loss: 0.1072
[Epoch 227] step 640 loss: 0.1007
[Epoch 227] step 650 loss: 0.1321
[Epoch 227] step 660 loss: 0.1359
[Epoch 227] step 670 loss: 0.0829
[Epoch 227] step 680 loss: 0.0974
[Epoch 227] step 690 loss: 0.1302
[Epoch 227] step 700 loss: 0.1006
[Epoch 227] step 710 loss: 0.1115
[Epoch 227] step 720 loss: 0.1286
[Epoch 227] step 730 loss: 0.1414
[Epoch 227] step 740 loss: 0.1338
[Epoch 227] step 750 loss: 0.1381
[Epoch 227] step 760 loss: 0.1529
[Epoch 227] step 770 loss: 0.0817
[Epoch 227] step 780 loss: 0.1409
[Epoch 227] step 790 loss: 0.1338
[Epoch 227] step 800 loss: 0.1170
[Epoch 227] step 810 loss: 0.1236
==== Epoch 227 avg loss: 0.1412 ====
[Epoch 228] step 0 loss: 0.1887
[Epoch 228] step 10 loss: 0.1620
[Epoch 228] step 20 loss: 0.1338
[Epoch 228] step 30 loss: 0.1650
[Epoch 228] step 40 loss: 0.1752
[Epoch 228] step 50 loss: 0.1675
[Epoch 228] step 60 loss: 0.1218
[Epoch 228] step 70 loss: 0.1372
[Epoch 228] step 80 loss: 0.1148
[Epoch 228] step 90 loss: 0.1399
[Epoch 228] step 100 loss: 0.1264
[Epoch 228] step 110 loss: 0.1237
[Epoch 228] step 120 loss: 0.1020
[Epoch 228] step 130 loss: 0.1103
[Epoch 228] step 140 loss: 0.0925
[Epoch 228] step 150 loss: 0.1269
[Epoch 228] step 160 loss: 0.1123
[Epoch 228] step 170 loss: 0.1713
[Epoch 228] step 180 loss: 0.0936
[Epoch 228] step 190 loss: 0.1339
[Epoch 228] step 200 loss: 0.1145
[Epoch 228] step 210 loss: 0.0871
[Epoch 228] step 220 loss: 0.1361
[Epoch 228] step 230 loss: 0.1217
[Epoch 228] step 240 loss: 0.1638
[Epoch 228] step 250 loss: 0.1011
[Epoch 228] step 260 loss: 0.0776
[Epoch 228] step 270 loss: 0.1345
[Epoch 228] step 280 loss: 0.1334
[Epoch 228] step 290 loss: 0.0948
[Epoch 228] step 300 loss: 0.1345
[Epoch 228] step 310 loss: 0.1181
[Epoch 228] step 320 loss: 0.0966
[Epoch 228] step 330 loss: 0.2109
[Epoch 228] step 340 loss: 0.1290
[Epoch 228] step 350 loss: 0.1430
[Epoch 228] step 360 loss: 0.1121
[Epoch 228] step 370 loss: 0.1029
[Epoch 228] step 380 loss: 0.1331
[Epoch 228] step 390 loss: 0.1180
[Epoch 228] step 400 loss: 0.1551
[Epoch 228] step 410 loss: 0.0926
[Epoch 228] step 420 loss: 0.0872
[Epoch 228] step 430 loss: 0.2347
[Epoch 228] step 440 loss: 0.0847
[Epoch 228] step 450 loss: 0.1156
[Epoch 228] step 460 loss: 0.1826
[Epoch 228] step 470 loss: 0.0979
[Epoch 228] step 480 loss: 0.1236
[Epoch 228] step 490 loss: 0.1166
[Epoch 228] step 500 loss: 0.0973
[Epoch 228] step 510 loss: 0.0709
[Epoch 228] step 520 loss: 0.1284
[Epoch 228] step 530 loss: 0.1017
[Epoch 228] step 540 loss: 0.0630
[Epoch 228] step 550 loss: 0.1078
[Epoch 228] step 560 loss: 0.0872
[Epoch 228] step 570 loss: 0.0924
[Epoch 228] step 580 loss: 0.1401
[Epoch 228] step 590 loss: 0.1352
[Epoch 228] step 600 loss: 0.1354
[Epoch 228] step 610 loss: 0.1934
[Epoch 228] step 620 loss: 0.1570
[Epoch 228] step 630 loss: 0.0950
[Epoch 228] step 640 loss: 0.1457
[Epoch 228] step 650 loss: 0.1159
[Epoch 228] step 660 loss: 0.0846
[Epoch 228] step 670 loss: 0.1823
[Epoch 228] step 680 loss: 0.1215
[Epoch 228] step 690 loss: 0.0936
[Epoch 228] step 700 loss: 0.0774
[Epoch 228] step 710 loss: 0.1081
[Epoch 228] step 720 loss: 0.1241
[Epoch 228] step 730 loss: 0.0856
[Epoch 228] step 740 loss: 0.1860
[Epoch 228] step 750 loss: 0.1267
[Epoch 228] step 760 loss: 0.1571
[Epoch 228] step 770 loss: 0.0772
[Epoch 228] step 780 loss: 0.1392
[Epoch 228] step 790 loss: 0.0940
[Epoch 228] step 800 loss: 0.1370
[Epoch 228] step 810 loss: 0.1364
==== Epoch 228 avg loss: 0.1269 ====
[Epoch 229] step 0 loss: 0.0886
[Epoch 229] step 10 loss: 0.1146
[Epoch 229] step 20 loss: 0.1224
[Epoch 229] step 30 loss: 0.1078
[Epoch 229] step 40 loss: 0.1431
[Epoch 229] step 50 loss: 0.1252
[Epoch 229] step 60 loss: 0.1086
[Epoch 229] step 70 loss: 0.1584
[Epoch 229] step 80 loss: 0.1229
[Epoch 229] step 90 loss: 0.0942
[Epoch 229] step 100 loss: 0.2001
[Epoch 229] step 110 loss: 0.2118
[Epoch 229] step 120 loss: 0.1018
[Epoch 229] step 130 loss: 0.1225
[Epoch 229] step 140 loss: 0.1893
[Epoch 229] step 150 loss: 0.2739
[Epoch 229] step 160 loss: 0.1789
[Epoch 229] step 170 loss: 0.1259
[Epoch 229] step 180 loss: 0.1061
[Epoch 229] step 190 loss: 0.1632
[Epoch 229] step 200 loss: 0.1528
[Epoch 229] step 210 loss: 0.1495
[Epoch 229] step 220 loss: 0.1329
[Epoch 229] step 230 loss: 0.1365
[Epoch 229] step 240 loss: 0.1661
[Epoch 229] step 250 loss: 0.1599
[Epoch 229] step 260 loss: 0.1851
[Epoch 229] step 270 loss: 0.1581
[Epoch 229] step 280 loss: 0.1408
[Epoch 229] step 290 loss: 0.1309
[Epoch 229] step 300 loss: 0.1649
[Epoch 229] step 310 loss: 0.1406
[Epoch 229] step 320 loss: 0.1483
[Epoch 229] step 330 loss: 0.1792
[Epoch 229] step 340 loss: 0.1084
[Epoch 229] step 350 loss: 0.1673
[Epoch 229] step 360 loss: 0.1612
[Epoch 229] step 370 loss: 0.1841
[Epoch 229] step 380 loss: 0.1445
[Epoch 229] step 390 loss: 0.1838
[Epoch 229] step 400 loss: 0.1457
[Epoch 229] step 410 loss: 0.1804
[Epoch 229] step 420 loss: 0.1733
[Epoch 229] step 430 loss: 0.2317
[Epoch 229] step 440 loss: 0.1890
[Epoch 229] step 450 loss: 0.1553
[Epoch 229] step 460 loss: 0.1443
[Epoch 229] step 470 loss: 0.2144
[Epoch 229] step 480 loss: 0.1960
[Epoch 229] step 490 loss: 0.1846
[Epoch 229] step 500 loss: 0.1821
[Epoch 229] step 510 loss: 0.1464
[Epoch 229] step 520 loss: 0.1185
[Epoch 229] step 530 loss: 0.1671
[Epoch 229] step 540 loss: 0.1178
[Epoch 229] step 550 loss: 0.1682
[Epoch 229] step 560 loss: 0.0973
[Epoch 229] step 570 loss: 0.1341
[Epoch 229] step 580 loss: 0.1414
[Epoch 229] step 590 loss: 0.1427
[Epoch 229] step 600 loss: 0.1176
[Epoch 229] step 610 loss: 0.1458
[Epoch 229] step 620 loss: 0.1203
[Epoch 229] step 630 loss: 0.2021
[Epoch 229] step 640 loss: 0.1973
[Epoch 229] step 650 loss: 0.1899
[Epoch 229] step 660 loss: 0.1602
[Epoch 229] step 670 loss: 0.1400
[Epoch 229] step 680 loss: 0.2001
[Epoch 229] step 690 loss: 0.1839
[Epoch 229] step 700 loss: 0.1283
[Epoch 229] step 710 loss: 0.0963
[Epoch 229] step 720 loss: 0.1238
[Epoch 229] step 730 loss: 0.1846
[Epoch 229] step 740 loss: 0.0807
[Epoch 229] step 750 loss: 0.1983
[Epoch 229] step 760 loss: 0.1870
[Epoch 229] step 770 loss: 0.2694
[Epoch 229] step 780 loss: 0.3291
[Epoch 229] step 790 loss: 0.2189
[Epoch 229] step 800 loss: 0.0994
[Epoch 229] step 810 loss: 0.1472
==== Epoch 229 avg loss: 0.1527 ====
[Epoch 230] step 0 loss: 0.1106
[Epoch 230] step 10 loss: 0.0786
[Epoch 230] step 20 loss: 0.1839
[Epoch 230] step 30 loss: 0.1495
[Epoch 230] step 40 loss: 0.1697
[Epoch 230] step 50 loss: 0.1688
[Epoch 230] step 60 loss: 0.1780
[Epoch 230] step 70 loss: 0.1386
[Epoch 230] step 80 loss: 0.0940
[Epoch 230] step 90 loss: 0.2338
[Epoch 230] step 100 loss: 0.2332
[Epoch 230] step 110 loss: 0.1635
[Epoch 230] step 120 loss: 0.0715
[Epoch 230] step 130 loss: 0.1267
[Epoch 230] step 140 loss: 0.0849
[Epoch 230] step 150 loss: 0.1482
[Epoch 230] step 160 loss: 0.1228
[Epoch 230] step 170 loss: 0.1598
[Epoch 230] step 180 loss: 0.1304
[Epoch 230] step 190 loss: 0.1287
[Epoch 230] step 200 loss: 0.1171
[Epoch 230] step 210 loss: 0.1503
[Epoch 230] step 220 loss: 0.1367
[Epoch 230] step 230 loss: 0.1722
[Epoch 230] step 240 loss: 0.1058
[Epoch 230] step 250 loss: 0.1519
[Epoch 230] step 260 loss: 0.1032
[Epoch 230] step 270 loss: 0.1208
[Epoch 230] step 280 loss: 0.1275
[Epoch 230] step 290 loss: 0.1705
[Epoch 230] step 300 loss: 0.1161
[Epoch 230] step 310 loss: 0.1391
[Epoch 230] step 320 loss: 0.1410
[Epoch 230] step 330 loss: 0.1801
[Epoch 230] step 340 loss: 0.1479
[Epoch 230] step 350 loss: 0.2249
[Epoch 230] step 360 loss: 0.1355
[Epoch 230] step 370 loss: 0.1048
[Epoch 230] step 380 loss: 0.1473
[Epoch 230] step 390 loss: 0.1848
[Epoch 230] step 400 loss: 0.2110
[Epoch 230] step 410 loss: 0.1394
[Epoch 230] step 420 loss: 0.1502
[Epoch 230] step 430 loss: 0.1421
[Epoch 230] step 440 loss: 0.2042
[Epoch 230] step 450 loss: 0.2544
[Epoch 230] step 460 loss: 0.1083
[Epoch 230] step 470 loss: 0.1819
[Epoch 230] step 480 loss: 0.1536
[Epoch 230] step 490 loss: 0.2565
[Epoch 230] step 500 loss: 0.1239
[Epoch 230] step 510 loss: 0.1419
[Epoch 230] step 520 loss: 0.1385
[Epoch 230] step 530 loss: 0.1254
[Epoch 230] step 540 loss: 0.1643
[Epoch 230] step 550 loss: 0.1827
[Epoch 230] step 560 loss: 0.1752
[Epoch 230] step 570 loss: 0.1679
[Epoch 230] step 580 loss: 0.1610
[Epoch 230] step 590 loss: 0.1570
[Epoch 230] step 600 loss: 0.1436
[Epoch 230] step 610 loss: 0.0731
[Epoch 230] step 620 loss: 0.1260
[Epoch 230] step 630 loss: 0.2125
[Epoch 230] step 640 loss: 0.1275
[Epoch 230] step 650 loss: 0.1508
[Epoch 230] step 660 loss: 0.1876
[Epoch 230] step 670 loss: 0.1475
[Epoch 230] step 680 loss: 0.1753
[Epoch 230] step 690 loss: 0.1421
[Epoch 230] step 700 loss: 0.1778
[Epoch 230] step 710 loss: 0.1515
[Epoch 230] step 720 loss: 0.1375
[Epoch 230] step 730 loss: 0.1479
[Epoch 230] step 740 loss: 0.1330
[Epoch 230] step 750 loss: 0.1175
[Epoch 230] step 760 loss: 0.1670
[Epoch 230] step 770 loss: 0.1686
[Epoch 230] step 780 loss: 0.1889
[Epoch 230] step 790 loss: 0.1610
[Epoch 230] step 800 loss: 0.1762
[Epoch 230] step 810 loss: 0.1817
==== Epoch 230 avg loss: 0.1520 ====
[Epoch 231] step 0 loss: 0.1969
[Epoch 231] step 10 loss: 0.1294
[Epoch 231] step 20 loss: 0.1130
[Epoch 231] step 30 loss: 0.1844
[Epoch 231] step 40 loss: 0.1263
[Epoch 231] step 50 loss: 0.1491
[Epoch 231] step 60 loss: 0.1138
[Epoch 231] step 70 loss: 0.1188
[Epoch 231] step 80 loss: 0.0919
[Epoch 231] step 90 loss: 0.1681
[Epoch 231] step 100 loss: 0.0939
[Epoch 231] step 110 loss: 0.1183
[Epoch 231] step 120 loss: 0.1135
[Epoch 231] step 130 loss: 0.1592
[Epoch 231] step 140 loss: 0.1474
[Epoch 231] step 150 loss: 0.1327
[Epoch 231] step 160 loss: 0.0979
[Epoch 231] step 170 loss: 0.0957
[Epoch 231] step 180 loss: 0.2235
[Epoch 231] step 190 loss: 0.0987
[Epoch 231] step 200 loss: 0.1465
[Epoch 231] step 210 loss: 0.1436
[Epoch 231] step 220 loss: 0.1705
[Epoch 231] step 230 loss: 0.1752
[Epoch 231] step 240 loss: 0.1721
[Epoch 231] step 250 loss: 0.1367
[Epoch 231] step 260 loss: 0.0989
[Epoch 231] step 270 loss: 0.1672
[Epoch 231] step 280 loss: 0.1005
[Epoch 231] step 290 loss: 0.1435
[Epoch 231] step 300 loss: 0.1325
[Epoch 231] step 310 loss: 0.1707
[Epoch 231] step 320 loss: 0.1846
[Epoch 231] step 330 loss: 0.1099
[Epoch 231] step 340 loss: 0.1387
[Epoch 231] step 350 loss: 0.1582
[Epoch 231] step 360 loss: 0.1721
[Epoch 231] step 370 loss: 0.0819
[Epoch 231] step 380 loss: 0.1430
[Epoch 231] step 390 loss: 0.1184
[Epoch 231] step 400 loss: 0.1394
[Epoch 231] step 410 loss: 0.1742
[Epoch 231] step 420 loss: 0.1582
[Epoch 231] step 430 loss: 0.1172
[Epoch 231] step 440 loss: 0.1609
[Epoch 231] step 450 loss: 0.1582
[Epoch 231] step 460 loss: 0.1270
[Epoch 231] step 470 loss: 0.2090
[Epoch 231] step 480 loss: 0.0831
[Epoch 231] step 490 loss: 0.1951
[Epoch 231] step 500 loss: 0.0913
[Epoch 231] step 510 loss: 0.1513
[Epoch 231] step 520 loss: 0.1566
[Epoch 231] step 530 loss: 0.1200
[Epoch 231] step 540 loss: 0.1973
[Epoch 231] step 550 loss: 0.1295
[Epoch 231] step 560 loss: 0.1234
[Epoch 231] step 570 loss: 0.1613
[Epoch 231] step 580 loss: 0.1201
[Epoch 231] step 590 loss: 0.1122
[Epoch 231] step 600 loss: 0.2093
[Epoch 231] step 610 loss: 0.0954
[Epoch 231] step 620 loss: 0.1162
[Epoch 231] step 630 loss: 0.1144
[Epoch 231] step 640 loss: 0.1128
[Epoch 231] step 650 loss: 0.1773
[Epoch 231] step 660 loss: 0.0994
[Epoch 231] step 670 loss: 0.1409
[Epoch 231] step 680 loss: 0.1084
[Epoch 231] step 690 loss: 0.1248
[Epoch 231] step 700 loss: 0.1750
[Epoch 231] step 710 loss: 0.0911
[Epoch 231] step 720 loss: 0.1174
[Epoch 231] step 730 loss: 0.1137
[Epoch 231] step 740 loss: 0.0924
[Epoch 231] step 750 loss: 0.1410
[Epoch 231] step 760 loss: 0.1115
[Epoch 231] step 770 loss: 0.1439
[Epoch 231] step 780 loss: 0.0772
[Epoch 231] step 790 loss: 0.1894
[Epoch 231] step 800 loss: 0.0987
[Epoch 231] step 810 loss: 0.1287
==== Epoch 231 avg loss: 0.1391 ====
[Epoch 232] step 0 loss: 0.1081
[Epoch 232] step 10 loss: 0.1736
[Epoch 232] step 20 loss: 0.0969
[Epoch 232] step 30 loss: 0.1100
[Epoch 232] step 40 loss: 0.1230
[Epoch 232] step 50 loss: 0.1519
[Epoch 232] step 60 loss: 0.1942
[Epoch 232] step 70 loss: 0.1405
[Epoch 232] step 80 loss: 0.1090
[Epoch 232] step 90 loss: 0.0656
[Epoch 232] step 100 loss: 0.0966
[Epoch 232] step 110 loss: 0.0701
[Epoch 232] step 120 loss: 0.1623
[Epoch 232] step 130 loss: 0.1299
[Epoch 232] step 140 loss: 0.1234
[Epoch 232] step 150 loss: 0.1033
[Epoch 232] step 160 loss: 0.0621
[Epoch 232] step 170 loss: 0.1144
[Epoch 232] step 180 loss: 0.1810
[Epoch 232] step 190 loss: 0.1357
[Epoch 232] step 200 loss: 0.1136
[Epoch 232] step 210 loss: 0.0994
[Epoch 232] step 220 loss: 0.1361
[Epoch 232] step 230 loss: 0.0786
[Epoch 232] step 240 loss: 0.1491
[Epoch 232] step 250 loss: 0.0744
[Epoch 232] step 260 loss: 0.1305
[Epoch 232] step 270 loss: 0.0667
[Epoch 232] step 280 loss: 0.1357
[Epoch 232] step 290 loss: 0.1395
[Epoch 232] step 300 loss: 0.1043
[Epoch 232] step 310 loss: 0.1837
[Epoch 232] step 320 loss: 0.1159
[Epoch 232] step 330 loss: 0.1288
[Epoch 232] step 340 loss: 0.1339
[Epoch 232] step 350 loss: 0.1336
[Epoch 232] step 360 loss: 0.1325
[Epoch 232] step 370 loss: 0.1513
[Epoch 232] step 380 loss: 0.0990
[Epoch 232] step 390 loss: 0.1451
[Epoch 232] step 400 loss: 0.1496
[Epoch 232] step 410 loss: 0.1345
[Epoch 232] step 420 loss: 0.1090
[Epoch 232] step 430 loss: 0.1306
[Epoch 232] step 440 loss: 0.1641
[Epoch 232] step 450 loss: 0.1270
[Epoch 232] step 460 loss: 0.1739
[Epoch 232] step 470 loss: 0.0975
[Epoch 232] step 480 loss: 0.0694
[Epoch 232] step 490 loss: 0.1164
[Epoch 232] step 500 loss: 0.0887
[Epoch 232] step 510 loss: 0.1014
[Epoch 232] step 520 loss: 0.1071
[Epoch 232] step 530 loss: 0.0476
[Epoch 232] step 540 loss: 0.1489
[Epoch 232] step 550 loss: 0.0603
[Epoch 232] step 560 loss: 0.0873
[Epoch 232] step 570 loss: 0.0691
[Epoch 232] step 580 loss: 0.1081
[Epoch 232] step 590 loss: 0.1086
[Epoch 232] step 600 loss: 0.1268
[Epoch 232] step 610 loss: 0.0826
[Epoch 232] step 620 loss: 0.1618
[Epoch 232] step 630 loss: 0.1331
[Epoch 232] step 640 loss: 0.1050
[Epoch 232] step 650 loss: 0.0504
[Epoch 232] step 660 loss: 0.2081
[Epoch 232] step 670 loss: 0.1234
[Epoch 232] step 680 loss: 0.2263
[Epoch 232] step 690 loss: 0.1757
[Epoch 232] step 700 loss: 0.0972
[Epoch 232] step 710 loss: 0.1622
[Epoch 232] step 720 loss: 0.1190
[Epoch 232] step 730 loss: 0.0698
[Epoch 232] step 740 loss: 0.1570
[Epoch 232] step 750 loss: 0.1271
[Epoch 232] step 760 loss: 0.0928
[Epoch 232] step 770 loss: 0.1002
[Epoch 232] step 780 loss: 0.1598
[Epoch 232] step 790 loss: 0.2141
[Epoch 232] step 800 loss: 0.1006
[Epoch 232] step 810 loss: 0.0964
==== Epoch 232 avg loss: 0.1232 ====
[Epoch 233] step 0 loss: 0.1050
[Epoch 233] step 10 loss: 0.1117
[Epoch 233] step 20 loss: 0.1082
[Epoch 233] step 30 loss: 0.0870
[Epoch 233] step 40 loss: 0.1162
[Epoch 233] step 50 loss: 0.1776
[Epoch 233] step 60 loss: 0.1250
[Epoch 233] step 70 loss: 0.0749
[Epoch 233] step 80 loss: 0.0957
[Epoch 233] step 90 loss: 0.1116
[Epoch 233] step 100 loss: 0.1211
[Epoch 233] step 110 loss: 0.0548
[Epoch 233] step 120 loss: 0.0444
[Epoch 233] step 130 loss: 0.0744
[Epoch 233] step 140 loss: 0.1733
[Epoch 233] step 150 loss: 0.1435
[Epoch 233] step 160 loss: 0.1018
[Epoch 233] step 170 loss: 0.0858
[Epoch 233] step 180 loss: 0.1156
[Epoch 233] step 190 loss: 0.1020
[Epoch 233] step 200 loss: 0.1171
[Epoch 233] step 210 loss: 0.1126
[Epoch 233] step 220 loss: 0.1025
[Epoch 233] step 230 loss: 0.1308
[Epoch 233] step 240 loss: 0.0780
[Epoch 233] step 250 loss: 0.1157
[Epoch 233] step 260 loss: 0.1254
[Epoch 233] step 270 loss: 0.1280
[Epoch 233] step 280 loss: 0.1275
[Epoch 233] step 290 loss: 0.2001
[Epoch 233] step 300 loss: 0.1513
[Epoch 233] step 310 loss: 0.1198
[Epoch 233] step 320 loss: 0.1265
[Epoch 233] step 330 loss: 0.1385
[Epoch 233] step 340 loss: 0.1648
[Epoch 233] step 350 loss: 0.1584
[Epoch 233] step 360 loss: 0.1196
[Epoch 233] step 370 loss: 0.1501
[Epoch 233] step 380 loss: 0.1148
[Epoch 233] step 390 loss: 0.1013
[Epoch 233] step 400 loss: 0.0977
[Epoch 233] step 410 loss: 0.1801
[Epoch 233] step 420 loss: 0.1083
[Epoch 233] step 430 loss: 0.1653
[Epoch 233] step 440 loss: 0.1419
[Epoch 233] step 450 loss: 0.1867
[Epoch 233] step 460 loss: 0.1091
[Epoch 233] step 470 loss: 0.0783
[Epoch 233] step 480 loss: 0.0908
[Epoch 233] step 490 loss: 0.1040
[Epoch 233] step 500 loss: 0.1010
[Epoch 233] step 510 loss: 0.1208
[Epoch 233] step 520 loss: 0.0921
[Epoch 233] step 530 loss: 0.1168
[Epoch 233] step 540 loss: 0.0945
[Epoch 233] step 550 loss: 0.1221
[Epoch 233] step 560 loss: 0.1087
[Epoch 233] step 570 loss: 0.1082
[Epoch 233] step 580 loss: 0.1015
[Epoch 233] step 590 loss: 0.1398
[Epoch 233] step 600 loss: 0.1241
[Epoch 233] step 610 loss: 0.1077
[Epoch 233] step 620 loss: 0.0867
[Epoch 233] step 630 loss: 0.1192
[Epoch 233] step 640 loss: 0.0822
[Epoch 233] step 650 loss: 0.1529
[Epoch 233] step 660 loss: 0.1418
[Epoch 233] step 670 loss: 0.1065
[Epoch 233] step 680 loss: 0.1306
[Epoch 233] step 690 loss: 0.1530
[Epoch 233] step 700 loss: 0.0993
[Epoch 233] step 710 loss: 0.0903
[Epoch 233] step 720 loss: 0.1594
[Epoch 233] step 730 loss: 0.1388
[Epoch 233] step 740 loss: 0.1362
[Epoch 233] step 750 loss: 0.1714
[Epoch 233] step 760 loss: 0.1221
[Epoch 233] step 770 loss: 0.1300
[Epoch 233] step 780 loss: 0.1695
[Epoch 233] step 790 loss: 0.1209
[Epoch 233] step 800 loss: 0.1288
[Epoch 233] step 810 loss: 0.1840
==== Epoch 233 avg loss: 0.1256 ====
[Epoch 234] step 0 loss: 0.1585
[Epoch 234] step 10 loss: 0.1504
[Epoch 234] step 20 loss: 0.0894
[Epoch 234] step 30 loss: 0.1141
[Epoch 234] step 40 loss: 0.1421
[Epoch 234] step 50 loss: 0.0803
[Epoch 234] step 60 loss: 0.1334
[Epoch 234] step 70 loss: 0.0843
[Epoch 234] step 80 loss: 0.0712
[Epoch 234] step 90 loss: 0.1217
[Epoch 234] step 100 loss: 0.1191
[Epoch 234] step 110 loss: 0.1372
[Epoch 234] step 120 loss: 0.1114
[Epoch 234] step 130 loss: 0.2127
[Epoch 234] step 140 loss: 0.0668
[Epoch 234] step 150 loss: 0.1421
[Epoch 234] step 160 loss: 0.2032
[Epoch 234] step 170 loss: 0.1253
[Epoch 234] step 180 loss: 0.0753
[Epoch 234] step 190 loss: 0.1165
[Epoch 234] step 200 loss: 0.1549
[Epoch 234] step 210 loss: 0.1093
[Epoch 234] step 220 loss: 0.1877
[Epoch 234] step 230 loss: 0.0820
[Epoch 234] step 240 loss: 0.1156
[Epoch 234] step 250 loss: 0.0682
[Epoch 234] step 260 loss: 0.1135
[Epoch 234] step 270 loss: 0.1206
[Epoch 234] step 280 loss: 0.0967
[Epoch 234] step 290 loss: 0.0795
[Epoch 234] step 300 loss: 0.1208
[Epoch 234] step 310 loss: 0.1372
[Epoch 234] step 320 loss: 0.0899
[Epoch 234] step 330 loss: 0.1299
[Epoch 234] step 340 loss: 0.1170
[Epoch 234] step 350 loss: 0.1238
[Epoch 234] step 360 loss: 0.1408
[Epoch 234] step 370 loss: 0.1046
[Epoch 234] step 380 loss: 0.1408
[Epoch 234] step 390 loss: 0.1431
[Epoch 234] step 400 loss: 0.0876
[Epoch 234] step 410 loss: 0.0580
[Epoch 234] step 420 loss: 0.1134
[Epoch 234] step 430 loss: 0.1307
[Epoch 234] step 440 loss: 0.0905
[Epoch 234] step 450 loss: 0.1089
[Epoch 234] step 460 loss: 0.1042
[Epoch 234] step 470 loss: 0.0746
[Epoch 234] step 480 loss: 0.0993
[Epoch 234] step 490 loss: 0.1170
[Epoch 234] step 500 loss: 0.1287
[Epoch 234] step 510 loss: 0.0904
[Epoch 234] step 520 loss: 0.1102
[Epoch 234] step 530 loss: 0.0799
[Epoch 234] step 540 loss: 0.1435
[Epoch 234] step 550 loss: 0.1464
[Epoch 234] step 560 loss: 0.1986
[Epoch 234] step 570 loss: 0.1402
[Epoch 234] step 580 loss: 0.1347
[Epoch 234] step 590 loss: 0.1492
[Epoch 234] step 600 loss: 0.1551
[Epoch 234] step 610 loss: 0.1465
[Epoch 234] step 620 loss: 0.1181
[Epoch 234] step 630 loss: 0.1204
[Epoch 234] step 640 loss: 0.1099
[Epoch 234] step 650 loss: 0.1499
[Epoch 234] step 660 loss: 0.1562
[Epoch 234] step 670 loss: 0.1686
[Epoch 234] step 680 loss: 0.0928
[Epoch 234] step 690 loss: 0.2244
[Epoch 234] step 700 loss: 0.1838
[Epoch 234] step 710 loss: 0.1589
[Epoch 234] step 720 loss: 0.1431
[Epoch 234] step 730 loss: 0.1972
[Epoch 234] step 740 loss: 0.1492
[Epoch 234] step 750 loss: 0.1206
[Epoch 234] step 760 loss: 0.1707
[Epoch 234] step 770 loss: 0.1351
[Epoch 234] step 780 loss: 0.1454
[Epoch 234] step 790 loss: 0.1445
[Epoch 234] step 800 loss: 0.2247
[Epoch 234] step 810 loss: 0.1425
==== Epoch 234 avg loss: 0.1339 ====
[Epoch 235] step 0 loss: 0.1886
[Epoch 235] step 10 loss: 0.1951
[Epoch 235] step 20 loss: 0.1536
[Epoch 235] step 30 loss: 0.1610
[Epoch 235] step 40 loss: 0.1065
[Epoch 235] step 50 loss: 0.2072
[Epoch 235] step 60 loss: 0.2038
[Epoch 235] step 70 loss: 0.1204
[Epoch 235] step 80 loss: 0.1130
[Epoch 235] step 90 loss: 0.1850
[Epoch 235] step 100 loss: 0.1763
[Epoch 235] step 110 loss: 0.1916
[Epoch 235] step 120 loss: 0.1577
[Epoch 235] step 130 loss: 0.1159
[Epoch 235] step 140 loss: 0.0923
[Epoch 235] step 150 loss: 0.1684
[Epoch 235] step 160 loss: 0.2006
[Epoch 235] step 170 loss: 0.1620
[Epoch 235] step 180 loss: 0.1628
[Epoch 235] step 190 loss: 0.1491
[Epoch 235] step 200 loss: 0.1644
[Epoch 235] step 210 loss: 0.2079
[Epoch 235] step 220 loss: 0.1719
[Epoch 235] step 230 loss: 0.0924
[Epoch 235] step 240 loss: 0.1118
[Epoch 235] step 250 loss: 0.1502
[Epoch 235] step 260 loss: 0.1903
[Epoch 235] step 270 loss: 0.1300
[Epoch 235] step 280 loss: 0.2090
[Epoch 235] step 290 loss: 0.0737
[Epoch 235] step 300 loss: 0.1817
[Epoch 235] step 310 loss: 0.1196
[Epoch 235] step 320 loss: 0.1271
[Epoch 235] step 330 loss: 0.1362
[Epoch 235] step 340 loss: 0.1804
[Epoch 235] step 350 loss: 0.1537
[Epoch 235] step 360 loss: 0.1730
[Epoch 235] step 370 loss: 0.1914
[Epoch 235] step 380 loss: 0.1063
[Epoch 235] step 390 loss: 0.1159
[Epoch 235] step 400 loss: 0.2027
[Epoch 235] step 410 loss: 0.1447
[Epoch 235] step 420 loss: 0.2158
[Epoch 235] step 430 loss: 0.1597
[Epoch 235] step 440 loss: 0.1311
[Epoch 235] step 450 loss: 0.1174
[Epoch 235] step 460 loss: 0.1860
[Epoch 235] step 470 loss: 0.1949
[Epoch 235] step 480 loss: 0.1238
[Epoch 235] step 490 loss: 0.1225
[Epoch 235] step 500 loss: 0.1585
[Epoch 235] step 510 loss: 0.2091
[Epoch 235] step 520 loss: 0.2050
[Epoch 235] step 530 loss: 0.1730
[Epoch 235] step 540 loss: 0.1536
[Epoch 235] step 550 loss: 0.1017
[Epoch 235] step 560 loss: 0.1655
[Epoch 235] step 570 loss: 0.1606
[Epoch 235] step 580 loss: 0.1046
[Epoch 235] step 590 loss: 0.1689
[Epoch 235] step 600 loss: 0.2161
[Epoch 235] step 610 loss: 0.1880
[Epoch 235] step 620 loss: 0.1688
[Epoch 235] step 630 loss: 0.2002
[Epoch 235] step 640 loss: 0.1208
[Epoch 235] step 650 loss: 0.1994
[Epoch 235] step 660 loss: 0.1249
[Epoch 235] step 670 loss: 0.1935
[Epoch 235] step 680 loss: 0.1961
[Epoch 235] step 690 loss: 0.1097
[Epoch 235] step 700 loss: 0.1113
[Epoch 235] step 710 loss: 0.1641
[Epoch 235] step 720 loss: 0.2287
[Epoch 235] step 730 loss: 0.0986
[Epoch 235] step 740 loss: 0.1225
[Epoch 235] step 750 loss: 0.1714
[Epoch 235] step 760 loss: 0.1430
[Epoch 235] step 770 loss: 0.1465
[Epoch 235] step 780 loss: 0.1719
[Epoch 235] step 790 loss: 0.0890
[Epoch 235] step 800 loss: 0.1577
[Epoch 235] step 810 loss: 0.1788
==== Epoch 235 avg loss: 0.1543 ====
[Epoch 236] step 0 loss: 0.1791
[Epoch 236] step 10 loss: 0.1628
[Epoch 236] step 20 loss: 0.1056
[Epoch 236] step 30 loss: 0.1195
[Epoch 236] step 40 loss: 0.1112
[Epoch 236] step 50 loss: 0.1637
[Epoch 236] step 60 loss: 0.1414
[Epoch 236] step 70 loss: 0.0788
[Epoch 236] step 80 loss: 0.1429
[Epoch 236] step 90 loss: 0.2243
[Epoch 236] step 100 loss: 0.1237
[Epoch 236] step 110 loss: 0.1605
[Epoch 236] step 120 loss: 0.1094
[Epoch 236] step 130 loss: 0.1025
[Epoch 236] step 140 loss: 0.1048
[Epoch 236] step 150 loss: 0.1499
[Epoch 236] step 160 loss: 0.1381
[Epoch 236] step 170 loss: 0.1316
[Epoch 236] step 180 loss: 0.1068
[Epoch 236] step 190 loss: 0.1198
[Epoch 236] step 200 loss: 0.0934
[Epoch 236] step 210 loss: 0.1106
[Epoch 236] step 220 loss: 0.1269
[Epoch 236] step 230 loss: 0.1085
[Epoch 236] step 240 loss: 0.1970
[Epoch 236] step 250 loss: 0.1958
[Epoch 236] step 260 loss: 0.1416
[Epoch 236] step 270 loss: 0.1256
[Epoch 236] step 280 loss: 0.0878
[Epoch 236] step 290 loss: 0.1184
[Epoch 236] step 300 loss: 0.1666
[Epoch 236] step 310 loss: 0.1764
[Epoch 236] step 320 loss: 0.1405
[Epoch 236] step 330 loss: 0.1704
[Epoch 236] step 340 loss: 0.1174
[Epoch 236] step 350 loss: 0.2375
[Epoch 236] step 360 loss: 0.1121
[Epoch 236] step 370 loss: 0.1546
[Epoch 236] step 380 loss: 0.1105
[Epoch 236] step 390 loss: 0.1164
[Epoch 236] step 400 loss: 0.0945
[Epoch 236] step 410 loss: 0.1327
[Epoch 236] step 420 loss: 0.1485
[Epoch 236] step 430 loss: 0.0990
[Epoch 236] step 440 loss: 0.1715
[Epoch 236] step 450 loss: 0.1234
[Epoch 236] step 460 loss: 0.1350
[Epoch 236] step 470 loss: 0.1468
[Epoch 236] step 480 loss: 0.1313
[Epoch 236] step 490 loss: 0.1999
[Epoch 236] step 500 loss: 0.1241
[Epoch 236] step 510 loss: 0.1113
[Epoch 236] step 520 loss: 0.1354
[Epoch 236] step 530 loss: 0.1384
[Epoch 236] step 540 loss: 0.1722
[Epoch 236] step 550 loss: 0.1807
[Epoch 236] step 560 loss: 0.1887
[Epoch 236] step 570 loss: 0.1315
[Epoch 236] step 580 loss: 0.2159
[Epoch 236] step 590 loss: 0.1167
[Epoch 236] step 600 loss: 0.1988
[Epoch 236] step 610 loss: 0.1482
[Epoch 236] step 620 loss: 0.1951
[Epoch 236] step 630 loss: 0.1718
[Epoch 236] step 640 loss: 0.1224
[Epoch 236] step 650 loss: 0.1518
[Epoch 236] step 660 loss: 0.1202
[Epoch 236] step 670 loss: 0.2060
[Epoch 236] step 680 loss: 0.1071
[Epoch 236] step 690 loss: 0.1791
[Epoch 236] step 700 loss: 0.1460
[Epoch 236] step 710 loss: 0.1100
[Epoch 236] step 720 loss: 0.1583
[Epoch 236] step 730 loss: 0.1189
[Epoch 236] step 740 loss: 0.1599
[Epoch 236] step 750 loss: 0.1960
[Epoch 236] step 760 loss: 0.2011
[Epoch 236] step 770 loss: 0.1750
[Epoch 236] step 780 loss: 0.1808
[Epoch 236] step 790 loss: 0.1166
[Epoch 236] step 800 loss: 0.1182
[Epoch 236] step 810 loss: 0.1187
==== Epoch 236 avg loss: 0.1408 ====
[Epoch 237] step 0 loss: 0.1436
[Epoch 237] step 10 loss: 0.1189
[Epoch 237] step 20 loss: 0.0845
[Epoch 237] step 30 loss: 0.1238
[Epoch 237] step 40 loss: 0.0959
[Epoch 237] step 50 loss: 0.1170
[Epoch 237] step 60 loss: 0.1502
[Epoch 237] step 70 loss: 0.1413
[Epoch 237] step 80 loss: 0.1389
[Epoch 237] step 90 loss: 0.0804
[Epoch 237] step 100 loss: 0.1676
[Epoch 237] step 110 loss: 0.1032
[Epoch 237] step 120 loss: 0.1667
[Epoch 237] step 130 loss: 0.1170
[Epoch 237] step 140 loss: 0.1673
[Epoch 237] step 150 loss: 0.1331
[Epoch 237] step 160 loss: 0.2031
[Epoch 237] step 170 loss: 0.1281
[Epoch 237] step 180 loss: 0.1053
[Epoch 237] step 190 loss: 0.0829
[Epoch 237] step 200 loss: 0.1246
[Epoch 237] step 210 loss: 0.1103
[Epoch 237] step 220 loss: 0.1242
[Epoch 237] step 230 loss: 0.1228
[Epoch 237] step 240 loss: 0.0922
[Epoch 237] step 250 loss: 0.0900
[Epoch 237] step 260 loss: 0.1275
[Epoch 237] step 270 loss: 0.1531
[Epoch 237] step 280 loss: 0.1463
[Epoch 237] step 290 loss: 0.0843
[Epoch 237] step 300 loss: 0.1031
[Epoch 237] step 310 loss: 0.1292
[Epoch 237] step 320 loss: 0.2015
[Epoch 237] step 330 loss: 0.1423
[Epoch 237] step 340 loss: 0.1877
[Epoch 237] step 350 loss: 0.1635
[Epoch 237] step 360 loss: 0.1183
[Epoch 237] step 370 loss: 0.1015
[Epoch 237] step 380 loss: 0.1682
[Epoch 237] step 390 loss: 0.1609
[Epoch 237] step 400 loss: 0.1125
[Epoch 237] step 410 loss: 0.2195
[Epoch 237] step 420 loss: 0.1549
[Epoch 237] step 430 loss: 0.1067
[Epoch 237] step 440 loss: 0.0862
[Epoch 237] step 450 loss: 0.0801
[Epoch 237] step 460 loss: 0.1860
[Epoch 237] step 470 loss: 0.2291
[Epoch 237] step 480 loss: 0.1498
[Epoch 237] step 490 loss: 0.1937
[Epoch 237] step 500 loss: 0.1492
[Epoch 237] step 510 loss: 0.1378
[Epoch 237] step 520 loss: 0.1850
[Epoch 237] step 530 loss: 0.1534
[Epoch 237] step 540 loss: 0.1296
[Epoch 237] step 550 loss: 0.0846
[Epoch 237] step 560 loss: 0.1677
[Epoch 237] step 570 loss: 0.1222
[Epoch 237] step 580 loss: 0.1437
[Epoch 237] step 590 loss: 0.1246
[Epoch 237] step 600 loss: 0.1235
[Epoch 237] step 610 loss: 0.1004
[Epoch 237] step 620 loss: 0.1818
[Epoch 237] step 630 loss: 0.1397
[Epoch 237] step 640 loss: 0.1015
[Epoch 237] step 650 loss: 0.1385
[Epoch 237] step 660 loss: 0.2020
[Epoch 237] step 670 loss: 0.1236
[Epoch 237] step 680 loss: 0.1279
[Epoch 237] step 690 loss: 0.1190
[Epoch 237] step 700 loss: 0.2241
[Epoch 237] step 710 loss: 0.2001
[Epoch 237] step 720 loss: 0.1272
[Epoch 237] step 730 loss: 0.1697
[Epoch 237] step 740 loss: 0.1529
[Epoch 237] step 750 loss: 0.1346
[Epoch 237] step 760 loss: 0.1177
[Epoch 237] step 770 loss: 0.1943
[Epoch 237] step 780 loss: 0.1015
[Epoch 237] step 790 loss: 0.1648
[Epoch 237] step 800 loss: 0.1593
[Epoch 237] step 810 loss: 0.1156
==== Epoch 237 avg loss: 0.1368 ====
[Epoch 238] step 0 loss: 0.1619
[Epoch 238] step 10 loss: 0.1099
[Epoch 238] step 20 loss: 0.0785
[Epoch 238] step 30 loss: 0.1271
[Epoch 238] step 40 loss: 0.1428
[Epoch 238] step 50 loss: 0.1397
[Epoch 238] step 60 loss: 0.1124
[Epoch 238] step 70 loss: 0.1169
[Epoch 238] step 80 loss: 0.1590
[Epoch 238] step 90 loss: 0.1132
[Epoch 238] step 100 loss: 0.1273
[Epoch 238] step 110 loss: 0.1011
[Epoch 238] step 120 loss: 0.1560
[Epoch 238] step 130 loss: 0.1845
[Epoch 238] step 140 loss: 0.1532
[Epoch 238] step 150 loss: 0.1724
[Epoch 238] step 160 loss: 0.1485
[Epoch 238] step 170 loss: 0.1827
[Epoch 238] step 180 loss: 0.1100
[Epoch 238] step 190 loss: 0.1307
[Epoch 238] step 200 loss: 0.1093
[Epoch 238] step 210 loss: 0.0928
[Epoch 238] step 220 loss: 0.1958
[Epoch 238] step 230 loss: 0.1803
[Epoch 238] step 240 loss: 0.1494
[Epoch 238] step 250 loss: 0.1672
[Epoch 238] step 260 loss: 0.1431
[Epoch 238] step 270 loss: 0.1184
[Epoch 238] step 280 loss: 0.1234
[Epoch 238] step 290 loss: 0.1320
[Epoch 238] step 300 loss: 0.1289
[Epoch 238] step 310 loss: 0.1249
[Epoch 238] step 320 loss: 0.1755
[Epoch 238] step 330 loss: 0.1064
[Epoch 238] step 340 loss: 0.1067
[Epoch 238] step 350 loss: 0.2158
[Epoch 238] step 360 loss: 0.1818
[Epoch 238] step 370 loss: 0.1512
[Epoch 238] step 380 loss: 0.1414
[Epoch 238] step 390 loss: 0.1377
[Epoch 238] step 400 loss: 0.1456
[Epoch 238] step 410 loss: 0.1314
[Epoch 238] step 420 loss: 0.2034
[Epoch 238] step 430 loss: 0.1162
[Epoch 238] step 440 loss: 0.1930
[Epoch 238] step 450 loss: 0.1667
[Epoch 238] step 460 loss: 0.1066
[Epoch 238] step 470 loss: 0.1549
[Epoch 238] step 480 loss: 0.2791
[Epoch 238] step 490 loss: 0.1047
[Epoch 238] step 500 loss: 0.1258
[Epoch 238] step 510 loss: 0.1268
[Epoch 238] step 520 loss: 0.2100
[Epoch 238] step 530 loss: 0.1574
[Epoch 238] step 540 loss: 0.1735
[Epoch 238] step 550 loss: 0.1416
[Epoch 238] step 560 loss: 0.1238
[Epoch 238] step 570 loss: 0.1383
[Epoch 238] step 580 loss: 0.2195
[Epoch 238] step 590 loss: 0.1611
[Epoch 238] step 600 loss: 0.1551
[Epoch 238] step 610 loss: 0.1304
[Epoch 238] step 620 loss: 0.0914
[Epoch 238] step 630 loss: 0.1513
[Epoch 238] step 640 loss: 0.1045
[Epoch 238] step 650 loss: 0.1740
[Epoch 238] step 660 loss: 0.1560
[Epoch 238] step 670 loss: 0.1008
[Epoch 238] step 680 loss: 0.1358
[Epoch 238] step 690 loss: 0.0894
[Epoch 238] step 700 loss: 0.1663
[Epoch 238] step 710 loss: 0.1638
[Epoch 238] step 720 loss: 0.1180
[Epoch 238] step 730 loss: 0.1646
[Epoch 238] step 740 loss: 0.1586
[Epoch 238] step 750 loss: 0.1031
[Epoch 238] step 760 loss: 0.1016
[Epoch 238] step 770 loss: 0.0939
[Epoch 238] step 780 loss: 0.1457
[Epoch 238] step 790 loss: 0.1045
[Epoch 238] step 800 loss: 0.1773
[Epoch 238] step 810 loss: 0.1363
==== Epoch 238 avg loss: 0.1376 ====
[Epoch 239] step 0 loss: 0.0991
[Epoch 239] step 10 loss: 0.1746
[Epoch 239] step 20 loss: 0.1504
[Epoch 239] step 30 loss: 0.0904
[Epoch 239] step 40 loss: 0.1533
[Epoch 239] step 50 loss: 0.1324
[Epoch 239] step 60 loss: 0.1242
[Epoch 239] step 70 loss: 0.1833
[Epoch 239] step 80 loss: 0.1435
[Epoch 239] step 90 loss: 0.1077
[Epoch 239] step 100 loss: 0.1107
[Epoch 239] step 110 loss: 0.1828
[Epoch 239] step 120 loss: 0.1384
[Epoch 239] step 130 loss: 0.1617
[Epoch 239] step 140 loss: 0.1071
[Epoch 239] step 150 loss: 0.1071
[Epoch 239] step 160 loss: 0.1484
[Epoch 239] step 170 loss: 0.1454
[Epoch 239] step 180 loss: 0.1447
[Epoch 239] step 190 loss: 0.1483
[Epoch 239] step 200 loss: 0.1623
[Epoch 239] step 210 loss: 0.2028
[Epoch 239] step 220 loss: 0.1590
[Epoch 239] step 230 loss: 0.1140
[Epoch 239] step 240 loss: 0.0636
[Epoch 239] step 250 loss: 0.1939
[Epoch 239] step 260 loss: 0.1468
[Epoch 239] step 270 loss: 0.1290
[Epoch 239] step 280 loss: 0.1404
[Epoch 239] step 290 loss: 0.1391
[Epoch 239] step 300 loss: 0.0602
[Epoch 239] step 310 loss: 0.1470
[Epoch 239] step 320 loss: 0.0982
[Epoch 239] step 330 loss: 0.1413
[Epoch 239] step 340 loss: 0.0756
[Epoch 239] step 350 loss: 0.1080
[Epoch 239] step 360 loss: 0.1848
[Epoch 239] step 370 loss: 0.1688
[Epoch 239] step 380 loss: 0.1154
[Epoch 239] step 390 loss: 0.1393
[Epoch 239] step 400 loss: 0.1606
[Epoch 239] step 410 loss: 0.2000
[Epoch 239] step 420 loss: 0.1966
[Epoch 239] step 430 loss: 0.2054
[Epoch 239] step 440 loss: 0.1084
[Epoch 239] step 450 loss: 0.1601
[Epoch 239] step 460 loss: 0.1960
[Epoch 239] step 470 loss: 0.1681
[Epoch 239] step 480 loss: 0.1198
[Epoch 239] step 490 loss: 0.1434
[Epoch 239] step 500 loss: 0.1240
[Epoch 239] step 510 loss: 0.1483
[Epoch 239] step 520 loss: 0.1387
[Epoch 239] step 530 loss: 0.1564
[Epoch 239] step 540 loss: 0.0872
[Epoch 239] step 550 loss: 0.1073
[Epoch 239] step 560 loss: 0.1927
[Epoch 239] step 570 loss: 0.1601
[Epoch 239] step 580 loss: 0.1252
[Epoch 239] step 590 loss: 0.1335
[Epoch 239] step 600 loss: 0.1156
[Epoch 239] step 610 loss: 0.2114
[Epoch 239] step 620 loss: 0.1460
[Epoch 239] step 630 loss: 0.1202
[Epoch 239] step 640 loss: 0.1562
[Epoch 239] step 650 loss: 0.1209
[Epoch 239] step 660 loss: 0.1384
[Epoch 239] step 670 loss: 0.1124
[Epoch 239] step 680 loss: 0.1485
[Epoch 239] step 690 loss: 0.1057
[Epoch 239] step 700 loss: 0.0837
[Epoch 239] step 710 loss: 0.1420
[Epoch 239] step 720 loss: 0.0828
[Epoch 239] step 730 loss: 0.1081
[Epoch 239] step 740 loss: 0.1679
[Epoch 239] step 750 loss: 0.1006
[Epoch 239] step 760 loss: 0.1608
[Epoch 239] step 770 loss: 0.1150
[Epoch 239] step 780 loss: 0.1874
[Epoch 239] step 790 loss: 0.1207
[Epoch 239] step 800 loss: 0.1439
[Epoch 239] step 810 loss: 0.1137
==== Epoch 239 avg loss: 0.1329 ====
[Epoch 240] step 0 loss: 0.1262
[Epoch 240] step 10 loss: 0.1555
[Epoch 240] step 20 loss: 0.0737
[Epoch 240] step 30 loss: 0.1204
[Epoch 240] step 40 loss: 0.1556
[Epoch 240] step 50 loss: 0.1590
[Epoch 240] step 60 loss: 0.1211
[Epoch 240] step 70 loss: 0.0969
[Epoch 240] step 80 loss: 0.1065
[Epoch 240] step 90 loss: 0.0876
[Epoch 240] step 100 loss: 0.1169
[Epoch 240] step 110 loss: 0.1098
[Epoch 240] step 120 loss: 0.1247
[Epoch 240] step 130 loss: 0.0825
[Epoch 240] step 140 loss: 0.1057
[Epoch 240] step 150 loss: 0.0801
[Epoch 240] step 160 loss: 0.1128
[Epoch 240] step 170 loss: 0.0890
[Epoch 240] step 180 loss: 0.1337
[Epoch 240] step 190 loss: 0.1175
[Epoch 240] step 200 loss: 0.0867
[Epoch 240] step 210 loss: 0.1402
[Epoch 240] step 220 loss: 0.1776
[Epoch 240] step 230 loss: 0.0966
[Epoch 240] step 240 loss: 0.1402
[Epoch 240] step 250 loss: 0.1100
[Epoch 240] step 260 loss: 0.1136
[Epoch 240] step 270 loss: 0.1142
[Epoch 240] step 280 loss: 0.1479
[Epoch 240] step 290 loss: 0.1519
[Epoch 240] step 300 loss: 0.1458
[Epoch 240] step 310 loss: 0.0691
[Epoch 240] step 320 loss: 0.0928
[Epoch 240] step 330 loss: 0.0997
[Epoch 240] step 340 loss: 0.1200
[Epoch 240] step 350 loss: 0.2066
[Epoch 240] step 360 loss: 0.1410
[Epoch 240] step 370 loss: 0.1086
[Epoch 240] step 380 loss: 0.0940
[Epoch 240] step 390 loss: 0.1292
[Epoch 240] step 400 loss: 0.1536
[Epoch 240] step 410 loss: 0.1040
[Epoch 240] step 420 loss: 0.0709
[Epoch 240] step 430 loss: 0.1227
[Epoch 240] step 440 loss: 0.1048
[Epoch 240] step 450 loss: 0.0686
[Epoch 240] step 460 loss: 0.1121
[Epoch 240] step 470 loss: 0.0729
[Epoch 240] step 480 loss: 0.0689
[Epoch 240] step 490 loss: 0.0772
[Epoch 240] step 500 loss: 0.0778
[Epoch 240] step 510 loss: 0.1455
[Epoch 240] step 520 loss: 0.1718
[Epoch 240] step 530 loss: 0.1242
[Epoch 240] step 540 loss: 0.0586
[Epoch 240] step 550 loss: 0.0658
[Epoch 240] step 560 loss: 0.1037
[Epoch 240] step 570 loss: 0.1303
[Epoch 240] step 580 loss: 0.1053
[Epoch 240] step 590 loss: 0.0701
[Epoch 240] step 600 loss: 0.1622
[Epoch 240] step 610 loss: 0.1457
[Epoch 240] step 620 loss: 0.1620
[Epoch 240] step 630 loss: 0.0767
[Epoch 240] step 640 loss: 0.0728
[Epoch 240] step 650 loss: 0.1796
[Epoch 240] step 660 loss: 0.0948
[Epoch 240] step 670 loss: 0.1271
[Epoch 240] step 680 loss: 0.1449
[Epoch 240] step 690 loss: 0.0969
[Epoch 240] step 700 loss: 0.1804
[Epoch 240] step 710 loss: 0.1089
[Epoch 240] step 720 loss: 0.1555
[Epoch 240] step 730 loss: 0.1554
[Epoch 240] step 740 loss: 0.1919
[Epoch 240] step 750 loss: 0.1363
[Epoch 240] step 760 loss: 0.0904
[Epoch 240] step 770 loss: 0.1633
[Epoch 240] step 780 loss: 0.1473
[Epoch 240] step 790 loss: 0.1205
[Epoch 240] step 800 loss: 0.1248
[Epoch 240] step 810 loss: 0.1487
==== Epoch 240 avg loss: 0.1220 ====
[Epoch 241] step 0 loss: 0.1907
[Epoch 241] step 10 loss: 0.1234
[Epoch 241] step 20 loss: 0.1301
[Epoch 241] step 30 loss: 0.1153
[Epoch 241] step 40 loss: 0.1269
[Epoch 241] step 50 loss: 0.2172
[Epoch 241] step 60 loss: 0.1236
[Epoch 241] step 70 loss: 0.1670
[Epoch 241] step 80 loss: 0.1462
[Epoch 241] step 90 loss: 0.1277
[Epoch 241] step 100 loss: 0.0868
[Epoch 241] step 110 loss: 0.1146
[Epoch 241] step 120 loss: 0.1361
[Epoch 241] step 130 loss: 0.1162
[Epoch 241] step 140 loss: 0.1644
[Epoch 241] step 150 loss: 0.1578
[Epoch 241] step 160 loss: 0.1202
[Epoch 241] step 170 loss: 0.1802
[Epoch 241] step 180 loss: 0.1872
[Epoch 241] step 190 loss: 0.2168
[Epoch 241] step 200 loss: 0.1485
[Epoch 241] step 210 loss: 0.1501
[Epoch 241] step 220 loss: 0.1257
[Epoch 241] step 230 loss: 0.0953
[Epoch 241] step 240 loss: 0.1720
[Epoch 241] step 250 loss: 0.1329
[Epoch 241] step 260 loss: 0.1027
[Epoch 241] step 270 loss: 0.0986
[Epoch 241] step 280 loss: 0.1148
[Epoch 241] step 290 loss: 0.1328
[Epoch 241] step 300 loss: 0.0982
[Epoch 241] step 310 loss: 0.0736
[Epoch 241] step 320 loss: 0.1732
[Epoch 241] step 330 loss: 0.0850
[Epoch 241] step 340 loss: 0.1289
[Epoch 241] step 350 loss: 0.1770
[Epoch 241] step 360 loss: 0.1755
[Epoch 241] step 370 loss: 0.0837
[Epoch 241] step 380 loss: 0.1416
[Epoch 241] step 390 loss: 0.1118
[Epoch 241] step 400 loss: 0.1010
[Epoch 241] step 410 loss: 0.1922
[Epoch 241] step 420 loss: 0.0819
[Epoch 241] step 430 loss: 0.1108
[Epoch 241] step 440 loss: 0.1293
[Epoch 241] step 450 loss: 0.1310
[Epoch 241] step 460 loss: 0.1172
[Epoch 241] step 470 loss: 0.1216
[Epoch 241] step 480 loss: 0.1068
[Epoch 241] step 490 loss: 0.1027
[Epoch 241] step 500 loss: 0.1405
[Epoch 241] step 510 loss: 0.0923
[Epoch 241] step 520 loss: 0.1210
[Epoch 241] step 530 loss: 0.1045
[Epoch 241] step 540 loss: 0.1333
[Epoch 241] step 550 loss: 0.0814
[Epoch 241] step 560 loss: 0.1438
[Epoch 241] step 570 loss: 0.0704
[Epoch 241] step 580 loss: 0.1088
[Epoch 241] step 590 loss: 0.1455
[Epoch 241] step 600 loss: 0.1506
[Epoch 241] step 610 loss: 0.1107
[Epoch 241] step 620 loss: 0.1008
[Epoch 241] step 630 loss: 0.1651
[Epoch 241] step 640 loss: 0.0997
[Epoch 241] step 650 loss: 0.1312
[Epoch 241] step 660 loss: 0.1170
[Epoch 241] step 670 loss: 0.1531
[Epoch 241] step 680 loss: 0.1290
[Epoch 241] step 690 loss: 0.1505
[Epoch 241] step 700 loss: 0.1760
[Epoch 241] step 710 loss: 0.1151
[Epoch 241] step 720 loss: 0.1170
[Epoch 241] step 730 loss: 0.1620
[Epoch 241] step 740 loss: 0.1669
[Epoch 241] step 750 loss: 0.1271
[Epoch 241] step 760 loss: 0.1547
[Epoch 241] step 770 loss: 0.1146
[Epoch 241] step 780 loss: 0.1724
[Epoch 241] step 790 loss: 0.2114
[Epoch 241] step 800 loss: 0.1593
[Epoch 241] step 810 loss: 0.1505
==== Epoch 241 avg loss: 0.1379 ====
[Epoch 242] step 0 loss: 0.1703
[Epoch 242] step 10 loss: 0.1549
[Epoch 242] step 20 loss: 0.1978
[Epoch 242] step 30 loss: 0.1384
[Epoch 242] step 40 loss: 0.1104
[Epoch 242] step 50 loss: 0.0875
[Epoch 242] step 60 loss: 0.1127
[Epoch 242] step 70 loss: 0.1922
[Epoch 242] step 80 loss: 0.1556
[Epoch 242] step 90 loss: 0.1697
[Epoch 242] step 100 loss: 0.1464
[Epoch 242] step 110 loss: 0.1023
[Epoch 242] step 120 loss: 0.1589
[Epoch 242] step 130 loss: 0.0777
[Epoch 242] step 140 loss: 0.0957
[Epoch 242] step 150 loss: 0.1331
[Epoch 242] step 160 loss: 0.1298
[Epoch 242] step 170 loss: 0.1374
[Epoch 242] step 180 loss: 0.0921
[Epoch 242] step 190 loss: 0.1677
[Epoch 242] step 200 loss: 0.1271
[Epoch 242] step 210 loss: 0.1028
[Epoch 242] step 220 loss: 0.0629
[Epoch 242] step 230 loss: 0.1311
[Epoch 242] step 240 loss: 0.1842
[Epoch 242] step 250 loss: 0.0878
[Epoch 242] step 260 loss: 0.0758
[Epoch 242] step 270 loss: 0.1033
[Epoch 242] step 280 loss: 0.1176
[Epoch 242] step 290 loss: 0.1027
[Epoch 242] step 300 loss: 0.0992
[Epoch 242] step 310 loss: 0.1389
[Epoch 242] step 320 loss: 0.1426
[Epoch 242] step 330 loss: 0.1953
[Epoch 242] step 340 loss: 0.1279
[Epoch 242] step 350 loss: 0.0720
[Epoch 242] step 360 loss: 0.0949
[Epoch 242] step 370 loss: 0.1606
[Epoch 242] step 380 loss: 0.0994
[Epoch 242] step 390 loss: 0.0980
[Epoch 242] step 400 loss: 0.1322
[Epoch 242] step 410 loss: 0.1749
[Epoch 242] step 420 loss: 0.1116
[Epoch 242] step 430 loss: 0.1610
[Epoch 242] step 440 loss: 0.1711
[Epoch 242] step 450 loss: 0.1019
[Epoch 242] step 460 loss: 0.1092
[Epoch 242] step 470 loss: 0.1338
[Epoch 242] step 480 loss: 0.0850
[Epoch 242] step 490 loss: 0.1497
[Epoch 242] step 500 loss: 0.1326
[Epoch 242] step 510 loss: 0.1331
[Epoch 242] step 520 loss: 0.1803
[Epoch 242] step 530 loss: 0.1226
[Epoch 242] step 540 loss: 0.2068
[Epoch 242] step 550 loss: 0.1510
[Epoch 242] step 560 loss: 0.1260
[Epoch 242] step 570 loss: 0.1095
[Epoch 242] step 580 loss: 0.1318
[Epoch 242] step 590 loss: 0.1941
[Epoch 242] step 600 loss: 0.1190
[Epoch 242] step 610 loss: 0.1122
[Epoch 242] step 620 loss: 0.0954
[Epoch 242] step 630 loss: 0.0740
[Epoch 242] step 640 loss: 0.1441
[Epoch 242] step 650 loss: 0.1555
[Epoch 242] step 660 loss: 0.1229
[Epoch 242] step 670 loss: 0.0805
[Epoch 242] step 680 loss: 0.1347
[Epoch 242] step 690 loss: 0.0870
[Epoch 242] step 700 loss: 0.1118
[Epoch 242] step 710 loss: 0.1468
[Epoch 242] step 720 loss: 0.1668
[Epoch 242] step 730 loss: 0.1857
[Epoch 242] step 740 loss: 0.1032
[Epoch 242] step 750 loss: 0.1409
[Epoch 242] step 760 loss: 0.2002
[Epoch 242] step 770 loss: 0.1346
[Epoch 242] step 780 loss: 0.1429
[Epoch 242] step 790 loss: 0.1237
[Epoch 242] step 800 loss: 0.2148
[Epoch 242] step 810 loss: 0.1955
==== Epoch 242 avg loss: 0.1338 ====
[Epoch 243] step 0 loss: 0.1844
[Epoch 243] step 10 loss: 0.1688
[Epoch 243] step 20 loss: 0.1209
[Epoch 243] step 30 loss: 0.1227
[Epoch 243] step 40 loss: 0.1190
[Epoch 243] step 50 loss: 0.1376
[Epoch 243] step 60 loss: 0.1425
[Epoch 243] step 70 loss: 0.1483
[Epoch 243] step 80 loss: 0.1888
[Epoch 243] step 90 loss: 0.1602
[Epoch 243] step 100 loss: 0.1571
[Epoch 243] step 110 loss: 0.0907
[Epoch 243] step 120 loss: 0.1352
[Epoch 243] step 130 loss: 0.1305
[Epoch 243] step 140 loss: 0.1264
[Epoch 243] step 150 loss: 0.1125
[Epoch 243] step 160 loss: 0.0858
[Epoch 243] step 170 loss: 0.1318
[Epoch 243] step 180 loss: 0.0868
[Epoch 243] step 190 loss: 0.0874
[Epoch 243] step 200 loss: 0.1136
[Epoch 243] step 210 loss: 0.1442
[Epoch 243] step 220 loss: 0.1182
[Epoch 243] step 230 loss: 0.1425
[Epoch 243] step 240 loss: 0.1033
[Epoch 243] step 250 loss: 0.0815
[Epoch 243] step 260 loss: 0.0947
[Epoch 243] step 270 loss: 0.1235
[Epoch 243] step 280 loss: 0.1492
[Epoch 243] step 290 loss: 0.1362
[Epoch 243] step 300 loss: 0.1511
[Epoch 243] step 310 loss: 0.1328
[Epoch 243] step 320 loss: 0.0739
[Epoch 243] step 330 loss: 0.1340
[Epoch 243] step 340 loss: 0.1000
[Epoch 243] step 350 loss: 0.0913
[Epoch 243] step 360 loss: 0.1361
[Epoch 243] step 370 loss: 0.1512
[Epoch 243] step 380 loss: 0.1303
[Epoch 243] step 390 loss: 0.1125
[Epoch 243] step 400 loss: 0.0705
[Epoch 243] step 410 loss: 0.1034
[Epoch 243] step 420 loss: 0.1433
[Epoch 243] step 430 loss: 0.0859
[Epoch 243] step 440 loss: 0.0816
[Epoch 243] step 450 loss: 0.1328
[Epoch 243] step 460 loss: 0.1210
[Epoch 243] step 470 loss: 0.0964
[Epoch 243] step 480 loss: 0.0798
[Epoch 243] step 490 loss: 0.1965
[Epoch 243] step 500 loss: 0.0855
[Epoch 243] step 510 loss: 0.1734
[Epoch 243] step 520 loss: 0.0748
[Epoch 243] step 530 loss: 0.1633
[Epoch 243] step 540 loss: 0.1237
[Epoch 243] step 550 loss: 0.0859
[Epoch 243] step 560 loss: 0.1168
[Epoch 243] step 570 loss: 0.1330
[Epoch 243] step 580 loss: 0.1036
[Epoch 243] step 590 loss: 0.1568
[Epoch 243] step 600 loss: 0.1650
[Epoch 243] step 610 loss: 0.0763
[Epoch 243] step 620 loss: 0.0848
[Epoch 243] step 630 loss: 0.1250
[Epoch 243] step 640 loss: 0.1524
[Epoch 243] step 650 loss: 0.1241
[Epoch 243] step 660 loss: 0.1243
[Epoch 243] step 670 loss: 0.1039
[Epoch 243] step 680 loss: 0.0893
[Epoch 243] step 690 loss: 0.1268
[Epoch 243] step 700 loss: 0.1155
[Epoch 243] step 710 loss: 0.0786
[Epoch 243] step 720 loss: 0.1700
[Epoch 243] step 730 loss: 0.0853
[Epoch 243] step 740 loss: 0.0966
[Epoch 243] step 750 loss: 0.0848
[Epoch 243] step 760 loss: 0.0969
[Epoch 243] step 770 loss: 0.1641
[Epoch 243] step 780 loss: 0.1002
[Epoch 243] step 790 loss: 0.1829
[Epoch 243] step 800 loss: 0.1220
[Epoch 243] step 810 loss: 0.1118
==== Epoch 243 avg loss: 0.1238 ====
[Epoch 244] step 0 loss: 0.1037
[Epoch 244] step 10 loss: 0.1203
[Epoch 244] step 20 loss: 0.0731
[Epoch 244] step 30 loss: 0.0895
[Epoch 244] step 40 loss: 0.1046
[Epoch 244] step 50 loss: 0.1714
[Epoch 244] step 60 loss: 0.1457
[Epoch 244] step 70 loss: 0.1139
[Epoch 244] step 80 loss: 0.1223
[Epoch 244] step 90 loss: 0.1667
[Epoch 244] step 100 loss: 0.1211
[Epoch 244] step 110 loss: 0.1140
[Epoch 244] step 120 loss: 0.1438
[Epoch 244] step 130 loss: 0.1865
[Epoch 244] step 140 loss: 0.1640
[Epoch 244] step 150 loss: 0.1266
[Epoch 244] step 160 loss: 0.1816
[Epoch 244] step 170 loss: 0.1533
[Epoch 244] step 180 loss: 0.1517
[Epoch 244] step 190 loss: 0.1663
[Epoch 244] step 200 loss: 0.1123
[Epoch 244] step 210 loss: 0.1200
[Epoch 244] step 220 loss: 0.1800
[Epoch 244] step 230 loss: 0.1091
[Epoch 244] step 240 loss: 0.1136
[Epoch 244] step 250 loss: 0.0719
[Epoch 244] step 260 loss: 0.1292
[Epoch 244] step 270 loss: 0.1583
[Epoch 244] step 280 loss: 0.1596
[Epoch 244] step 290 loss: 0.1169
[Epoch 244] step 300 loss: 0.1967
[Epoch 244] step 310 loss: 0.1298
[Epoch 244] step 320 loss: 0.1011
[Epoch 244] step 330 loss: 0.1625
[Epoch 244] step 340 loss: 0.1330
[Epoch 244] step 350 loss: 0.1867
[Epoch 244] step 360 loss: 0.1831
[Epoch 244] step 370 loss: 0.1273
[Epoch 244] step 380 loss: 0.1147
[Epoch 244] step 390 loss: 0.1790
[Epoch 244] step 400 loss: 0.1267
[Epoch 244] step 410 loss: 0.0868
[Epoch 244] step 420 loss: 0.1512
[Epoch 244] step 430 loss: 0.1719
[Epoch 244] step 440 loss: 0.1557
[Epoch 244] step 450 loss: 0.1203
[Epoch 244] step 460 loss: 0.1477
[Epoch 244] step 470 loss: 0.1342
[Epoch 244] step 480 loss: 0.2059
[Epoch 244] step 490 loss: 0.0834
[Epoch 244] step 500 loss: 0.1183
[Epoch 244] step 510 loss: 0.1380
[Epoch 244] step 520 loss: 0.1757
[Epoch 244] step 530 loss: 0.1344
[Epoch 244] step 540 loss: 0.1255
[Epoch 244] step 550 loss: 0.1925
[Epoch 244] step 560 loss: 0.0989
[Epoch 244] step 570 loss: 0.1571
[Epoch 244] step 580 loss: 0.1472
[Epoch 244] step 590 loss: 0.1671
[Epoch 244] step 600 loss: 0.0977
[Epoch 244] step 610 loss: 0.1414
[Epoch 244] step 620 loss: 0.1169
[Epoch 244] step 630 loss: 0.0580
[Epoch 244] step 640 loss: 0.1040
[Epoch 244] step 650 loss: 0.1308
[Epoch 244] step 660 loss: 0.1580
[Epoch 244] step 670 loss: 0.0998
[Epoch 244] step 680 loss: 0.0909
[Epoch 244] step 690 loss: 0.1194
[Epoch 244] step 700 loss: 0.0812
[Epoch 244] step 710 loss: 0.1892
[Epoch 244] step 720 loss: 0.1548
[Epoch 244] step 730 loss: 0.1415
[Epoch 244] step 740 loss: 0.1395
[Epoch 244] step 750 loss: 0.1871
[Epoch 244] step 760 loss: 0.0922
[Epoch 244] step 770 loss: 0.1189
[Epoch 244] step 780 loss: 0.0929
[Epoch 244] step 790 loss: 0.1275
[Epoch 244] step 800 loss: 0.1196
[Epoch 244] step 810 loss: 0.0967
==== Epoch 244 avg loss: 0.1351 ====
[Epoch 245] step 0 loss: 0.1065
[Epoch 245] step 10 loss: 0.1663
[Epoch 245] step 20 loss: 0.1156
[Epoch 245] step 30 loss: 0.1773
[Epoch 245] step 40 loss: 0.1003
[Epoch 245] step 50 loss: 0.1683
[Epoch 245] step 60 loss: 0.0879
[Epoch 245] step 70 loss: 0.1116
[Epoch 245] step 80 loss: 0.1782
[Epoch 245] step 90 loss: 0.1133
[Epoch 245] step 100 loss: 0.1510
[Epoch 245] step 110 loss: 0.1980
[Epoch 245] step 120 loss: 0.1566
[Epoch 245] step 130 loss: 0.1004
[Epoch 245] step 140 loss: 0.1060
[Epoch 245] step 150 loss: 0.1563
[Epoch 245] step 160 loss: 0.1278
[Epoch 245] step 170 loss: 0.1317
[Epoch 245] step 180 loss: 0.1836
[Epoch 245] step 190 loss: 0.1516
[Epoch 245] step 200 loss: 0.0892
[Epoch 245] step 210 loss: 0.0943
[Epoch 245] step 220 loss: 0.0482
[Epoch 245] step 230 loss: 0.1088
[Epoch 245] step 240 loss: 0.2187
[Epoch 245] step 250 loss: 0.1876
[Epoch 245] step 260 loss: 0.1186
[Epoch 245] step 270 loss: 0.0714
[Epoch 245] step 280 loss: 0.1645
[Epoch 245] step 290 loss: 0.1646
[Epoch 245] step 300 loss: 0.1428
[Epoch 245] step 310 loss: 0.1076
[Epoch 245] step 320 loss: 0.1696
[Epoch 245] step 330 loss: 0.1189
[Epoch 245] step 340 loss: 0.1430
[Epoch 245] step 350 loss: 0.0900
[Epoch 245] step 360 loss: 0.1628
[Epoch 245] step 370 loss: 0.1099
[Epoch 245] step 380 loss: 0.1235
[Epoch 245] step 390 loss: 0.1189
[Epoch 245] step 400 loss: 0.1980
[Epoch 245] step 410 loss: 0.1262
[Epoch 245] step 420 loss: 0.1712
[Epoch 245] step 430 loss: 0.1305
[Epoch 245] step 440 loss: 0.1288
[Epoch 245] step 450 loss: 0.1692
[Epoch 245] step 460 loss: 0.1234
[Epoch 245] step 470 loss: 0.1218
[Epoch 245] step 480 loss: 0.0993
[Epoch 245] step 490 loss: 0.1623
[Epoch 245] step 500 loss: 0.1718
[Epoch 245] step 510 loss: 0.0885
[Epoch 245] step 520 loss: 0.1015
[Epoch 245] step 530 loss: 0.1273
[Epoch 245] step 540 loss: 0.1683
[Epoch 245] step 550 loss: 0.0984
[Epoch 245] step 560 loss: 0.1349
[Epoch 245] step 570 loss: 0.1306
[Epoch 245] step 580 loss: 0.1317
[Epoch 245] step 590 loss: 0.1520
[Epoch 245] step 600 loss: 0.1171
[Epoch 245] step 610 loss: 0.1348
[Epoch 245] step 620 loss: 0.1261
[Epoch 245] step 630 loss: 0.0691
[Epoch 245] step 640 loss: 0.1933
[Epoch 245] step 650 loss: 0.1456
[Epoch 245] step 660 loss: 0.1724
[Epoch 245] step 670 loss: 0.1187
[Epoch 245] step 680 loss: 0.1237
[Epoch 245] step 690 loss: 0.1188
[Epoch 245] step 700 loss: 0.1461
[Epoch 245] step 710 loss: 0.2286
[Epoch 245] step 720 loss: 0.1154
[Epoch 245] step 730 loss: 0.1368
[Epoch 245] step 740 loss: 0.1011
[Epoch 245] step 750 loss: 0.1129
[Epoch 245] step 760 loss: 0.1179
[Epoch 245] step 770 loss: 0.1442
[Epoch 245] step 780 loss: 0.0731
[Epoch 245] step 790 loss: 0.1529
[Epoch 245] step 800 loss: 0.1159
[Epoch 245] step 810 loss: 0.1757
==== Epoch 245 avg loss: 0.1336 ====
[Epoch 246] step 0 loss: 0.1623
[Epoch 246] step 10 loss: 0.1368
[Epoch 246] step 20 loss: 0.0701
[Epoch 246] step 30 loss: 0.1850
[Epoch 246] step 40 loss: 0.0859
[Epoch 246] step 50 loss: 0.1245
[Epoch 246] step 60 loss: 0.1659
[Epoch 246] step 70 loss: 0.1547
[Epoch 246] step 80 loss: 0.1212
[Epoch 246] step 90 loss: 0.1216
[Epoch 246] step 100 loss: 0.1273
[Epoch 246] step 110 loss: 0.1029
[Epoch 246] step 120 loss: 0.1392
[Epoch 246] step 130 loss: 0.0939
[Epoch 246] step 140 loss: 0.1278
[Epoch 246] step 150 loss: 0.1062
[Epoch 246] step 160 loss: 0.1033
[Epoch 246] step 170 loss: 0.1028
[Epoch 246] step 180 loss: 0.1222
[Epoch 246] step 190 loss: 0.1374
[Epoch 246] step 200 loss: 0.0916
[Epoch 246] step 210 loss: 0.1939
[Epoch 246] step 220 loss: 0.1454
[Epoch 246] step 230 loss: 0.0624
[Epoch 246] step 240 loss: 0.1364
[Epoch 246] step 250 loss: 0.1883
[Epoch 246] step 260 loss: 0.1022
[Epoch 246] step 270 loss: 0.0963
[Epoch 246] step 280 loss: 0.0864
[Epoch 246] step 290 loss: 0.1727
[Epoch 246] step 300 loss: 0.1025
[Epoch 246] step 310 loss: 0.1031
[Epoch 246] step 320 loss: 0.1310
[Epoch 246] step 330 loss: 0.0931
[Epoch 246] step 340 loss: 0.1118
[Epoch 246] step 350 loss: 0.1422
[Epoch 246] step 360 loss: 0.1474
[Epoch 246] step 370 loss: 0.1108
[Epoch 246] step 380 loss: 0.1515
[Epoch 246] step 390 loss: 0.1035
[Epoch 246] step 400 loss: 0.1180
[Epoch 246] step 410 loss: 0.0955
[Epoch 246] step 420 loss: 0.1201
[Epoch 246] step 430 loss: 0.1562
[Epoch 246] step 440 loss: 0.0995
[Epoch 246] step 450 loss: 0.1186
[Epoch 246] step 460 loss: 0.1019
[Epoch 246] step 470 loss: 0.0978
[Epoch 246] step 480 loss: 0.1324
[Epoch 246] step 490 loss: 0.1606
[Epoch 246] step 500 loss: 0.1045
[Epoch 246] step 510 loss: 0.1104
[Epoch 246] step 520 loss: 0.1083
[Epoch 246] step 530 loss: 0.1013
[Epoch 246] step 540 loss: 0.0836
[Epoch 246] step 550 loss: 0.0962
[Epoch 246] step 560 loss: 0.1491
[Epoch 246] step 570 loss: 0.1071
[Epoch 246] step 580 loss: 0.1110
[Epoch 246] step 590 loss: 0.0839
[Epoch 246] step 600 loss: 0.0984
[Epoch 246] step 610 loss: 0.0947
[Epoch 246] step 620 loss: 0.0885
[Epoch 246] step 630 loss: 0.0791
[Epoch 246] step 640 loss: 0.0552
[Epoch 246] step 650 loss: 0.1352
[Epoch 246] step 660 loss: 0.0861
[Epoch 246] step 670 loss: 0.0687
[Epoch 246] step 680 loss: 0.1531
[Epoch 246] step 690 loss: 0.1058
[Epoch 246] step 700 loss: 0.1031
[Epoch 246] step 710 loss: 0.1099
[Epoch 246] step 720 loss: 0.1169
[Epoch 246] step 730 loss: 0.1065
[Epoch 246] step 740 loss: 0.1283
[Epoch 246] step 750 loss: 0.0642
[Epoch 246] step 760 loss: 0.1160
[Epoch 246] step 770 loss: 0.1765
[Epoch 246] step 780 loss: 0.1028
[Epoch 246] step 790 loss: 0.1373
[Epoch 246] step 800 loss: 0.0909
[Epoch 246] step 810 loss: 0.1067
==== Epoch 246 avg loss: 0.1146 ====
[Epoch 247] step 0 loss: 0.1289
[Epoch 247] step 10 loss: 0.0852
[Epoch 247] step 20 loss: 0.1298
[Epoch 247] step 30 loss: 0.0888
[Epoch 247] step 40 loss: 0.0711
[Epoch 247] step 50 loss: 0.1181
[Epoch 247] step 60 loss: 0.0802
[Epoch 247] step 70 loss: 0.0734
[Epoch 247] step 80 loss: 0.0953
[Epoch 247] step 90 loss: 0.0662
[Epoch 247] step 100 loss: 0.0652
[Epoch 247] step 110 loss: 0.1240
[Epoch 247] step 120 loss: 0.0850
[Epoch 247] step 130 loss: 0.0686
[Epoch 247] step 140 loss: 0.1091
[Epoch 247] step 150 loss: 0.1253
[Epoch 247] step 160 loss: 0.0961
[Epoch 247] step 170 loss: 0.0695
[Epoch 247] step 180 loss: 0.1473
[Epoch 247] step 190 loss: 0.0885
[Epoch 247] step 200 loss: 0.1131
[Epoch 247] step 210 loss: 0.0963
[Epoch 247] step 220 loss: 0.0432
[Epoch 247] step 230 loss: 0.0861
[Epoch 247] step 240 loss: 0.1441
[Epoch 247] step 250 loss: 0.0908
[Epoch 247] step 260 loss: 0.1399
[Epoch 247] step 270 loss: 0.1147
[Epoch 247] step 280 loss: 0.1821
[Epoch 247] step 290 loss: 0.1691
[Epoch 247] step 300 loss: 0.1310
[Epoch 247] step 310 loss: 0.1376
[Epoch 247] step 320 loss: 0.1518
[Epoch 247] step 330 loss: 0.1170
[Epoch 247] step 340 loss: 0.1052
[Epoch 247] step 350 loss: 0.1800
[Epoch 247] step 360 loss: 0.1924
[Epoch 247] step 370 loss: 0.1048
[Epoch 247] step 380 loss: 0.1101
[Epoch 247] step 390 loss: 0.1490
[Epoch 247] step 400 loss: 0.1415
[Epoch 247] step 410 loss: 0.2212
[Epoch 247] step 420 loss: 0.1153
[Epoch 247] step 430 loss: 0.1359
[Epoch 247] step 440 loss: 0.1465
[Epoch 247] step 450 loss: 0.1697
[Epoch 247] step 460 loss: 0.1096
[Epoch 247] step 470 loss: 0.1568
[Epoch 247] step 480 loss: 0.1221
[Epoch 247] step 490 loss: 0.1998
[Epoch 247] step 500 loss: 0.1477
[Epoch 247] step 510 loss: 0.0800
[Epoch 247] step 520 loss: 0.1311
[Epoch 247] step 530 loss: 0.1188
[Epoch 247] step 540 loss: 0.1904
[Epoch 247] step 550 loss: 0.1589
[Epoch 247] step 560 loss: 0.1247
[Epoch 247] step 570 loss: 0.1052
[Epoch 247] step 580 loss: 0.1587
[Epoch 247] step 590 loss: 0.1304
[Epoch 247] step 600 loss: 0.1541
[Epoch 247] step 610 loss: 0.1873
[Epoch 247] step 620 loss: 0.1322
[Epoch 247] step 630 loss: 0.1173
[Epoch 247] step 640 loss: 0.1311
[Epoch 247] step 650 loss: 0.1327
[Epoch 247] step 660 loss: 0.1275
[Epoch 247] step 670 loss: 0.1400
[Epoch 247] step 680 loss: 0.1220
[Epoch 247] step 690 loss: 0.1533
[Epoch 247] step 700 loss: 0.1479
[Epoch 247] step 710 loss: 0.0930
[Epoch 247] step 720 loss: 0.1335
[Epoch 247] step 730 loss: 0.1223
[Epoch 247] step 740 loss: 0.2126
[Epoch 247] step 750 loss: 0.2431
[Epoch 247] step 760 loss: 0.1932
[Epoch 247] step 770 loss: 0.1373
[Epoch 247] step 780 loss: 0.0996
[Epoch 247] step 790 loss: 0.1220
[Epoch 247] step 800 loss: 0.1788
[Epoch 247] step 810 loss: 0.1655
==== Epoch 247 avg loss: 0.1276 ====
[Epoch 248] step 0 loss: 0.1643
[Epoch 248] step 10 loss: 0.1073
[Epoch 248] step 20 loss: 0.1211
[Epoch 248] step 30 loss: 0.1702
[Epoch 248] step 40 loss: 0.1354
[Epoch 248] step 50 loss: 0.1907
[Epoch 248] step 60 loss: 0.1090
[Epoch 248] step 70 loss: 0.1387
[Epoch 248] step 80 loss: 0.1665
[Epoch 248] step 90 loss: 0.1608
[Epoch 248] step 100 loss: 0.1142
[Epoch 248] step 110 loss: 0.0947
[Epoch 248] step 120 loss: 0.1304
[Epoch 248] step 130 loss: 0.2083
[Epoch 248] step 140 loss: 0.1164
[Epoch 248] step 150 loss: 0.1341
[Epoch 248] step 160 loss: 0.1932
[Epoch 248] step 170 loss: 0.0695
[Epoch 248] step 180 loss: 0.0858
[Epoch 248] step 190 loss: 0.0680
[Epoch 248] step 200 loss: 0.0826
[Epoch 248] step 210 loss: 0.0965
[Epoch 248] step 220 loss: 0.1148
[Epoch 248] step 230 loss: 0.1216
[Epoch 248] step 240 loss: 0.1196
[Epoch 248] step 250 loss: 0.0683
[Epoch 248] step 260 loss: 0.1358
[Epoch 248] step 270 loss: 0.1228
[Epoch 248] step 280 loss: 0.0989
[Epoch 248] step 290 loss: 0.1500
[Epoch 248] step 300 loss: 0.0707
[Epoch 248] step 310 loss: 0.1598
[Epoch 248] step 320 loss: 0.1387
[Epoch 248] step 330 loss: 0.1248
[Epoch 248] step 340 loss: 0.1655
[Epoch 248] step 350 loss: 0.0758
[Epoch 248] step 360 loss: 0.1487
[Epoch 248] step 370 loss: 0.1941
[Epoch 248] step 380 loss: 0.1593
[Epoch 248] step 390 loss: 0.0836
[Epoch 248] step 400 loss: 0.1494
[Epoch 248] step 410 loss: 0.1094
[Epoch 248] step 420 loss: 0.0731
[Epoch 248] step 430 loss: 0.1611
[Epoch 248] step 440 loss: 0.0870
[Epoch 248] step 450 loss: 0.1595
[Epoch 248] step 460 loss: 0.1413
[Epoch 248] step 470 loss: 0.1459
[Epoch 248] step 480 loss: 0.1010
[Epoch 248] step 490 loss: 0.1374
[Epoch 248] step 500 loss: 0.0829
[Epoch 248] step 510 loss: 0.1699
[Epoch 248] step 520 loss: 0.1404
[Epoch 248] step 530 loss: 0.1245
[Epoch 248] step 540 loss: 0.1562
[Epoch 248] step 550 loss: 0.1710
[Epoch 248] step 560 loss: 0.1397
[Epoch 248] step 570 loss: 0.2267
[Epoch 248] step 580 loss: 0.1973
[Epoch 248] step 590 loss: 0.0816
[Epoch 248] step 600 loss: 0.1844
[Epoch 248] step 610 loss: 0.1596
[Epoch 248] step 620 loss: 0.1363
[Epoch 248] step 630 loss: 0.1216
[Epoch 248] step 640 loss: 0.1407
[Epoch 248] step 650 loss: 0.1473
[Epoch 248] step 660 loss: 0.0748
[Epoch 248] step 670 loss: 0.0919
[Epoch 248] step 680 loss: 0.1135
[Epoch 248] step 690 loss: 0.1280
[Epoch 248] step 700 loss: 0.1553
[Epoch 248] step 710 loss: 0.1324
[Epoch 248] step 720 loss: 0.1397
[Epoch 248] step 730 loss: 0.1334
[Epoch 248] step 740 loss: 0.1361
[Epoch 248] step 750 loss: 0.0592
[Epoch 248] step 760 loss: 0.1392
[Epoch 248] step 770 loss: 0.1214
[Epoch 248] step 780 loss: 0.1124
[Epoch 248] step 790 loss: 0.1461
[Epoch 248] step 800 loss: 0.1939
[Epoch 248] step 810 loss: 0.1055
==== Epoch 248 avg loss: 0.1302 ====
[Epoch 249] step 0 loss: 0.1052
[Epoch 249] step 10 loss: 0.1531
[Epoch 249] step 20 loss: 0.2067
[Epoch 249] step 30 loss: 0.1654
[Epoch 249] step 40 loss: 0.1279
[Epoch 249] step 50 loss: 0.1217
[Epoch 249] step 60 loss: 0.0989
[Epoch 249] step 70 loss: 0.2526
[Epoch 249] step 80 loss: 0.1331
[Epoch 249] step 90 loss: 0.1285
[Epoch 249] step 100 loss: 0.1269
[Epoch 249] step 110 loss: 0.1059
[Epoch 249] step 120 loss: 0.1168
[Epoch 249] step 130 loss: 0.1121
[Epoch 249] step 140 loss: 0.1728
[Epoch 249] step 150 loss: 0.1053
[Epoch 249] step 160 loss: 0.1001
[Epoch 249] step 170 loss: 0.0912
[Epoch 249] step 180 loss: 0.1244
[Epoch 249] step 190 loss: 0.1242
[Epoch 249] step 200 loss: 0.1417
[Epoch 249] step 210 loss: 0.1087
[Epoch 249] step 220 loss: 0.0957
[Epoch 249] step 230 loss: 0.0834
[Epoch 249] step 240 loss: 0.1281
[Epoch 249] step 250 loss: 0.1389
[Epoch 249] step 260 loss: 0.1081
[Epoch 249] step 270 loss: 0.1214
[Epoch 249] step 280 loss: 0.1310
[Epoch 249] step 290 loss: 0.1252
[Epoch 249] step 300 loss: 0.1264
[Epoch 249] step 310 loss: 0.0921
[Epoch 249] step 320 loss: 0.1370
[Epoch 249] step 330 loss: 0.1059
[Epoch 249] step 340 loss: 0.1495
[Epoch 249] step 350 loss: 0.1114
[Epoch 249] step 360 loss: 0.1254
[Epoch 249] step 370 loss: 0.1509
[Epoch 249] step 380 loss: 0.1119
[Epoch 249] step 390 loss: 0.1099
[Epoch 249] step 400 loss: 0.1417
[Epoch 249] step 410 loss: 0.1104
[Epoch 249] step 420 loss: 0.1694
[Epoch 249] step 430 loss: 0.2007
[Epoch 249] step 440 loss: 0.1217
[Epoch 249] step 450 loss: 0.1174
[Epoch 249] step 460 loss: 0.1021
[Epoch 249] step 470 loss: 0.1107
[Epoch 249] step 480 loss: 0.1036
[Epoch 249] step 490 loss: 0.1637
[Epoch 249] step 500 loss: 0.1078
[Epoch 249] step 510 loss: 0.1391
[Epoch 249] step 520 loss: 0.1293
[Epoch 249] step 530 loss: 0.1654
[Epoch 249] step 540 loss: 0.1022
[Epoch 249] step 550 loss: 0.1335
[Epoch 249] step 560 loss: 0.1272
[Epoch 249] step 570 loss: 0.0760
[Epoch 249] step 580 loss: 0.1097
[Epoch 249] step 590 loss: 0.1260
[Epoch 249] step 600 loss: 0.1192
[Epoch 249] step 610 loss: 0.0650
[Epoch 249] step 620 loss: 0.1047
[Epoch 249] step 630 loss: 0.0878
[Epoch 249] step 640 loss: 0.0774
[Epoch 249] step 650 loss: 0.1409
[Epoch 249] step 660 loss: 0.0718
[Epoch 249] step 670 loss: 0.0725
[Epoch 249] step 680 loss: 0.1159
[Epoch 249] step 690 loss: 0.1302
[Epoch 249] step 700 loss: 0.1558
[Epoch 249] step 710 loss: 0.1755
[Epoch 249] step 720 loss: 0.1319
[Epoch 249] step 730 loss: 0.0828
[Epoch 249] step 740 loss: 0.1552
[Epoch 249] step 750 loss: 0.1123
[Epoch 249] step 760 loss: 0.1502
[Epoch 249] step 770 loss: 0.1444
[Epoch 249] step 780 loss: 0.1010
[Epoch 249] step 790 loss: 0.1383
[Epoch 249] step 800 loss: 0.0714
[Epoch 249] step 810 loss: 0.0911
==== Epoch 249 avg loss: 0.1245 ====
[Epoch 250] step 0 loss: 0.0600
[Epoch 250] step 10 loss: 0.1525
[Epoch 250] step 20 loss: 0.0907
[Epoch 250] step 30 loss: 0.0973
[Epoch 250] step 40 loss: 0.1551
[Epoch 250] step 50 loss: 0.1436
[Epoch 250] step 60 loss: 0.0781
[Epoch 250] step 70 loss: 0.0909
[Epoch 250] step 80 loss: 0.1209
[Epoch 250] step 90 loss: 0.1506
[Epoch 250] step 100 loss: 0.1428
[Epoch 250] step 110 loss: 0.0877
[Epoch 250] step 120 loss: 0.0827
[Epoch 250] step 130 loss: 0.1539
[Epoch 250] step 140 loss: 0.1805
[Epoch 250] step 150 loss: 0.1741
[Epoch 250] step 160 loss: 0.1222
[Epoch 250] step 170 loss: 0.1490
[Epoch 250] step 180 loss: 0.1098
[Epoch 250] step 190 loss: 0.2166
[Epoch 250] step 200 loss: 0.1484
[Epoch 250] step 210 loss: 0.1046
[Epoch 250] step 220 loss: 0.1223
[Epoch 250] step 230 loss: 0.1449
[Epoch 250] step 240 loss: 0.1890
[Epoch 250] step 250 loss: 0.1441
[Epoch 250] step 260 loss: 0.0863
[Epoch 250] step 270 loss: 0.1407
[Epoch 250] step 280 loss: 0.1244
[Epoch 250] step 290 loss: 0.1259
[Epoch 250] step 300 loss: 0.1074
[Epoch 250] step 310 loss: 0.1575
[Epoch 250] step 320 loss: 0.1441
[Epoch 250] step 330 loss: 0.0755
[Epoch 250] step 340 loss: 0.1049
[Epoch 250] step 350 loss: 0.0606
[Epoch 250] step 360 loss: 0.1376
[Epoch 250] step 370 loss: 0.1609
[Epoch 250] step 380 loss: 0.1007
[Epoch 250] step 390 loss: 0.0614
[Epoch 250] step 400 loss: 0.1187
[Epoch 250] step 410 loss: 0.1220
[Epoch 250] step 420 loss: 0.0938
[Epoch 250] step 430 loss: 0.1141
[Epoch 250] step 440 loss: 0.1090
[Epoch 250] step 450 loss: 0.1359
[Epoch 250] step 460 loss: 0.0914
[Epoch 250] step 470 loss: 0.0760
[Epoch 250] step 480 loss: 0.1727
[Epoch 250] step 490 loss: 0.1583
[Epoch 250] step 500 loss: 0.1299
[Epoch 250] step 510 loss: 0.1146
[Epoch 250] step 520 loss: 0.1382
[Epoch 250] step 530 loss: 0.1225
[Epoch 250] step 540 loss: 0.1536
[Epoch 250] step 550 loss: 0.1444
[Epoch 250] step 560 loss: 0.0998
[Epoch 250] step 570 loss: 0.1208
[Epoch 250] step 580 loss: 0.1159
[Epoch 250] step 590 loss: 0.1456
[Epoch 250] step 600 loss: 0.1557
[Epoch 250] step 610 loss: 0.0841
[Epoch 250] step 620 loss: 0.0763
[Epoch 250] step 630 loss: 0.0802
[Epoch 250] step 640 loss: 0.1497
[Epoch 250] step 650 loss: 0.1181
[Epoch 250] step 660 loss: 0.1065
[Epoch 250] step 670 loss: 0.1036
[Epoch 250] step 680 loss: 0.1433
[Epoch 250] step 690 loss: 0.1399
[Epoch 250] step 700 loss: 0.1364
[Epoch 250] step 710 loss: 0.2220
[Epoch 250] step 720 loss: 0.0848
[Epoch 250] step 730 loss: 0.1154
[Epoch 250] step 740 loss: 0.1252
[Epoch 250] step 750 loss: 0.1353
[Epoch 250] step 760 loss: 0.2127
[Epoch 250] step 770 loss: 0.1264
[Epoch 250] step 780 loss: 0.1331
[Epoch 250] step 790 loss: 0.1674
[Epoch 250] step 800 loss: 0.1099
[Epoch 250] step 810 loss: 0.0550
==== Epoch 250 avg loss: 0.1277 ====
[Epoch 251] step 0 loss: 0.1245
[Epoch 251] step 10 loss: 0.1099
[Epoch 251] step 20 loss: 0.1108
[Epoch 251] step 30 loss: 0.1174
[Epoch 251] step 40 loss: 0.1106
[Epoch 251] step 50 loss: 0.1613
[Epoch 251] step 60 loss: 0.1182
[Epoch 251] step 70 loss: 0.1045
[Epoch 251] step 80 loss: 0.1324
[Epoch 251] step 90 loss: 0.1255
[Epoch 251] step 100 loss: 0.1345
[Epoch 251] step 110 loss: 0.1036
[Epoch 251] step 120 loss: 0.0762
[Epoch 251] step 130 loss: 0.1525
[Epoch 251] step 140 loss: 0.1217
[Epoch 251] step 150 loss: 0.0863
[Epoch 251] step 160 loss: 0.0905
[Epoch 251] step 170 loss: 0.0685
[Epoch 251] step 180 loss: 0.0695
[Epoch 251] step 190 loss: 0.1651
[Epoch 251] step 200 loss: 0.1168
[Epoch 251] step 210 loss: 0.1318
[Epoch 251] step 220 loss: 0.1544
[Epoch 251] step 230 loss: 0.1494
[Epoch 251] step 240 loss: 0.1033
[Epoch 251] step 250 loss: 0.1041
[Epoch 251] step 260 loss: 0.1134
[Epoch 251] step 270 loss: 0.1201
[Epoch 251] step 280 loss: 0.1271
[Epoch 251] step 290 loss: 0.1405
[Epoch 251] step 300 loss: 0.1539
[Epoch 251] step 310 loss: 0.1355
[Epoch 251] step 320 loss: 0.1092
[Epoch 251] step 330 loss: 0.0841
[Epoch 251] step 340 loss: 0.0942
[Epoch 251] step 350 loss: 0.1062
[Epoch 251] step 360 loss: 0.0903
[Epoch 251] step 370 loss: 0.1487
[Epoch 251] step 380 loss: 0.1618
[Epoch 251] step 390 loss: 0.1420
[Epoch 251] step 400 loss: 0.2022
[Epoch 251] step 410 loss: 0.1513
[Epoch 251] step 420 loss: 0.0960
[Epoch 251] step 430 loss: 0.0663
[Epoch 251] step 440 loss: 0.1395
[Epoch 251] step 450 loss: 0.1046
[Epoch 251] step 460 loss: 0.1086
[Epoch 251] step 470 loss: 0.1561
[Epoch 251] step 480 loss: 0.0773
[Epoch 251] step 490 loss: 0.1202
[Epoch 251] step 500 loss: 0.1103
[Epoch 251] step 510 loss: 0.0841
[Epoch 251] step 520 loss: 0.0961
[Epoch 251] step 530 loss: 0.1645
[Epoch 251] step 540 loss: 0.1496
[Epoch 251] step 550 loss: 0.1111
[Epoch 251] step 560 loss: 0.1204
[Epoch 251] step 570 loss: 0.1857
[Epoch 251] step 580 loss: 0.0723
[Epoch 251] step 590 loss: 0.1386
[Epoch 251] step 600 loss: 0.0689
[Epoch 251] step 610 loss: 0.1155
[Epoch 251] step 620 loss: 0.1425
[Epoch 251] step 630 loss: 0.2110
[Epoch 251] step 640 loss: 0.1089
[Epoch 251] step 650 loss: 0.1961
[Epoch 251] step 660 loss: 0.1326
[Epoch 251] step 670 loss: 0.1798
[Epoch 251] step 680 loss: 0.2037
[Epoch 251] step 690 loss: 0.0773
[Epoch 251] step 700 loss: 0.0885
[Epoch 251] step 710 loss: 0.0792
[Epoch 251] step 720 loss: 0.1160
[Epoch 251] step 730 loss: 0.1129
[Epoch 251] step 740 loss: 0.1249
[Epoch 251] step 750 loss: 0.1113
[Epoch 251] step 760 loss: 0.1087
[Epoch 251] step 770 loss: 0.1251
[Epoch 251] step 780 loss: 0.0937
[Epoch 251] step 790 loss: 0.1508
[Epoch 251] step 800 loss: 0.1575
[Epoch 251] step 810 loss: 0.1422
==== Epoch 251 avg loss: 0.1261 ====
[Epoch 252] step 0 loss: 0.0851
[Epoch 252] step 10 loss: 0.1097
[Epoch 252] step 20 loss: 0.0969
[Epoch 252] step 30 loss: 0.1407
[Epoch 252] step 40 loss: 0.0749
[Epoch 252] step 50 loss: 0.1525
[Epoch 252] step 60 loss: 0.1113
[Epoch 252] step 70 loss: 0.0768
[Epoch 252] step 80 loss: 0.1433
[Epoch 252] step 90 loss: 0.0924
[Epoch 252] step 100 loss: 0.1407
[Epoch 252] step 110 loss: 0.1498
[Epoch 252] step 120 loss: 0.0946
[Epoch 252] step 130 loss: 0.1488
[Epoch 252] step 140 loss: 0.1603
[Epoch 252] step 150 loss: 0.1282
[Epoch 252] step 160 loss: 0.1040
[Epoch 252] step 170 loss: 0.1476
[Epoch 252] step 180 loss: 0.1378
[Epoch 252] step 190 loss: 0.0993
[Epoch 252] step 200 loss: 0.1143
[Epoch 252] step 210 loss: 0.1382
[Epoch 252] step 220 loss: 0.0935
[Epoch 252] step 230 loss: 0.1222
[Epoch 252] step 240 loss: 0.1169
[Epoch 252] step 250 loss: 0.1184
[Epoch 252] step 260 loss: 0.0881
[Epoch 252] step 270 loss: 0.1440
[Epoch 252] step 280 loss: 0.1523
[Epoch 252] step 290 loss: 0.0637
[Epoch 252] step 300 loss: 0.0801
[Epoch 252] step 310 loss: 0.1267
[Epoch 252] step 320 loss: 0.1520
[Epoch 252] step 330 loss: 0.1529
[Epoch 252] step 340 loss: 0.1357
[Epoch 252] step 350 loss: 0.1587
[Epoch 252] step 360 loss: 0.0719
[Epoch 252] step 370 loss: 0.0913
[Epoch 252] step 380 loss: 0.1801
[Epoch 252] step 390 loss: 0.0742
[Epoch 252] step 400 loss: 0.1446
[Epoch 252] step 410 loss: 0.1246
[Epoch 252] step 420 loss: 0.1498
[Epoch 252] step 430 loss: 0.0987
[Epoch 252] step 440 loss: 0.0825
[Epoch 252] step 450 loss: 0.1194
[Epoch 252] step 460 loss: 0.1270
[Epoch 252] step 470 loss: 0.1596
[Epoch 252] step 480 loss: 0.1294
[Epoch 252] step 490 loss: 0.0875
[Epoch 252] step 500 loss: 0.1136
[Epoch 252] step 510 loss: 0.1040
[Epoch 252] step 520 loss: 0.0982
[Epoch 252] step 530 loss: 0.1395
[Epoch 252] step 540 loss: 0.0697
[Epoch 252] step 550 loss: 0.1445
[Epoch 252] step 560 loss: 0.1059
[Epoch 252] step 570 loss: 0.1153
[Epoch 252] step 580 loss: 0.0473
[Epoch 252] step 590 loss: 0.1344
[Epoch 252] step 600 loss: 0.0919
[Epoch 252] step 610 loss: 0.0714
[Epoch 252] step 620 loss: 0.1003
[Epoch 252] step 630 loss: 0.1144
[Epoch 252] step 640 loss: 0.0821
[Epoch 252] step 650 loss: 0.0831
[Epoch 252] step 660 loss: 0.0744
[Epoch 252] step 670 loss: 0.1168
[Epoch 252] step 680 loss: 0.1066
[Epoch 252] step 690 loss: 0.1739
[Epoch 252] step 700 loss: 0.0467
[Epoch 252] step 710 loss: 0.1116
[Epoch 252] step 720 loss: 0.1550
[Epoch 252] step 730 loss: 0.1576
[Epoch 252] step 740 loss: 0.0648
[Epoch 252] step 750 loss: 0.1726
[Epoch 252] step 760 loss: 0.1974
[Epoch 252] step 770 loss: 0.1135
[Epoch 252] step 780 loss: 0.0804
[Epoch 252] step 790 loss: 0.1482
[Epoch 252] step 800 loss: 0.0847
[Epoch 252] step 810 loss: 0.1403
==== Epoch 252 avg loss: 0.1166 ====
[Epoch 253] step 0 loss: 0.1258
[Epoch 253] step 10 loss: 0.0900
[Epoch 253] step 20 loss: 0.1410
[Epoch 253] step 30 loss: 0.1248
[Epoch 253] step 40 loss: 0.0731
[Epoch 253] step 50 loss: 0.0788
[Epoch 253] step 60 loss: 0.1545
[Epoch 253] step 70 loss: 0.1418
[Epoch 253] step 80 loss: 0.1912
[Epoch 253] step 90 loss: 0.0697
[Epoch 253] step 100 loss: 0.1060
[Epoch 253] step 110 loss: 0.1079
[Epoch 253] step 120 loss: 0.1260
[Epoch 253] step 130 loss: 0.1555
[Epoch 253] step 140 loss: 0.1511
[Epoch 253] step 150 loss: 0.1169
[Epoch 253] step 160 loss: 0.1185
[Epoch 253] step 170 loss: 0.1637
[Epoch 253] step 180 loss: 0.1205
[Epoch 253] step 190 loss: 0.1395
[Epoch 253] step 200 loss: 0.1606
[Epoch 253] step 210 loss: 0.1650
[Epoch 253] step 220 loss: 0.1169
[Epoch 253] step 230 loss: 0.1998
[Epoch 253] step 240 loss: 0.1224
[Epoch 253] step 250 loss: 0.1416
[Epoch 253] step 260 loss: 0.1494
[Epoch 253] step 270 loss: 0.1178
[Epoch 253] step 280 loss: 0.0842
[Epoch 253] step 290 loss: 0.1021
[Epoch 253] step 300 loss: 0.1033
[Epoch 253] step 310 loss: 0.1397
[Epoch 253] step 320 loss: 0.0612
[Epoch 253] step 330 loss: 0.1211
[Epoch 253] step 340 loss: 0.0749
[Epoch 253] step 350 loss: 0.1445
[Epoch 253] step 360 loss: 0.0807
[Epoch 253] step 370 loss: 0.1021
[Epoch 253] step 380 loss: 0.1156
[Epoch 253] step 390 loss: 0.1930
[Epoch 253] step 400 loss: 0.1046
[Epoch 253] step 410 loss: 0.2088
[Epoch 253] step 420 loss: 0.1243
[Epoch 253] step 430 loss: 0.1586
[Epoch 253] step 440 loss: 0.1466
[Epoch 253] step 450 loss: 0.1359
[Epoch 253] step 460 loss: 0.1007
[Epoch 253] step 470 loss: 0.1367
[Epoch 253] step 480 loss: 0.1243
[Epoch 253] step 490 loss: 0.1083
[Epoch 253] step 500 loss: 0.1355
[Epoch 253] step 510 loss: 0.1427
[Epoch 253] step 520 loss: 0.1769
[Epoch 253] step 530 loss: 0.1531
[Epoch 253] step 540 loss: 0.1288
[Epoch 253] step 550 loss: 0.1572
[Epoch 253] step 560 loss: 0.0985
[Epoch 253] step 570 loss: 0.1687
[Epoch 253] step 580 loss: 0.1656
[Epoch 253] step 590 loss: 0.0668
[Epoch 253] step 600 loss: 0.1536
[Epoch 253] step 610 loss: 0.0701
[Epoch 253] step 620 loss: 0.0890
[Epoch 253] step 630 loss: 0.1152
[Epoch 253] step 640 loss: 0.1153
[Epoch 253] step 650 loss: 0.1701
[Epoch 253] step 660 loss: 0.1515
[Epoch 253] step 670 loss: 0.1216
[Epoch 253] step 680 loss: 0.0933
[Epoch 253] step 690 loss: 0.0652
[Epoch 253] step 700 loss: 0.1243
[Epoch 253] step 710 loss: 0.1535
[Epoch 253] step 720 loss: 0.1145
[Epoch 253] step 730 loss: 0.1309
[Epoch 253] step 740 loss: 0.0842
[Epoch 253] step 750 loss: 0.1018
[Epoch 253] step 760 loss: 0.1043
[Epoch 253] step 770 loss: 0.2053
[Epoch 253] step 780 loss: 0.0678
[Epoch 253] step 790 loss: 0.1732
[Epoch 253] step 800 loss: 0.1298
[Epoch 253] step 810 loss: 0.1238
==== Epoch 253 avg loss: 0.1248 ====
[Epoch 254] step 0 loss: 0.0770
[Epoch 254] step 10 loss: 0.1076
[Epoch 254] step 20 loss: 0.0886
[Epoch 254] step 30 loss: 0.0882
[Epoch 254] step 40 loss: 0.1324
[Epoch 254] step 50 loss: 0.1580
[Epoch 254] step 60 loss: 0.1883
[Epoch 254] step 70 loss: 0.1245
[Epoch 254] step 80 loss: 0.1145
[Epoch 254] step 90 loss: 0.1518
[Epoch 254] step 100 loss: 0.1662
[Epoch 254] step 110 loss: 0.1548
[Epoch 254] step 120 loss: 0.1175
[Epoch 254] step 130 loss: 0.1315
[Epoch 254] step 140 loss: 0.0489
[Epoch 254] step 150 loss: 0.1648
[Epoch 254] step 160 loss: 0.1463
[Epoch 254] step 170 loss: 0.0787
[Epoch 254] step 180 loss: 0.0727
[Epoch 254] step 190 loss: 0.1251
[Epoch 254] step 200 loss: 0.1455
[Epoch 254] step 210 loss: 0.1017
[Epoch 254] step 220 loss: 0.1275
[Epoch 254] step 230 loss: 0.0713
[Epoch 254] step 240 loss: 0.0767
[Epoch 254] step 250 loss: 0.1424
[Epoch 254] step 260 loss: 0.1253
[Epoch 254] step 270 loss: 0.1318
[Epoch 254] step 280 loss: 0.0820
[Epoch 254] step 290 loss: 0.1124
[Epoch 254] step 300 loss: 0.0894
[Epoch 254] step 310 loss: 0.1330
[Epoch 254] step 320 loss: 0.1336
[Epoch 254] step 330 loss: 0.0742
[Epoch 254] step 340 loss: 0.1572
[Epoch 254] step 350 loss: 0.0934
[Epoch 254] step 360 loss: 0.1193
[Epoch 254] step 370 loss: 0.1466
[Epoch 254] step 380 loss: 0.0678
[Epoch 254] step 390 loss: 0.1523
[Epoch 254] step 400 loss: 0.1347
[Epoch 254] step 410 loss: 0.1151
[Epoch 254] step 420 loss: 0.1756
[Epoch 254] step 430 loss: 0.1796
[Epoch 254] step 440 loss: 0.1075
[Epoch 254] step 450 loss: 0.1533
[Epoch 254] step 460 loss: 0.0983
[Epoch 254] step 470 loss: 0.1002
[Epoch 254] step 480 loss: 0.1317
[Epoch 254] step 490 loss: 0.1117
[Epoch 254] step 500 loss: 0.1438
[Epoch 254] step 510 loss: 0.1463
[Epoch 254] step 520 loss: 0.1494
[Epoch 254] step 530 loss: 0.1195
[Epoch 254] step 540 loss: 0.0572
[Epoch 254] step 550 loss: 0.0880
[Epoch 254] step 560 loss: 0.0991
[Epoch 254] step 570 loss: 0.1434
[Epoch 254] step 580 loss: 0.1195
[Epoch 254] step 590 loss: 0.1390
[Epoch 254] step 600 loss: 0.1263
[Epoch 254] step 610 loss: 0.1383
[Epoch 254] step 620 loss: 0.0997
[Epoch 254] step 630 loss: 0.1122
[Epoch 254] step 640 loss: 0.0910
[Epoch 254] step 650 loss: 0.1083
[Epoch 254] step 660 loss: 0.0748
[Epoch 254] step 670 loss: 0.0736
[Epoch 254] step 680 loss: 0.1076
[Epoch 254] step 690 loss: 0.0869
[Epoch 254] step 700 loss: 0.0944
[Epoch 254] step 710 loss: 0.0843
[Epoch 254] step 720 loss: 0.1675
[Epoch 254] step 730 loss: 0.0881
[Epoch 254] step 740 loss: 0.1401
[Epoch 254] step 750 loss: 0.1701
[Epoch 254] step 760 loss: 0.1074
[Epoch 254] step 770 loss: 0.1700
[Epoch 254] step 780 loss: 0.1875
[Epoch 254] step 790 loss: 0.1463
[Epoch 254] step 800 loss: 0.1101
[Epoch 254] step 810 loss: 0.1162
==== Epoch 254 avg loss: 0.1247 ====
[Epoch 255] step 0 loss: 0.1392
[Epoch 255] step 10 loss: 0.1280
[Epoch 255] step 20 loss: 0.1522
[Epoch 255] step 30 loss: 0.1681
[Epoch 255] step 40 loss: 0.1232
[Epoch 255] step 50 loss: 0.0976
[Epoch 255] step 60 loss: 0.0886
[Epoch 255] step 70 loss: 0.1115
[Epoch 255] step 80 loss: 0.1502
[Epoch 255] step 90 loss: 0.1614
[Epoch 255] step 100 loss: 0.1039
[Epoch 255] step 110 loss: 0.1112
[Epoch 255] step 120 loss: 0.1744
[Epoch 255] step 130 loss: 0.1803
[Epoch 255] step 140 loss: 0.1431
[Epoch 255] step 150 loss: 0.0959
[Epoch 255] step 160 loss: 0.0993
[Epoch 255] step 170 loss: 0.1296
[Epoch 255] step 180 loss: 0.1288
[Epoch 255] step 190 loss: 0.0601
[Epoch 255] step 200 loss: 0.0544
[Epoch 255] step 210 loss: 0.1965
[Epoch 255] step 220 loss: 0.0760
[Epoch 255] step 230 loss: 0.1074
[Epoch 255] step 240 loss: 0.1134
[Epoch 255] step 250 loss: 0.0769
[Epoch 255] step 260 loss: 0.1580
[Epoch 255] step 270 loss: 0.0807
[Epoch 255] step 280 loss: 0.1156
[Epoch 255] step 290 loss: 0.1348
[Epoch 255] step 300 loss: 0.1347
[Epoch 255] step 310 loss: 0.1524
[Epoch 255] step 320 loss: 0.1354
[Epoch 255] step 330 loss: 0.1530
[Epoch 255] step 340 loss: 0.1513
[Epoch 255] step 350 loss: 0.0823
[Epoch 255] step 360 loss: 0.1350
[Epoch 255] step 370 loss: 0.1259
[Epoch 255] step 380 loss: 0.1484
[Epoch 255] step 390 loss: 0.0828
[Epoch 255] step 400 loss: 0.1141
[Epoch 255] step 410 loss: 0.0775
[Epoch 255] step 420 loss: 0.1293
[Epoch 255] step 430 loss: 0.1033
[Epoch 255] step 440 loss: 0.1078
[Epoch 255] step 450 loss: 0.1176
[Epoch 255] step 460 loss: 0.0902
[Epoch 255] step 470 loss: 0.0707
[Epoch 255] step 480 loss: 0.1458
[Epoch 255] step 490 loss: 0.0726
[Epoch 255] step 500 loss: 0.0946
[Epoch 255] step 510 loss: 0.1268
[Epoch 255] step 520 loss: 0.0876
[Epoch 255] step 530 loss: 0.1055
[Epoch 255] step 540 loss: 0.0704
[Epoch 255] step 550 loss: 0.0950
[Epoch 255] step 560 loss: 0.0827
[Epoch 255] step 570 loss: 0.1346
[Epoch 255] step 580 loss: 0.1437
[Epoch 255] step 590 loss: 0.1420
[Epoch 255] step 600 loss: 0.0748
[Epoch 255] step 610 loss: 0.0658
[Epoch 255] step 620 loss: 0.1094
[Epoch 255] step 630 loss: 0.1028
[Epoch 255] step 640 loss: 0.1541
[Epoch 255] step 650 loss: 0.1291
[Epoch 255] step 660 loss: 0.1398
[Epoch 255] step 670 loss: 0.1275
[Epoch 255] step 680 loss: 0.1415
[Epoch 255] step 690 loss: 0.1028
[Epoch 255] step 700 loss: 0.1142
[Epoch 255] step 710 loss: 0.1058
[Epoch 255] step 720 loss: 0.1245
[Epoch 255] step 730 loss: 0.1057
[Epoch 255] step 740 loss: 0.0661
[Epoch 255] step 750 loss: 0.1169
[Epoch 255] step 760 loss: 0.1333
[Epoch 255] step 770 loss: 0.1112
[Epoch 255] step 780 loss: 0.0550
[Epoch 255] step 790 loss: 0.0935
[Epoch 255] step 800 loss: 0.0954
[Epoch 255] step 810 loss: 0.1273
==== Epoch 255 avg loss: 0.1165 ====
[Epoch 256] step 0 loss: 0.1300
[Epoch 256] step 10 loss: 0.1961
[Epoch 256] step 20 loss: 0.1511
[Epoch 256] step 30 loss: 0.1629
[Epoch 256] step 40 loss: 0.1624
[Epoch 256] step 50 loss: 0.1097
[Epoch 256] step 60 loss: 0.1941
[Epoch 256] step 70 loss: 0.1526
[Epoch 256] step 80 loss: 0.0507
[Epoch 256] step 90 loss: 0.1370
[Epoch 256] step 100 loss: 0.0816
[Epoch 256] step 110 loss: 0.1266
[Epoch 256] step 120 loss: 0.1465
[Epoch 256] step 130 loss: 0.1745
[Epoch 256] step 140 loss: 0.1542
[Epoch 256] step 150 loss: 0.1457
[Epoch 256] step 160 loss: 0.0979
[Epoch 256] step 170 loss: 0.0783
[Epoch 256] step 180 loss: 0.1201
[Epoch 256] step 190 loss: 0.1436
[Epoch 256] step 200 loss: 0.0948
[Epoch 256] step 210 loss: 0.1425
[Epoch 256] step 220 loss: 0.0984
[Epoch 256] step 230 loss: 0.1207
[Epoch 256] step 240 loss: 0.1473
[Epoch 256] step 250 loss: 0.1374
[Epoch 256] step 260 loss: 0.0847
[Epoch 256] step 270 loss: 0.1128
[Epoch 256] step 280 loss: 0.2052
[Epoch 256] step 290 loss: 0.0916
[Epoch 256] step 300 loss: 0.1027
[Epoch 256] step 310 loss: 0.1527
[Epoch 256] step 320 loss: 0.1060
[Epoch 256] step 330 loss: 0.1980
[Epoch 256] step 340 loss: 0.2587
[Epoch 256] step 350 loss: 0.1169
[Epoch 256] step 360 loss: 0.0604
[Epoch 256] step 370 loss: 0.1308
[Epoch 256] step 380 loss: 0.1456
[Epoch 256] step 390 loss: 0.1243
[Epoch 256] step 400 loss: 0.1323
[Epoch 256] step 410 loss: 0.1396
[Epoch 256] step 420 loss: 0.1703
[Epoch 256] step 430 loss: 0.1356
[Epoch 256] step 440 loss: 0.0836
[Epoch 256] step 450 loss: 0.1650
[Epoch 256] step 460 loss: 0.1254
[Epoch 256] step 470 loss: 0.0970
[Epoch 256] step 480 loss: 0.0979
[Epoch 256] step 490 loss: 0.1635
[Epoch 256] step 500 loss: 0.0738
[Epoch 256] step 510 loss: 0.1083
[Epoch 256] step 520 loss: 0.1771
[Epoch 256] step 530 loss: 0.1973
[Epoch 256] step 540 loss: 0.1263
[Epoch 256] step 550 loss: 0.0612
[Epoch 256] step 560 loss: 0.1320
[Epoch 256] step 570 loss: 0.1962
[Epoch 256] step 580 loss: 0.1575
[Epoch 256] step 590 loss: 0.0820
[Epoch 256] step 600 loss: 0.1155
[Epoch 256] step 610 loss: 0.1466
[Epoch 256] step 620 loss: 0.1450
[Epoch 256] step 630 loss: 0.2045
[Epoch 256] step 640 loss: 0.1214
[Epoch 256] step 650 loss: 0.1403
[Epoch 256] step 660 loss: 0.1811
[Epoch 256] step 670 loss: 0.0978
[Epoch 256] step 680 loss: 0.1553
[Epoch 256] step 690 loss: 0.1478
[Epoch 256] step 700 loss: 0.1503
[Epoch 256] step 710 loss: 0.1445
[Epoch 256] step 720 loss: 0.1353
[Epoch 256] step 730 loss: 0.0910
[Epoch 256] step 740 loss: 0.1212
[Epoch 256] step 750 loss: 0.1371
[Epoch 256] step 760 loss: 0.0921
[Epoch 256] step 770 loss: 0.1062
[Epoch 256] step 780 loss: 0.1830
[Epoch 256] step 790 loss: 0.1055
[Epoch 256] step 800 loss: 0.0578
[Epoch 256] step 810 loss: 0.0905
==== Epoch 256 avg loss: 0.1240 ====
[Epoch 257] step 0 loss: 0.1096
[Epoch 257] step 10 loss: 0.0869
[Epoch 257] step 20 loss: 0.1017
[Epoch 257] step 30 loss: 0.1201
[Epoch 257] step 40 loss: 0.0780
[Epoch 257] step 50 loss: 0.1348
[Epoch 257] step 60 loss: 0.0832
[Epoch 257] step 70 loss: 0.0969
[Epoch 257] step 80 loss: 0.1133
[Epoch 257] step 90 loss: 0.1035
[Epoch 257] step 100 loss: 0.1348
[Epoch 257] step 110 loss: 0.1214
[Epoch 257] step 120 loss: 0.1181
[Epoch 257] step 130 loss: 0.1666
[Epoch 257] step 140 loss: 0.1894
[Epoch 257] step 150 loss: 0.1080
[Epoch 257] step 160 loss: 0.1615
[Epoch 257] step 170 loss: 0.1202
[Epoch 257] step 180 loss: 0.1285
[Epoch 257] step 190 loss: 0.1666
[Epoch 257] step 200 loss: 0.1273
[Epoch 257] step 210 loss: 0.1050
[Epoch 257] step 220 loss: 0.0942
[Epoch 257] step 230 loss: 0.0874
[Epoch 257] step 240 loss: 0.1001
[Epoch 257] step 250 loss: 0.0783
[Epoch 257] step 260 loss: 0.1391
[Epoch 257] step 270 loss: 0.1017
[Epoch 257] step 280 loss: 0.1090
[Epoch 257] step 290 loss: 0.1128
[Epoch 257] step 300 loss: 0.0965
[Epoch 257] step 310 loss: 0.1956
[Epoch 257] step 320 loss: 0.1838
[Epoch 257] step 330 loss: 0.0984
[Epoch 257] step 340 loss: 0.1200
[Epoch 257] step 350 loss: 0.1099
[Epoch 257] step 360 loss: 0.0954
[Epoch 257] step 370 loss: 0.0914
[Epoch 257] step 380 loss: 0.1835
[Epoch 257] step 390 loss: 0.0957
[Epoch 257] step 400 loss: 0.1552
[Epoch 257] step 410 loss: 0.1137
[Epoch 257] step 420 loss: 0.0913
[Epoch 257] step 430 loss: 0.1202
[Epoch 257] step 440 loss: 0.1054
[Epoch 257] step 450 loss: 0.0674
[Epoch 257] step 460 loss: 0.2623
[Epoch 257] step 470 loss: 0.1476
[Epoch 257] step 480 loss: 0.1638
[Epoch 257] step 490 loss: 0.1233
[Epoch 257] step 500 loss: 0.1155
[Epoch 257] step 510 loss: 0.1325
[Epoch 257] step 520 loss: 0.1116
[Epoch 257] step 530 loss: 0.2190
[Epoch 257] step 540 loss: 0.1420
[Epoch 257] step 550 loss: 0.1161
[Epoch 257] step 560 loss: 0.1447
[Epoch 257] step 570 loss: 0.0883
[Epoch 257] step 580 loss: 0.1402
[Epoch 257] step 590 loss: 0.1240
[Epoch 257] step 600 loss: 0.1197
[Epoch 257] step 610 loss: 0.2458
[Epoch 257] step 620 loss: 0.1460
[Epoch 257] step 630 loss: 0.1238
[Epoch 257] step 640 loss: 0.1208
[Epoch 257] step 650 loss: 0.0889
[Epoch 257] step 660 loss: 0.1481
[Epoch 257] step 670 loss: 0.0797
[Epoch 257] step 680 loss: 0.0789
[Epoch 257] step 690 loss: 0.1038
[Epoch 257] step 700 loss: 0.0864
[Epoch 257] step 710 loss: 0.0891
[Epoch 257] step 720 loss: 0.1512
[Epoch 257] step 730 loss: 0.1488
[Epoch 257] step 740 loss: 0.0850
[Epoch 257] step 750 loss: 0.0845
[Epoch 257] step 760 loss: 0.1136
[Epoch 257] step 770 loss: 0.0932
[Epoch 257] step 780 loss: 0.1357
[Epoch 257] step 790 loss: 0.1554
[Epoch 257] step 800 loss: 0.1052
[Epoch 257] step 810 loss: 0.1127
==== Epoch 257 avg loss: 0.1218 ====
[Epoch 258] step 0 loss: 0.0973
[Epoch 258] step 10 loss: 0.1011
[Epoch 258] step 20 loss: 0.1224
[Epoch 258] step 30 loss: 0.1341
[Epoch 258] step 40 loss: 0.1060
[Epoch 258] step 50 loss: 0.1342
[Epoch 258] step 60 loss: 0.0913
[Epoch 258] step 70 loss: 0.1898
[Epoch 258] step 80 loss: 0.2250
[Epoch 258] step 90 loss: 0.0743
[Epoch 258] step 100 loss: 0.1204
[Epoch 258] step 110 loss: 0.1452
[Epoch 258] step 120 loss: 0.1531
[Epoch 258] step 130 loss: 0.0975
[Epoch 258] step 140 loss: 0.1613
[Epoch 258] step 150 loss: 0.1286
[Epoch 258] step 160 loss: 0.0705
[Epoch 258] step 170 loss: 0.1069
[Epoch 258] step 180 loss: 0.1444
[Epoch 258] step 190 loss: 0.0995
[Epoch 258] step 200 loss: 0.1297
[Epoch 258] step 210 loss: 0.1175
[Epoch 258] step 220 loss: 0.1147
[Epoch 258] step 230 loss: 0.1202
[Epoch 258] step 240 loss: 0.0828
[Epoch 258] step 250 loss: 0.0943
[Epoch 258] step 260 loss: 0.0879
[Epoch 258] step 270 loss: 0.0783
[Epoch 258] step 280 loss: 0.1285
[Epoch 258] step 290 loss: 0.1334
[Epoch 258] step 300 loss: 0.1862
[Epoch 258] step 310 loss: 0.0772
[Epoch 258] step 320 loss: 0.1276
[Epoch 258] step 330 loss: 0.1464
[Epoch 258] step 340 loss: 0.0820
[Epoch 258] step 350 loss: 0.0661
[Epoch 258] step 360 loss: 0.2079
[Epoch 258] step 370 loss: 0.1336
[Epoch 258] step 380 loss: 0.1440
[Epoch 258] step 390 loss: 0.0610
[Epoch 258] step 400 loss: 0.1547
[Epoch 258] step 410 loss: 0.0902
[Epoch 258] step 420 loss: 0.1114
[Epoch 258] step 430 loss: 0.1295
[Epoch 258] step 440 loss: 0.1506
[Epoch 258] step 450 loss: 0.1646
[Epoch 258] step 460 loss: 0.1165
[Epoch 258] step 470 loss: 0.0925
[Epoch 258] step 480 loss: 0.0710
[Epoch 258] step 490 loss: 0.1407
[Epoch 258] step 500 loss: 0.1123
[Epoch 258] step 510 loss: 0.1736
[Epoch 258] step 520 loss: 0.1400
[Epoch 258] step 530 loss: 0.0751
[Epoch 258] step 540 loss: 0.1075
[Epoch 258] step 550 loss: 0.1783
[Epoch 258] step 560 loss: 0.1794
[Epoch 258] step 570 loss: 0.0864
[Epoch 258] step 580 loss: 0.1075
[Epoch 258] step 590 loss: 0.1383
[Epoch 258] step 600 loss: 0.1963
[Epoch 258] step 610 loss: 0.0917
[Epoch 258] step 620 loss: 0.1683
[Epoch 258] step 630 loss: 0.1476
[Epoch 258] step 640 loss: 0.1138
[Epoch 258] step 650 loss: 0.0985
[Epoch 258] step 660 loss: 0.1357
[Epoch 258] step 670 loss: 0.1772
[Epoch 258] step 680 loss: 0.0947
[Epoch 258] step 690 loss: 0.1430
[Epoch 258] step 700 loss: 0.0836
[Epoch 258] step 710 loss: 0.1411
[Epoch 258] step 720 loss: 0.1207
[Epoch 258] step 730 loss: 0.1150
[Epoch 258] step 740 loss: 0.0858
[Epoch 258] step 750 loss: 0.1322
[Epoch 258] step 760 loss: 0.1343
[Epoch 258] step 770 loss: 0.1277
[Epoch 258] step 780 loss: 0.1244
[Epoch 258] step 790 loss: 0.1194
[Epoch 258] step 800 loss: 0.0931
[Epoch 258] step 810 loss: 0.1169
==== Epoch 258 avg loss: 0.1161 ====
[Epoch 259] step 0 loss: 0.1631
[Epoch 259] step 10 loss: 0.0963
[Epoch 259] step 20 loss: 0.1694
[Epoch 259] step 30 loss: 0.1716
[Epoch 259] step 40 loss: 0.1450
[Epoch 259] step 50 loss: 0.2085
[Epoch 259] step 60 loss: 0.1105
[Epoch 259] step 70 loss: 0.1181
[Epoch 259] step 80 loss: 0.1333
[Epoch 259] step 90 loss: 0.0728
[Epoch 259] step 100 loss: 0.0954
[Epoch 259] step 110 loss: 0.1407
[Epoch 259] step 120 loss: 0.0924
[Epoch 259] step 130 loss: 0.1064
[Epoch 259] step 140 loss: 0.1194
[Epoch 259] step 150 loss: 0.1615
[Epoch 259] step 160 loss: 0.0876
[Epoch 259] step 170 loss: 0.0690
[Epoch 259] step 180 loss: 0.2053
[Epoch 259] step 190 loss: 0.1265
[Epoch 259] step 200 loss: 0.0977
[Epoch 259] step 210 loss: 0.1047
[Epoch 259] step 220 loss: 0.1039
[Epoch 259] step 230 loss: 0.1191
[Epoch 259] step 240 loss: 0.1417
[Epoch 259] step 250 loss: 0.1546
[Epoch 259] step 260 loss: 0.1446
[Epoch 259] step 270 loss: 0.1286
[Epoch 259] step 280 loss: 0.1081
[Epoch 259] step 290 loss: 0.1212
[Epoch 259] step 300 loss: 0.0970
[Epoch 259] step 310 loss: 0.1288
[Epoch 259] step 320 loss: 0.1083
[Epoch 259] step 330 loss: 0.0622
[Epoch 259] step 340 loss: 0.1535
[Epoch 259] step 350 loss: 0.1183
[Epoch 259] step 360 loss: 0.1594
[Epoch 259] step 370 loss: 0.0967
[Epoch 259] step 380 loss: 0.2114
[Epoch 259] step 390 loss: 0.1086
[Epoch 259] step 400 loss: 0.0955
[Epoch 259] step 410 loss: 0.1066
[Epoch 259] step 420 loss: 0.1270
[Epoch 259] step 430 loss: 0.1415
[Epoch 259] step 440 loss: 0.1521
[Epoch 259] step 450 loss: 0.1273
[Epoch 259] step 460 loss: 0.1930
[Epoch 259] step 470 loss: 0.1024
[Epoch 259] step 480 loss: 0.0889
[Epoch 259] step 490 loss: 0.0944
[Epoch 259] step 500 loss: 0.0673
[Epoch 259] step 510 loss: 0.1239
[Epoch 259] step 520 loss: 0.1550
[Epoch 259] step 530 loss: 0.1180
[Epoch 259] step 540 loss: 0.0608
[Epoch 259] step 550 loss: 0.1289
[Epoch 259] step 560 loss: 0.1019
[Epoch 259] step 570 loss: 0.1523
[Epoch 259] step 580 loss: 0.1830
[Epoch 259] step 590 loss: 0.1625
[Epoch 259] step 600 loss: 0.1696
[Epoch 259] step 610 loss: 0.0984
[Epoch 259] step 620 loss: 0.0909
[Epoch 259] step 630 loss: 0.1983
[Epoch 259] step 640 loss: 0.0873
[Epoch 259] step 650 loss: 0.1590
[Epoch 259] step 660 loss: 0.1251
[Epoch 259] step 670 loss: 0.1300
[Epoch 259] step 680 loss: 0.0879
[Epoch 259] step 690 loss: 0.1076
[Epoch 259] step 700 loss: 0.1052
[Epoch 259] step 710 loss: 0.0550
[Epoch 259] step 720 loss: 0.1163
[Epoch 259] step 730 loss: 0.1689
[Epoch 259] step 740 loss: 0.1058
[Epoch 259] step 750 loss: 0.1271
[Epoch 259] step 760 loss: 0.1132
[Epoch 259] step 770 loss: 0.1482
[Epoch 259] step 780 loss: 0.0881
[Epoch 259] step 790 loss: 0.1188
[Epoch 259] step 800 loss: 0.1494
[Epoch 259] step 810 loss: 0.1069
==== Epoch 259 avg loss: 0.1204 ====
[Epoch 260] step 0 loss: 0.1043
[Epoch 260] step 10 loss: 0.1039
[Epoch 260] step 20 loss: 0.0992
[Epoch 260] step 30 loss: 0.0913
[Epoch 260] step 40 loss: 0.1279
[Epoch 260] step 50 loss: 0.1440
[Epoch 260] step 60 loss: 0.1748
[Epoch 260] step 70 loss: 0.1474
[Epoch 260] step 80 loss: 0.1183
[Epoch 260] step 90 loss: 0.1487
[Epoch 260] step 100 loss: 0.0938
[Epoch 260] step 110 loss: 0.1097
[Epoch 260] step 120 loss: 0.1191
[Epoch 260] step 130 loss: 0.0798
[Epoch 260] step 140 loss: 0.0860
[Epoch 260] step 150 loss: 0.1487
[Epoch 260] step 160 loss: 0.1201
[Epoch 260] step 170 loss: 0.1025
[Epoch 260] step 180 loss: 0.0799
[Epoch 260] step 190 loss: 0.1340
[Epoch 260] step 200 loss: 0.0734
[Epoch 260] step 210 loss: 0.0903
[Epoch 260] step 220 loss: 0.1725
[Epoch 260] step 230 loss: 0.0966
[Epoch 260] step 240 loss: 0.1107
[Epoch 260] step 250 loss: 0.1107
[Epoch 260] step 260 loss: 0.0825
[Epoch 260] step 270 loss: 0.1407
[Epoch 260] step 280 loss: 0.0973
[Epoch 260] step 290 loss: 0.0984
[Epoch 260] step 300 loss: 0.1226
[Epoch 260] step 310 loss: 0.1077
[Epoch 260] step 320 loss: 0.1150
[Epoch 260] step 330 loss: 0.1087
[Epoch 260] step 340 loss: 0.0861
[Epoch 260] step 350 loss: 0.1176
[Epoch 260] step 360 loss: 0.1483
[Epoch 260] step 370 loss: 0.0772
[Epoch 260] step 380 loss: 0.1098
[Epoch 260] step 390 loss: 0.0790
[Epoch 260] step 400 loss: 0.0731
[Epoch 260] step 410 loss: 0.0936
[Epoch 260] step 420 loss: 0.0945
[Epoch 260] step 430 loss: 0.1249
[Epoch 260] step 440 loss: 0.0419
[Epoch 260] step 450 loss: 0.0892
[Epoch 260] step 460 loss: 0.0858
[Epoch 260] step 470 loss: 0.1750
[Epoch 260] step 480 loss: 0.1657
[Epoch 260] step 490 loss: 0.1453
[Epoch 260] step 500 loss: 0.1619
[Epoch 260] step 510 loss: 0.1210
[Epoch 260] step 520 loss: 0.0777
[Epoch 260] step 530 loss: 0.1186
[Epoch 260] step 540 loss: 0.1676
[Epoch 260] step 550 loss: 0.0770
[Epoch 260] step 560 loss: 0.0727
[Epoch 260] step 570 loss: 0.1141
[Epoch 260] step 580 loss: 0.1353
[Epoch 260] step 590 loss: 0.1286
[Epoch 260] step 600 loss: 0.1140
[Epoch 260] step 610 loss: 0.1232
[Epoch 260] step 620 loss: 0.0766
[Epoch 260] step 630 loss: 0.1728
[Epoch 260] step 640 loss: 0.2152
[Epoch 260] step 650 loss: 0.1270
[Epoch 260] step 660 loss: 0.1260
[Epoch 260] step 670 loss: 0.0959
[Epoch 260] step 680 loss: 0.1566
[Epoch 260] step 690 loss: 0.1279
[Epoch 260] step 700 loss: 0.1037
[Epoch 260] step 710 loss: 0.1180
[Epoch 260] step 720 loss: 0.0698
[Epoch 260] step 730 loss: 0.0287
[Epoch 260] step 740 loss: 0.1220
[Epoch 260] step 750 loss: 0.0961
[Epoch 260] step 760 loss: 0.1605
[Epoch 260] step 770 loss: 0.1609
[Epoch 260] step 780 loss: 0.0797
[Epoch 260] step 790 loss: 0.1198
[Epoch 260] step 800 loss: 0.1074
[Epoch 260] step 810 loss: 0.1343
==== Epoch 260 avg loss: 0.1179 ====
[Epoch 261] step 0 loss: 0.1222
[Epoch 261] step 10 loss: 0.0747
[Epoch 261] step 20 loss: 0.0749
[Epoch 261] step 30 loss: 0.0708
[Epoch 261] step 40 loss: 0.1408
[Epoch 261] step 50 loss: 0.1609
[Epoch 261] step 60 loss: 0.1200
[Epoch 261] step 70 loss: 0.1357
[Epoch 261] step 80 loss: 0.0781
[Epoch 261] step 90 loss: 0.1673
[Epoch 261] step 100 loss: 0.0658
[Epoch 261] step 110 loss: 0.0882
[Epoch 261] step 120 loss: 0.0608
[Epoch 261] step 130 loss: 0.0679
[Epoch 261] step 140 loss: 0.1379
[Epoch 261] step 150 loss: 0.0810
[Epoch 261] step 160 loss: 0.1143
[Epoch 261] step 170 loss: 0.1251
[Epoch 261] step 180 loss: 0.1518
[Epoch 261] step 190 loss: 0.0995
[Epoch 261] step 200 loss: 0.1101
[Epoch 261] step 210 loss: 0.1133
[Epoch 261] step 220 loss: 0.1793
[Epoch 261] step 230 loss: 0.1051
[Epoch 261] step 240 loss: 0.0629
[Epoch 261] step 250 loss: 0.0861
[Epoch 261] step 260 loss: 0.0689
[Epoch 261] step 270 loss: 0.1058
[Epoch 261] step 280 loss: 0.0812
[Epoch 261] step 290 loss: 0.1646
[Epoch 261] step 300 loss: 0.0648
[Epoch 261] step 310 loss: 0.1081
[Epoch 261] step 320 loss: 0.0858
[Epoch 261] step 330 loss: 0.1333
[Epoch 261] step 340 loss: 0.0601
[Epoch 261] step 350 loss: 0.1140
[Epoch 261] step 360 loss: 0.0810
[Epoch 261] step 370 loss: 0.0651
[Epoch 261] step 380 loss: 0.1683
[Epoch 261] step 390 loss: 0.0696
[Epoch 261] step 400 loss: 0.0714
[Epoch 261] step 410 loss: 0.2317
[Epoch 261] step 420 loss: 0.1514
[Epoch 261] step 430 loss: 0.1323
[Epoch 261] step 440 loss: 0.1462
[Epoch 261] step 450 loss: 0.1066
[Epoch 261] step 460 loss: 0.1630
[Epoch 261] step 470 loss: 0.0849
[Epoch 261] step 480 loss: 0.1008
[Epoch 261] step 490 loss: 0.0845
[Epoch 261] step 500 loss: 0.1083
[Epoch 261] step 510 loss: 0.0931
[Epoch 261] step 520 loss: 0.0520
[Epoch 261] step 530 loss: 0.1364
[Epoch 261] step 540 loss: 0.0644
[Epoch 261] step 550 loss: 0.1003
[Epoch 261] step 560 loss: 0.0676
[Epoch 261] step 570 loss: 0.0858
[Epoch 261] step 580 loss: 0.1081
[Epoch 261] step 590 loss: 0.0796
[Epoch 261] step 600 loss: 0.0589
[Epoch 261] step 610 loss: 0.1588
[Epoch 261] step 620 loss: 0.0840
[Epoch 261] step 630 loss: 0.0744
[Epoch 261] step 640 loss: 0.0838
[Epoch 261] step 650 loss: 0.1090
[Epoch 261] step 660 loss: 0.1864
[Epoch 261] step 670 loss: 0.1077
[Epoch 261] step 680 loss: 0.1518
[Epoch 261] step 690 loss: 0.0899
[Epoch 261] step 700 loss: 0.1071
[Epoch 261] step 710 loss: 0.1919
[Epoch 261] step 720 loss: 0.1921
[Epoch 261] step 730 loss: 0.0982
[Epoch 261] step 740 loss: 0.1380
[Epoch 261] step 750 loss: 0.0911
[Epoch 261] step 760 loss: 0.1198
[Epoch 261] step 770 loss: 0.0839
[Epoch 261] step 780 loss: 0.1392
[Epoch 261] step 790 loss: 0.1056
[Epoch 261] step 800 loss: 0.1295
[Epoch 261] step 810 loss: 0.1456
==== Epoch 261 avg loss: 0.1050 ====
[Epoch 262] step 0 loss: 0.1351
[Epoch 262] step 10 loss: 0.1112
[Epoch 262] step 20 loss: 0.1400
[Epoch 262] step 30 loss: 0.1405
[Epoch 262] step 40 loss: 0.1765
[Epoch 262] step 50 loss: 0.1200
[Epoch 262] step 60 loss: 0.0973
[Epoch 262] step 70 loss: 0.0729
[Epoch 262] step 80 loss: 0.0968
[Epoch 262] step 90 loss: 0.1053
[Epoch 262] step 100 loss: 0.2467
[Epoch 262] step 110 loss: 0.1079
[Epoch 262] step 120 loss: 0.1043
[Epoch 262] step 130 loss: 0.1106
[Epoch 262] step 140 loss: 0.1614
[Epoch 262] step 150 loss: 0.0942
[Epoch 262] step 160 loss: 0.1231
[Epoch 262] step 170 loss: 0.1773
[Epoch 262] step 180 loss: 0.1227
[Epoch 262] step 190 loss: 0.1637
[Epoch 262] step 200 loss: 0.1201
[Epoch 262] step 210 loss: 0.1308
[Epoch 262] step 220 loss: 0.1232
[Epoch 262] step 230 loss: 0.1299
[Epoch 262] step 240 loss: 0.1223
[Epoch 262] step 250 loss: 0.1779
[Epoch 262] step 260 loss: 0.1271
[Epoch 262] step 270 loss: 0.0937
[Epoch 262] step 280 loss: 0.0792
[Epoch 262] step 290 loss: 0.1432
[Epoch 262] step 300 loss: 0.1448
[Epoch 262] step 310 loss: 0.1191
[Epoch 262] step 320 loss: 0.1325
[Epoch 262] step 330 loss: 0.1385
[Epoch 262] step 340 loss: 0.1152
[Epoch 262] step 350 loss: 0.1123
[Epoch 262] step 360 loss: 0.0950
[Epoch 262] step 370 loss: 0.1220
[Epoch 262] step 380 loss: 0.0988
[Epoch 262] step 390 loss: 0.1997
[Epoch 262] step 400 loss: 0.0682
[Epoch 262] step 410 loss: 0.1612
[Epoch 262] step 420 loss: 0.0836
[Epoch 262] step 430 loss: 0.1303
[Epoch 262] step 440 loss: 0.1340
[Epoch 262] step 450 loss: 0.0853
[Epoch 262] step 460 loss: 0.2207
[Epoch 262] step 470 loss: 0.1133
[Epoch 262] step 480 loss: 0.0876
[Epoch 262] step 490 loss: 0.1161
[Epoch 262] step 500 loss: 0.0867
[Epoch 262] step 510 loss: 0.1063
[Epoch 262] step 520 loss: 0.1348
[Epoch 262] step 530 loss: 0.0991
[Epoch 262] step 540 loss: 0.1126
[Epoch 262] step 550 loss: 0.0857
[Epoch 262] step 560 loss: 0.0993
[Epoch 262] step 570 loss: 0.0793
[Epoch 262] step 580 loss: 0.1063
[Epoch 262] step 590 loss: 0.0788
[Epoch 262] step 600 loss: 0.1301
[Epoch 262] step 610 loss: 0.0826
[Epoch 262] step 620 loss: 0.0954
[Epoch 262] step 630 loss: 0.1766
[Epoch 262] step 640 loss: 0.1155
[Epoch 262] step 650 loss: 0.0762
[Epoch 262] step 660 loss: 0.1821
[Epoch 262] step 670 loss: 0.1575
[Epoch 262] step 680 loss: 0.1478
[Epoch 262] step 690 loss: 0.1524
[Epoch 262] step 700 loss: 0.1048
[Epoch 262] step 710 loss: 0.1302
[Epoch 262] step 720 loss: 0.1143
[Epoch 262] step 730 loss: 0.1217
[Epoch 262] step 740 loss: 0.0879
[Epoch 262] step 750 loss: 0.0829
[Epoch 262] step 760 loss: 0.0672
[Epoch 262] step 770 loss: 0.1069
[Epoch 262] step 780 loss: 0.1065
[Epoch 262] step 790 loss: 0.2061
[Epoch 262] step 800 loss: 0.1361
[Epoch 262] step 810 loss: 0.1170
==== Epoch 262 avg loss: 0.1185 ====
[Epoch 263] step 0 loss: 0.1424
[Epoch 263] step 10 loss: 0.0428
[Epoch 263] step 20 loss: 0.1115
[Epoch 263] step 30 loss: 0.0902
[Epoch 263] step 40 loss: 0.1422
[Epoch 263] step 50 loss: 0.1190
[Epoch 263] step 60 loss: 0.0614
[Epoch 263] step 70 loss: 0.0962
[Epoch 263] step 80 loss: 0.0984
[Epoch 263] step 90 loss: 0.1165
[Epoch 263] step 100 loss: 0.1090
[Epoch 263] step 110 loss: 0.1028
[Epoch 263] step 120 loss: 0.0951
[Epoch 263] step 130 loss: 0.2060
[Epoch 263] step 140 loss: 0.0856
[Epoch 263] step 150 loss: 0.1079
[Epoch 263] step 160 loss: 0.1332
[Epoch 263] step 170 loss: 0.1623
[Epoch 263] step 180 loss: 0.1298
[Epoch 263] step 190 loss: 0.1555
[Epoch 263] step 200 loss: 0.2364
[Epoch 263] step 210 loss: 0.1201
[Epoch 263] step 220 loss: 0.2281
[Epoch 263] step 230 loss: 0.1075
[Epoch 263] step 240 loss: 0.1134
[Epoch 263] step 250 loss: 0.1003
[Epoch 263] step 260 loss: 0.1206
[Epoch 263] step 270 loss: 0.1854
[Epoch 263] step 280 loss: 0.1953
[Epoch 263] step 290 loss: 0.1319
[Epoch 263] step 300 loss: 0.1390
[Epoch 263] step 310 loss: 0.1312
[Epoch 263] step 320 loss: 0.0752
[Epoch 263] step 330 loss: 0.0865
[Epoch 263] step 340 loss: 0.1547
[Epoch 263] step 350 loss: 0.0910
[Epoch 263] step 360 loss: 0.1436
[Epoch 263] step 370 loss: 0.1372
[Epoch 263] step 380 loss: 0.1361
[Epoch 263] step 390 loss: 0.1533
[Epoch 263] step 400 loss: 0.0786
[Epoch 263] step 410 loss: 0.0716
[Epoch 263] step 420 loss: 0.0906
[Epoch 263] step 430 loss: 0.1385
[Epoch 263] step 440 loss: 0.1116
[Epoch 263] step 450 loss: 0.1133
[Epoch 263] step 460 loss: 0.1127
[Epoch 263] step 470 loss: 0.1631
[Epoch 263] step 480 loss: 0.0634
[Epoch 263] step 490 loss: 0.2044
[Epoch 263] step 500 loss: 0.1250
[Epoch 263] step 510 loss: 0.1297
[Epoch 263] step 520 loss: 0.0908
[Epoch 263] step 530 loss: 0.1300
[Epoch 263] step 540 loss: 0.0868
[Epoch 263] step 550 loss: 0.1423
[Epoch 263] step 560 loss: 0.0908
[Epoch 263] step 570 loss: 0.1511
[Epoch 263] step 580 loss: 0.1396
[Epoch 263] step 590 loss: 0.1173
[Epoch 263] step 600 loss: 0.1170
[Epoch 263] step 610 loss: 0.1248
[Epoch 263] step 620 loss: 0.1556
[Epoch 263] step 630 loss: 0.1188
[Epoch 263] step 640 loss: 0.1384
[Epoch 263] step 650 loss: 0.1572
[Epoch 263] step 660 loss: 0.0936
[Epoch 263] step 670 loss: 0.1351
[Epoch 263] step 680 loss: 0.1478
[Epoch 263] step 690 loss: 0.1103
[Epoch 263] step 700 loss: 0.1060
[Epoch 263] step 710 loss: 0.1094
[Epoch 263] step 720 loss: 0.1208
[Epoch 263] step 730 loss: 0.1323
[Epoch 263] step 740 loss: 0.1684
[Epoch 263] step 750 loss: 0.1519
[Epoch 263] step 760 loss: 0.1042
[Epoch 263] step 770 loss: 0.1937
[Epoch 263] step 780 loss: 0.1343
[Epoch 263] step 790 loss: 0.1933
[Epoch 263] step 800 loss: 0.1117
[Epoch 263] step 810 loss: 0.0318
==== Epoch 263 avg loss: 0.1184 ====
[Epoch 264] step 0 loss: 0.1054
[Epoch 264] step 10 loss: 0.1070
[Epoch 264] step 20 loss: 0.1152
[Epoch 264] step 30 loss: 0.0614
[Epoch 264] step 40 loss: 0.0562
[Epoch 264] step 50 loss: 0.1207
[Epoch 264] step 60 loss: 0.0695
[Epoch 264] step 70 loss: 0.1471
[Epoch 264] step 80 loss: 0.0918
[Epoch 264] step 90 loss: 0.1064
[Epoch 264] step 100 loss: 0.1409
[Epoch 264] step 110 loss: 0.0629
[Epoch 264] step 120 loss: 0.1104
[Epoch 264] step 130 loss: 0.1333
[Epoch 264] step 140 loss: 0.0875
[Epoch 264] step 150 loss: 0.0847
[Epoch 264] step 160 loss: 0.1502
[Epoch 264] step 170 loss: 0.0857
[Epoch 264] step 180 loss: 0.0925
[Epoch 264] step 190 loss: 0.0609
[Epoch 264] step 200 loss: 0.0951
[Epoch 264] step 210 loss: 0.1461
[Epoch 264] step 220 loss: 0.0848
[Epoch 264] step 230 loss: 0.1405
[Epoch 264] step 240 loss: 0.1654
[Epoch 264] step 250 loss: 0.1052
[Epoch 264] step 260 loss: 0.1427
[Epoch 264] step 270 loss: 0.1322
[Epoch 264] step 280 loss: 0.1550
[Epoch 264] step 290 loss: 0.0952
[Epoch 264] step 300 loss: 0.1203
[Epoch 264] step 310 loss: 0.0910
[Epoch 264] step 320 loss: 0.0593
[Epoch 264] step 330 loss: 0.1384
[Epoch 264] step 340 loss: 0.1254
[Epoch 264] step 350 loss: 0.0998
[Epoch 264] step 360 loss: 0.1527
[Epoch 264] step 370 loss: 0.0467
[Epoch 264] step 380 loss: 0.1027
[Epoch 264] step 390 loss: 0.1843
[Epoch 264] step 400 loss: 0.0967
[Epoch 264] step 410 loss: 0.1201
[Epoch 264] step 420 loss: 0.1334
[Epoch 264] step 430 loss: 0.1114
[Epoch 264] step 440 loss: 0.0886
[Epoch 264] step 450 loss: 0.1689
[Epoch 264] step 460 loss: 0.1392
[Epoch 264] step 470 loss: 0.1216
[Epoch 264] step 480 loss: 0.1128
[Epoch 264] step 490 loss: 0.1156
[Epoch 264] step 500 loss: 0.0808
[Epoch 264] step 510 loss: 0.1129
[Epoch 264] step 520 loss: 0.0949
[Epoch 264] step 530 loss: 0.0589
[Epoch 264] step 540 loss: 0.0766
[Epoch 264] step 550 loss: 0.0841
[Epoch 264] step 560 loss: 0.0629
[Epoch 264] step 570 loss: 0.0808
[Epoch 264] step 580 loss: 0.0671
[Epoch 264] step 590 loss: 0.1381
[Epoch 264] step 600 loss: 0.0943
[Epoch 264] step 610 loss: 0.1241
[Epoch 264] step 620 loss: 0.1427
[Epoch 264] step 630 loss: 0.0624
[Epoch 264] step 640 loss: 0.1247
[Epoch 264] step 650 loss: 0.0793
[Epoch 264] step 660 loss: 0.1313
[Epoch 264] step 670 loss: 0.1528
[Epoch 264] step 680 loss: 0.1620
[Epoch 264] step 690 loss: 0.1174
[Epoch 264] step 700 loss: 0.0939
[Epoch 264] step 710 loss: 0.1278
[Epoch 264] step 720 loss: 0.0557
[Epoch 264] step 730 loss: 0.0939
[Epoch 264] step 740 loss: 0.1060
[Epoch 264] step 750 loss: 0.0542
[Epoch 264] step 760 loss: 0.1345
[Epoch 264] step 770 loss: 0.1260
[Epoch 264] step 780 loss: 0.1080
[Epoch 264] step 790 loss: 0.0950
[Epoch 264] step 800 loss: 0.0876
[Epoch 264] step 810 loss: 0.0645
==== Epoch 264 avg loss: 0.1128 ====
[Epoch 265] step 0 loss: 0.1341
[Epoch 265] step 10 loss: 0.0934
[Epoch 265] step 20 loss: 0.0896
[Epoch 265] step 30 loss: 0.1302
[Epoch 265] step 40 loss: 0.0669
[Epoch 265] step 50 loss: 0.1611
[Epoch 265] step 60 loss: 0.1347
[Epoch 265] step 70 loss: 0.1487
[Epoch 265] step 80 loss: 0.0914
[Epoch 265] step 90 loss: 0.1107
[Epoch 265] step 100 loss: 0.1058
[Epoch 265] step 110 loss: 0.0825
[Epoch 265] step 120 loss: 0.1395
[Epoch 265] step 130 loss: 0.1432
[Epoch 265] step 140 loss: 0.1544
[Epoch 265] step 150 loss: 0.1503
[Epoch 265] step 160 loss: 0.1774
[Epoch 265] step 170 loss: 0.1451
[Epoch 265] step 180 loss: 0.1446
[Epoch 265] step 190 loss: 0.2022
[Epoch 265] step 200 loss: 0.1134
[Epoch 265] step 210 loss: 0.1532
[Epoch 265] step 220 loss: 0.0729
[Epoch 265] step 230 loss: 0.0937
[Epoch 265] step 240 loss: 0.1618
[Epoch 265] step 250 loss: 0.1251
[Epoch 265] step 260 loss: 0.1395
[Epoch 265] step 270 loss: 0.2005
[Epoch 265] step 280 loss: 0.0748
[Epoch 265] step 290 loss: 0.1172
[Epoch 265] step 300 loss: 0.0764
[Epoch 265] step 310 loss: 0.1386
[Epoch 265] step 320 loss: 0.0840
[Epoch 265] step 330 loss: 0.1557
[Epoch 265] step 340 loss: 0.2075
[Epoch 265] step 350 loss: 0.0785
[Epoch 265] step 360 loss: 0.1145
[Epoch 265] step 370 loss: 0.0823
[Epoch 265] step 380 loss: 0.0575
[Epoch 265] step 390 loss: 0.0771
[Epoch 265] step 400 loss: 0.0762
[Epoch 265] step 410 loss: 0.0851
[Epoch 265] step 420 loss: 0.1696
[Epoch 265] step 430 loss: 0.1279
[Epoch 265] step 440 loss: 0.1005
[Epoch 265] step 450 loss: 0.0815
[Epoch 265] step 460 loss: 0.1523
[Epoch 265] step 470 loss: 0.1394
[Epoch 265] step 480 loss: 0.1303
[Epoch 265] step 490 loss: 0.1682
[Epoch 265] step 500 loss: 0.1396
[Epoch 265] step 510 loss: 0.1647
[Epoch 265] step 520 loss: 0.0575
[Epoch 265] step 530 loss: 0.1415
[Epoch 265] step 540 loss: 0.0819
[Epoch 265] step 550 loss: 0.0633
[Epoch 265] step 560 loss: 0.1450
[Epoch 265] step 570 loss: 0.1420
[Epoch 265] step 580 loss: 0.0895
[Epoch 265] step 590 loss: 0.1394
[Epoch 265] step 600 loss: 0.0683
[Epoch 265] step 610 loss: 0.1561
[Epoch 265] step 620 loss: 0.1164
[Epoch 265] step 630 loss: 0.1312
[Epoch 265] step 640 loss: 0.1332
[Epoch 265] step 650 loss: 0.0924
[Epoch 265] step 660 loss: 0.1682
[Epoch 265] step 670 loss: 0.0730
[Epoch 265] step 680 loss: 0.1742
[Epoch 265] step 690 loss: 0.0720
[Epoch 265] step 700 loss: 0.0999
[Epoch 265] step 710 loss: 0.1046
[Epoch 265] step 720 loss: 0.1284
[Epoch 265] step 730 loss: 0.1025
[Epoch 265] step 740 loss: 0.1026
[Epoch 265] step 750 loss: 0.1104
[Epoch 265] step 760 loss: 0.2227
[Epoch 265] step 770 loss: 0.1283
[Epoch 265] step 780 loss: 0.0729
[Epoch 265] step 790 loss: 0.1639
[Epoch 265] step 800 loss: 0.1103
[Epoch 265] step 810 loss: 0.1502
==== Epoch 265 avg loss: 0.1164 ====
[Epoch 266] step 0 loss: 0.0866
[Epoch 266] step 10 loss: 0.1571
[Epoch 266] step 20 loss: 0.1359
[Epoch 266] step 30 loss: 0.1136
[Epoch 266] step 40 loss: 0.2002
[Epoch 266] step 50 loss: 0.0944
[Epoch 266] step 60 loss: 0.1205
[Epoch 266] step 70 loss: 0.1285
[Epoch 266] step 80 loss: 0.0586
[Epoch 266] step 90 loss: 0.0596
[Epoch 266] step 100 loss: 0.0777
[Epoch 266] step 110 loss: 0.1417
[Epoch 266] step 120 loss: 0.0796
[Epoch 266] step 130 loss: 0.0772
[Epoch 266] step 140 loss: 0.1583
[Epoch 266] step 150 loss: 0.0598
[Epoch 266] step 160 loss: 0.1144
[Epoch 266] step 170 loss: 0.1170
[Epoch 266] step 180 loss: 0.0667
[Epoch 266] step 190 loss: 0.0937
[Epoch 266] step 200 loss: 0.1450
[Epoch 266] step 210 loss: 0.0914
[Epoch 266] step 220 loss: 0.1238
[Epoch 266] step 230 loss: 0.0918
[Epoch 266] step 240 loss: 0.1131
[Epoch 266] step 250 loss: 0.0691
[Epoch 266] step 260 loss: 0.1498
[Epoch 266] step 270 loss: 0.1622
[Epoch 266] step 280 loss: 0.0703
[Epoch 266] step 290 loss: 0.0815
[Epoch 266] step 300 loss: 0.0733
[Epoch 266] step 310 loss: 0.0820
[Epoch 266] step 320 loss: 0.0876
[Epoch 266] step 330 loss: 0.0737
[Epoch 266] step 340 loss: 0.1337
[Epoch 266] step 350 loss: 0.1152
[Epoch 266] step 360 loss: 0.0879
[Epoch 266] step 370 loss: 0.0966
[Epoch 266] step 380 loss: 0.1389
[Epoch 266] step 390 loss: 0.1356
[Epoch 266] step 400 loss: 0.0939
[Epoch 266] step 410 loss: 0.1219
[Epoch 266] step 420 loss: 0.0982
[Epoch 266] step 430 loss: 0.1225
[Epoch 266] step 440 loss: 0.0944
[Epoch 266] step 450 loss: 0.1125
[Epoch 266] step 460 loss: 0.1508
[Epoch 266] step 470 loss: 0.1836
[Epoch 266] step 480 loss: 0.1219
[Epoch 266] step 490 loss: 0.0628
[Epoch 266] step 500 loss: 0.1538
[Epoch 266] step 510 loss: 0.1098
[Epoch 266] step 520 loss: 0.1831
[Epoch 266] step 530 loss: 0.0840
[Epoch 266] step 540 loss: 0.1518
[Epoch 266] step 550 loss: 0.1271
[Epoch 266] step 560 loss: 0.1035
[Epoch 266] step 570 loss: 0.1145
[Epoch 266] step 580 loss: 0.1047
[Epoch 266] step 590 loss: 0.0920
[Epoch 266] step 600 loss: 0.1223
[Epoch 266] step 610 loss: 0.0904
[Epoch 266] step 620 loss: 0.1287
[Epoch 266] step 630 loss: 0.0663
[Epoch 266] step 640 loss: 0.1453
[Epoch 266] step 650 loss: 0.0782
[Epoch 266] step 660 loss: 0.0895
[Epoch 266] step 670 loss: 0.1135
[Epoch 266] step 680 loss: 0.1611
[Epoch 266] step 690 loss: 0.1148
[Epoch 266] step 700 loss: 0.0769
[Epoch 266] step 710 loss: 0.0890
[Epoch 266] step 720 loss: 0.1044
[Epoch 266] step 730 loss: 0.1097
[Epoch 266] step 740 loss: 0.1169
[Epoch 266] step 750 loss: 0.0925
[Epoch 266] step 760 loss: 0.0830
[Epoch 266] step 770 loss: 0.0589
[Epoch 266] step 780 loss: 0.0925
[Epoch 266] step 790 loss: 0.0713
[Epoch 266] step 800 loss: 0.0923
[Epoch 266] step 810 loss: 0.0852
==== Epoch 266 avg loss: 0.1097 ====
[Epoch 267] step 0 loss: 0.0785
[Epoch 267] step 10 loss: 0.0840
[Epoch 267] step 20 loss: 0.1257
[Epoch 267] step 30 loss: 0.0898
[Epoch 267] step 40 loss: 0.0953
[Epoch 267] step 50 loss: 0.1132
[Epoch 267] step 60 loss: 0.1586
[Epoch 267] step 70 loss: 0.0501
[Epoch 267] step 80 loss: 0.0710
[Epoch 267] step 90 loss: 0.0423
[Epoch 267] step 100 loss: 0.0542
[Epoch 267] step 110 loss: 0.0917
[Epoch 267] step 120 loss: 0.1210
[Epoch 267] step 130 loss: 0.0959
[Epoch 267] step 140 loss: 0.0452
[Epoch 267] step 150 loss: 0.0957
[Epoch 267] step 160 loss: 0.0885
[Epoch 267] step 170 loss: 0.1512
[Epoch 267] step 180 loss: 0.1619
[Epoch 267] step 190 loss: 0.1152
[Epoch 267] step 200 loss: 0.0806
[Epoch 267] step 210 loss: 0.1040
[Epoch 267] step 220 loss: 0.0742
[Epoch 267] step 230 loss: 0.0339
[Epoch 267] step 240 loss: 0.1075
[Epoch 267] step 250 loss: 0.0941
[Epoch 267] step 260 loss: 0.1079
[Epoch 267] step 270 loss: 0.1159
[Epoch 267] step 280 loss: 0.1349
[Epoch 267] step 290 loss: 0.0886
[Epoch 267] step 300 loss: 0.1154
[Epoch 267] step 310 loss: 0.1042
[Epoch 267] step 320 loss: 0.0751
[Epoch 267] step 330 loss: 0.0925
[Epoch 267] step 340 loss: 0.1571
[Epoch 267] step 350 loss: 0.1158
[Epoch 267] step 360 loss: 0.1144
[Epoch 267] step 370 loss: 0.1113
[Epoch 267] step 380 loss: 0.1319
[Epoch 267] step 390 loss: 0.0977
[Epoch 267] step 400 loss: 0.0667
[Epoch 267] step 410 loss: 0.1005
[Epoch 267] step 420 loss: 0.1026
[Epoch 267] step 430 loss: 0.1233
[Epoch 267] step 440 loss: 0.0674
[Epoch 267] step 450 loss: 0.0819
[Epoch 267] step 460 loss: 0.0891
[Epoch 267] step 470 loss: 0.0932
[Epoch 267] step 480 loss: 0.0835
[Epoch 267] step 490 loss: 0.1247
[Epoch 267] step 500 loss: 0.0931
[Epoch 267] step 510 loss: 0.1138
[Epoch 267] step 520 loss: 0.1282
[Epoch 267] step 530 loss: 0.0577
[Epoch 267] step 540 loss: 0.0673
[Epoch 267] step 550 loss: 0.0700
[Epoch 267] step 560 loss: 0.0670
[Epoch 267] step 570 loss: 0.0892
[Epoch 267] step 580 loss: 0.0586
[Epoch 267] step 590 loss: 0.0742
[Epoch 267] step 600 loss: 0.0654
[Epoch 267] step 610 loss: 0.0420
[Epoch 267] step 620 loss: 0.0770
[Epoch 267] step 630 loss: 0.0780
[Epoch 267] step 640 loss: 0.0675
[Epoch 267] step 650 loss: 0.1218
[Epoch 267] step 660 loss: 0.1465
[Epoch 267] step 670 loss: 0.1089
[Epoch 267] step 680 loss: 0.1137
[Epoch 267] step 690 loss: 0.0615
[Epoch 267] step 700 loss: 0.0822
[Epoch 267] step 710 loss: 0.0590
[Epoch 267] step 720 loss: 0.0883
[Epoch 267] step 730 loss: 0.0570
[Epoch 267] step 740 loss: 0.1192
[Epoch 267] step 750 loss: 0.1061
[Epoch 267] step 760 loss: 0.0953
[Epoch 267] step 770 loss: 0.1178
[Epoch 267] step 780 loss: 0.1387
[Epoch 267] step 790 loss: 0.0522
[Epoch 267] step 800 loss: 0.0308
[Epoch 267] step 810 loss: 0.0429
==== Epoch 267 avg loss: 0.0980 ====
[Epoch 268] step 0 loss: 0.0988
[Epoch 268] step 10 loss: 0.0701
[Epoch 268] step 20 loss: 0.1075
[Epoch 268] step 30 loss: 0.0760
[Epoch 268] step 40 loss: 0.0341
[Epoch 268] step 50 loss: 0.0672
[Epoch 268] step 60 loss: 0.0721
[Epoch 268] step 70 loss: 0.1091
[Epoch 268] step 80 loss: 0.1392
[Epoch 268] step 90 loss: 0.0893
[Epoch 268] step 100 loss: 0.0647
[Epoch 268] step 110 loss: 0.2038
[Epoch 268] step 120 loss: 0.1272
[Epoch 268] step 130 loss: 0.1974
[Epoch 268] step 140 loss: 0.1620
[Epoch 268] step 150 loss: 0.1003
[Epoch 268] step 160 loss: 0.0754
[Epoch 268] step 170 loss: 0.1565
[Epoch 268] step 180 loss: 0.0994
[Epoch 268] step 190 loss: 0.1468
[Epoch 268] step 200 loss: 0.1587
[Epoch 268] step 210 loss: 0.0899
[Epoch 268] step 220 loss: 0.0762
[Epoch 268] step 230 loss: 0.1045
[Epoch 268] step 240 loss: 0.1036
[Epoch 268] step 250 loss: 0.1048
[Epoch 268] step 260 loss: 0.0873
[Epoch 268] step 270 loss: 0.0991
[Epoch 268] step 280 loss: 0.0937
[Epoch 268] step 290 loss: 0.1785
[Epoch 268] step 300 loss: 0.1613
[Epoch 268] step 310 loss: 0.1147
[Epoch 268] step 320 loss: 0.0858
[Epoch 268] step 330 loss: 0.1602
[Epoch 268] step 340 loss: 0.1047
[Epoch 268] step 350 loss: 0.1425
[Epoch 268] step 360 loss: 0.1706
[Epoch 268] step 370 loss: 0.1082
[Epoch 268] step 380 loss: 0.1458
[Epoch 268] step 390 loss: 0.1633
[Epoch 268] step 400 loss: 0.1036
[Epoch 268] step 410 loss: 0.0880
[Epoch 268] step 420 loss: 0.1053
[Epoch 268] step 430 loss: 0.1109
[Epoch 268] step 440 loss: 0.1097
[Epoch 268] step 450 loss: 0.0787
[Epoch 268] step 460 loss: 0.1136
[Epoch 268] step 470 loss: 0.0952
[Epoch 268] step 480 loss: 0.1217
[Epoch 268] step 490 loss: 0.1541
[Epoch 268] step 500 loss: 0.1710
[Epoch 268] step 510 loss: 0.1528
[Epoch 268] step 520 loss: 0.1216
[Epoch 268] step 530 loss: 0.1046
[Epoch 268] step 540 loss: 0.0576
[Epoch 268] step 550 loss: 0.1072
[Epoch 268] step 560 loss: 0.0867
[Epoch 268] step 570 loss: 0.1606
[Epoch 268] step 580 loss: 0.1495
[Epoch 268] step 590 loss: 0.0917
[Epoch 268] step 600 loss: 0.1258
[Epoch 268] step 610 loss: 0.1644
[Epoch 268] step 620 loss: 0.1498
[Epoch 268] step 630 loss: 0.1079
[Epoch 268] step 640 loss: 0.1838
[Epoch 268] step 650 loss: 0.0962
[Epoch 268] step 660 loss: 0.1445
[Epoch 268] step 670 loss: 0.1269
[Epoch 268] step 680 loss: 0.2027
[Epoch 268] step 690 loss: 0.1575
[Epoch 268] step 700 loss: 0.1669
[Epoch 268] step 710 loss: 0.1137
[Epoch 268] step 720 loss: 0.1177
[Epoch 268] step 730 loss: 0.1239
[Epoch 268] step 740 loss: 0.1365
[Epoch 268] step 750 loss: 0.1841
[Epoch 268] step 760 loss: 0.0578
[Epoch 268] step 770 loss: 0.0966
[Epoch 268] step 780 loss: 0.1182
[Epoch 268] step 790 loss: 0.1109
[Epoch 268] step 800 loss: 0.0758
[Epoch 268] step 810 loss: 0.0961
==== Epoch 268 avg loss: 0.1165 ====
[Epoch 269] step 0 loss: 0.1417
[Epoch 269] step 10 loss: 0.1132
[Epoch 269] step 20 loss: 0.0845
[Epoch 269] step 30 loss: 0.1071
[Epoch 269] step 40 loss: 0.1021
[Epoch 269] step 50 loss: 0.1088
[Epoch 269] step 60 loss: 0.1125
[Epoch 269] step 70 loss: 0.1291
[Epoch 269] step 80 loss: 0.0783
[Epoch 269] step 90 loss: 0.1151
[Epoch 269] step 100 loss: 0.1897
[Epoch 269] step 110 loss: 0.0860
[Epoch 269] step 120 loss: 0.1873
[Epoch 269] step 130 loss: 0.0690
[Epoch 269] step 140 loss: 0.0944
[Epoch 269] step 150 loss: 0.1040
[Epoch 269] step 160 loss: 0.0942
[Epoch 269] step 170 loss: 0.0947
[Epoch 269] step 180 loss: 0.1363
[Epoch 269] step 190 loss: 0.1000
[Epoch 269] step 200 loss: 0.1304
[Epoch 269] step 210 loss: 0.0808
[Epoch 269] step 220 loss: 0.1162
[Epoch 269] step 230 loss: 0.1418
[Epoch 269] step 240 loss: 0.1038
[Epoch 269] step 250 loss: 0.0785
[Epoch 269] step 260 loss: 0.1409
[Epoch 269] step 270 loss: 0.1001
[Epoch 269] step 280 loss: 0.1255
[Epoch 269] step 290 loss: 0.1072
[Epoch 269] step 300 loss: 0.1324
[Epoch 269] step 310 loss: 0.1138
[Epoch 269] step 320 loss: 0.0795
[Epoch 269] step 330 loss: 0.1302
[Epoch 269] step 340 loss: 0.0796
[Epoch 269] step 350 loss: 0.1052
[Epoch 269] step 360 loss: 0.0986
[Epoch 269] step 370 loss: 0.1739
[Epoch 269] step 380 loss: 0.0771
[Epoch 269] step 390 loss: 0.0904
[Epoch 269] step 400 loss: 0.1084
[Epoch 269] step 410 loss: 0.0603
[Epoch 269] step 420 loss: 0.1171
[Epoch 269] step 430 loss: 0.0652
[Epoch 269] step 440 loss: 0.1682
[Epoch 269] step 450 loss: 0.1233
[Epoch 269] step 460 loss: 0.1413
[Epoch 269] step 470 loss: 0.0983
[Epoch 269] step 480 loss: 0.1137
[Epoch 269] step 490 loss: 0.0861
[Epoch 269] step 500 loss: 0.0794
[Epoch 269] step 510 loss: 0.1503
[Epoch 269] step 520 loss: 0.1307
[Epoch 269] step 530 loss: 0.1899
[Epoch 269] step 540 loss: 0.1558
[Epoch 269] step 550 loss: 0.1133
[Epoch 269] step 560 loss: 0.1265
[Epoch 269] step 570 loss: 0.0685
[Epoch 269] step 580 loss: 0.1169
[Epoch 269] step 590 loss: 0.1438
[Epoch 269] step 600 loss: 0.0984
[Epoch 269] step 610 loss: 0.1186
[Epoch 269] step 620 loss: 0.0592
[Epoch 269] step 630 loss: 0.0470
[Epoch 269] step 640 loss: 0.1607
[Epoch 269] step 650 loss: 0.0997
[Epoch 269] step 660 loss: 0.2359
[Epoch 269] step 670 loss: 0.1416
[Epoch 269] step 680 loss: 0.1145
[Epoch 269] step 690 loss: 0.1155
[Epoch 269] step 700 loss: 0.1035
[Epoch 269] step 710 loss: 0.1410
[Epoch 269] step 720 loss: 0.1050
[Epoch 269] step 730 loss: 0.0358
[Epoch 269] step 740 loss: 0.0978
[Epoch 269] step 750 loss: 0.2145
[Epoch 269] step 760 loss: 0.1283
[Epoch 269] step 770 loss: 0.1414
[Epoch 269] step 780 loss: 0.1011
[Epoch 269] step 790 loss: 0.0964
[Epoch 269] step 800 loss: 0.1144
[Epoch 269] step 810 loss: 0.0690
==== Epoch 269 avg loss: 0.1157 ====
[Epoch 270] step 0 loss: 0.1062
[Epoch 270] step 10 loss: 0.1180
[Epoch 270] step 20 loss: 0.1076
[Epoch 270] step 30 loss: 0.1846
[Epoch 270] step 40 loss: 0.1116
[Epoch 270] step 50 loss: 0.1873
[Epoch 270] step 60 loss: 0.1316
[Epoch 270] step 70 loss: 0.1244
[Epoch 270] step 80 loss: 0.1089
[Epoch 270] step 90 loss: 0.0888
[Epoch 270] step 100 loss: 0.1854
[Epoch 270] step 110 loss: 0.0949
[Epoch 270] step 120 loss: 0.1561
[Epoch 270] step 130 loss: 0.0857
[Epoch 270] step 140 loss: 0.1136
[Epoch 270] step 150 loss: 0.1393
[Epoch 270] step 160 loss: 0.0595
[Epoch 270] step 170 loss: 0.1035
[Epoch 270] step 180 loss: 0.1034
[Epoch 270] step 190 loss: 0.0930
[Epoch 270] step 200 loss: 0.1421
[Epoch 270] step 210 loss: 0.1075
[Epoch 270] step 220 loss: 0.0851
[Epoch 270] step 230 loss: 0.1712
[Epoch 270] step 240 loss: 0.0959
[Epoch 270] step 250 loss: 0.0977
[Epoch 270] step 260 loss: 0.0827
[Epoch 270] step 270 loss: 0.1075
[Epoch 270] step 280 loss: 0.1236
[Epoch 270] step 290 loss: 0.1835
[Epoch 270] step 300 loss: 0.1095
[Epoch 270] step 310 loss: 0.0856
[Epoch 270] step 320 loss: 0.0911
[Epoch 270] step 330 loss: 0.1447
[Epoch 270] step 340 loss: 0.1350
[Epoch 270] step 350 loss: 0.1328
[Epoch 270] step 360 loss: 0.1079
[Epoch 270] step 370 loss: 0.0665
[Epoch 270] step 380 loss: 0.1185
[Epoch 270] step 390 loss: 0.1549
[Epoch 270] step 400 loss: 0.1422
[Epoch 270] step 410 loss: 0.0922
[Epoch 270] step 420 loss: 0.1007
[Epoch 270] step 430 loss: 0.1257
[Epoch 270] step 440 loss: 0.1173
[Epoch 270] step 450 loss: 0.0252
[Epoch 270] step 460 loss: 0.1912
[Epoch 270] step 470 loss: 0.0895
[Epoch 270] step 480 loss: 0.1573
[Epoch 270] step 490 loss: 0.0804
[Epoch 270] step 500 loss: 0.0994
[Epoch 270] step 510 loss: 0.1114
[Epoch 270] step 520 loss: 0.0918
[Epoch 270] step 530 loss: 0.1651
[Epoch 270] step 540 loss: 0.0727
[Epoch 270] step 550 loss: 0.1323
[Epoch 270] step 560 loss: 0.1198
[Epoch 270] step 570 loss: 0.0890
[Epoch 270] step 580 loss: 0.1364
[Epoch 270] step 590 loss: 0.0843
[Epoch 270] step 600 loss: 0.1120
[Epoch 270] step 610 loss: 0.0711
[Epoch 270] step 620 loss: 0.0854
[Epoch 270] step 630 loss: 0.0784
[Epoch 270] step 640 loss: 0.0820
[Epoch 270] step 650 loss: 0.1034
[Epoch 270] step 660 loss: 0.1223
[Epoch 270] step 670 loss: 0.1130
[Epoch 270] step 680 loss: 0.0941
[Epoch 270] step 690 loss: 0.1158
[Epoch 270] step 700 loss: 0.0806
[Epoch 270] step 710 loss: 0.0872
[Epoch 270] step 720 loss: 0.1217
[Epoch 270] step 730 loss: 0.1146
[Epoch 270] step 740 loss: 0.1602
[Epoch 270] step 750 loss: 0.0856
[Epoch 270] step 760 loss: 0.0842
[Epoch 270] step 770 loss: 0.1855
[Epoch 270] step 780 loss: 0.1224
[Epoch 270] step 790 loss: 0.1046
[Epoch 270] step 800 loss: 0.1828
[Epoch 270] step 810 loss: 0.1413
==== Epoch 270 avg loss: 0.1107 ====
[Epoch 271] step 0 loss: 0.1306
[Epoch 271] step 10 loss: 0.0932
[Epoch 271] step 20 loss: 0.0809
[Epoch 271] step 30 loss: 0.0872
[Epoch 271] step 40 loss: 0.0923
[Epoch 271] step 50 loss: 0.1608
[Epoch 271] step 60 loss: 0.0945
[Epoch 271] step 70 loss: 0.1142
[Epoch 271] step 80 loss: 0.1890
[Epoch 271] step 90 loss: 0.0637
[Epoch 271] step 100 loss: 0.1123
[Epoch 271] step 110 loss: 0.0995
[Epoch 271] step 120 loss: 0.1024
[Epoch 271] step 130 loss: 0.0983
[Epoch 271] step 140 loss: 0.1413
[Epoch 271] step 150 loss: 0.1282
[Epoch 271] step 160 loss: 0.0658
[Epoch 271] step 170 loss: 0.1348
[Epoch 271] step 180 loss: 0.1529
[Epoch 271] step 190 loss: 0.0891
[Epoch 271] step 200 loss: 0.0770
[Epoch 271] step 210 loss: 0.0817
[Epoch 271] step 220 loss: 0.1306
[Epoch 271] step 230 loss: 0.0760
[Epoch 271] step 240 loss: 0.0678
[Epoch 271] step 250 loss: 0.0682
[Epoch 271] step 260 loss: 0.0974
[Epoch 271] step 270 loss: 0.1376
[Epoch 271] step 280 loss: 0.1274
[Epoch 271] step 290 loss: 0.1019
[Epoch 271] step 300 loss: 0.1386
[Epoch 271] step 310 loss: 0.0745
[Epoch 271] step 320 loss: 0.0997
[Epoch 271] step 330 loss: 0.0856
[Epoch 271] step 340 loss: 0.0756
[Epoch 271] step 350 loss: 0.1283
[Epoch 271] step 360 loss: 0.1245
[Epoch 271] step 370 loss: 0.1255
[Epoch 271] step 380 loss: 0.1196
[Epoch 271] step 390 loss: 0.1783
[Epoch 271] step 400 loss: 0.1017
[Epoch 271] step 410 loss: 0.0904
[Epoch 271] step 420 loss: 0.1304
[Epoch 271] step 430 loss: 0.1025
[Epoch 271] step 440 loss: 0.1426
[Epoch 271] step 450 loss: 0.0793
[Epoch 271] step 460 loss: 0.1490
[Epoch 271] step 470 loss: 0.1368
[Epoch 271] step 480 loss: 0.0819
[Epoch 271] step 490 loss: 0.0889
[Epoch 271] step 500 loss: 0.0456
[Epoch 271] step 510 loss: 0.1005
[Epoch 271] step 520 loss: 0.1091
[Epoch 271] step 530 loss: 0.1566
[Epoch 271] step 540 loss: 0.1909
[Epoch 271] step 550 loss: 0.1799
[Epoch 271] step 560 loss: 0.0917
[Epoch 271] step 570 loss: 0.0740
[Epoch 271] step 580 loss: 0.0606
[Epoch 271] step 590 loss: 0.1535
[Epoch 271] step 600 loss: 0.0755
[Epoch 271] step 610 loss: 0.1210
[Epoch 271] step 620 loss: 0.0979
[Epoch 271] step 630 loss: 0.0850
[Epoch 271] step 640 loss: 0.0921
[Epoch 271] step 650 loss: 0.1618
[Epoch 271] step 660 loss: 0.0719
[Epoch 271] step 670 loss: 0.1301
[Epoch 271] step 680 loss: 0.1501
[Epoch 271] step 690 loss: 0.1061
[Epoch 271] step 700 loss: 0.1507
[Epoch 271] step 710 loss: 0.1210
[Epoch 271] step 720 loss: 0.1987
[Epoch 271] step 730 loss: 0.1150
[Epoch 271] step 740 loss: 0.1215
[Epoch 271] step 750 loss: 0.0777
[Epoch 271] step 760 loss: 0.1242
[Epoch 271] step 770 loss: 0.0852
[Epoch 271] step 780 loss: 0.0795
[Epoch 271] step 790 loss: 0.0906
[Epoch 271] step 800 loss: 0.1097
[Epoch 271] step 810 loss: 0.1050
==== Epoch 271 avg loss: 0.1117 ====
[Epoch 272] step 0 loss: 0.0956
[Epoch 272] step 10 loss: 0.0797
[Epoch 272] step 20 loss: 0.1785
[Epoch 272] step 30 loss: 0.1108
[Epoch 272] step 40 loss: 0.0400
[Epoch 272] step 50 loss: 0.1135
[Epoch 272] step 60 loss: 0.0807
[Epoch 272] step 70 loss: 0.1119
[Epoch 272] step 80 loss: 0.1600
[Epoch 272] step 90 loss: 0.1075
[Epoch 272] step 100 loss: 0.0997
[Epoch 272] step 110 loss: 0.1455
[Epoch 272] step 120 loss: 0.1165
[Epoch 272] step 130 loss: 0.1050
[Epoch 272] step 140 loss: 0.1523
[Epoch 272] step 150 loss: 0.1018
[Epoch 272] step 160 loss: 0.1488
[Epoch 272] step 170 loss: 0.1216
[Epoch 272] step 180 loss: 0.1322
[Epoch 272] step 190 loss: 0.1251
[Epoch 272] step 200 loss: 0.1267
[Epoch 272] step 210 loss: 0.1437
[Epoch 272] step 220 loss: 0.0546
[Epoch 272] step 230 loss: 0.1108
[Epoch 272] step 240 loss: 0.1614
[Epoch 272] step 250 loss: 0.0708
[Epoch 272] step 260 loss: 0.0701
[Epoch 272] step 270 loss: 0.1275
[Epoch 272] step 280 loss: 0.0834
[Epoch 272] step 290 loss: 0.1153
[Epoch 272] step 300 loss: 0.1077
[Epoch 272] step 310 loss: 0.1549
[Epoch 272] step 320 loss: 0.0916
[Epoch 272] step 330 loss: 0.0660
[Epoch 272] step 340 loss: 0.1215
[Epoch 272] step 350 loss: 0.0674
[Epoch 272] step 360 loss: 0.0807
[Epoch 272] step 370 loss: 0.2215
[Epoch 272] step 380 loss: 0.1595
[Epoch 272] step 390 loss: 0.0451
[Epoch 272] step 400 loss: 0.1447
[Epoch 272] step 410 loss: 0.1681
[Epoch 272] step 420 loss: 0.0859
[Epoch 272] step 430 loss: 0.0954
[Epoch 272] step 440 loss: 0.0842
[Epoch 272] step 450 loss: 0.1099
[Epoch 272] step 460 loss: 0.1282
[Epoch 272] step 470 loss: 0.1171
[Epoch 272] step 480 loss: 0.1707
[Epoch 272] step 490 loss: 0.1014
[Epoch 272] step 500 loss: 0.0978
[Epoch 272] step 510 loss: 0.1082
[Epoch 272] step 520 loss: 0.1492
[Epoch 272] step 530 loss: 0.1140
[Epoch 272] step 540 loss: 0.0910
[Epoch 272] step 550 loss: 0.0798
[Epoch 272] step 560 loss: 0.0543
[Epoch 272] step 570 loss: 0.0871
[Epoch 272] step 580 loss: 0.1020
[Epoch 272] step 590 loss: 0.1349
[Epoch 272] step 600 loss: 0.0824
[Epoch 272] step 610 loss: 0.1598
[Epoch 272] step 620 loss: 0.1411
[Epoch 272] step 630 loss: 0.0735
[Epoch 272] step 640 loss: 0.1661
[Epoch 272] step 650 loss: 0.1471
[Epoch 272] step 660 loss: 0.1304
[Epoch 272] step 670 loss: 0.1325
[Epoch 272] step 680 loss: 0.1443
[Epoch 272] step 690 loss: 0.1006
[Epoch 272] step 700 loss: 0.0810
[Epoch 272] step 710 loss: 0.0579
[Epoch 272] step 720 loss: 0.1241
[Epoch 272] step 730 loss: 0.1536
[Epoch 272] step 740 loss: 0.0777
[Epoch 272] step 750 loss: 0.1285
[Epoch 272] step 760 loss: 0.0682
[Epoch 272] step 770 loss: 0.1255
[Epoch 272] step 780 loss: 0.0856
[Epoch 272] step 790 loss: 0.1071
[Epoch 272] step 800 loss: 0.1125
[Epoch 272] step 810 loss: 0.1360
==== Epoch 272 avg loss: 0.1117 ====
[Epoch 273] step 0 loss: 0.1119
[Epoch 273] step 10 loss: 0.0997
[Epoch 273] step 20 loss: 0.1467
[Epoch 273] step 30 loss: 0.1241
[Epoch 273] step 40 loss: 0.0902
[Epoch 273] step 50 loss: 0.1018
[Epoch 273] step 60 loss: 0.1339
[Epoch 273] step 70 loss: 0.1222
[Epoch 273] step 80 loss: 0.1111
[Epoch 273] step 90 loss: 0.1114
[Epoch 273] step 100 loss: 0.1548
[Epoch 273] step 110 loss: 0.1529
[Epoch 273] step 120 loss: 0.1020
[Epoch 273] step 130 loss: 0.0883
[Epoch 273] step 140 loss: 0.1031
[Epoch 273] step 150 loss: 0.0893
[Epoch 273] step 160 loss: 0.2128
[Epoch 273] step 170 loss: 0.0930
[Epoch 273] step 180 loss: 0.1346
[Epoch 273] step 190 loss: 0.1354
[Epoch 273] step 200 loss: 0.0813
[Epoch 273] step 210 loss: 0.1588
[Epoch 273] step 220 loss: 0.0794
[Epoch 273] step 230 loss: 0.0947
[Epoch 273] step 240 loss: 0.1361
[Epoch 273] step 250 loss: 0.1311
[Epoch 273] step 260 loss: 0.0428
[Epoch 273] step 270 loss: 0.1221
[Epoch 273] step 280 loss: 0.0901
[Epoch 273] step 290 loss: 0.0917
[Epoch 273] step 300 loss: 0.1291
[Epoch 273] step 310 loss: 0.1307
[Epoch 273] step 320 loss: 0.1133
[Epoch 273] step 330 loss: 0.1018
[Epoch 273] step 340 loss: 0.1859
[Epoch 273] step 350 loss: 0.1672
[Epoch 273] step 360 loss: 0.1051
[Epoch 273] step 370 loss: 0.0849
[Epoch 273] step 380 loss: 0.1258
[Epoch 273] step 390 loss: 0.1135
[Epoch 273] step 400 loss: 0.0542
[Epoch 273] step 410 loss: 0.1093
[Epoch 273] step 420 loss: 0.1511
[Epoch 273] step 430 loss: 0.1260
[Epoch 273] step 440 loss: 0.0957
[Epoch 273] step 450 loss: 0.1312
[Epoch 273] step 460 loss: 0.1199
[Epoch 273] step 470 loss: 0.1890
[Epoch 273] step 480 loss: 0.0342
[Epoch 273] step 490 loss: 0.0893
[Epoch 273] step 500 loss: 0.0626
[Epoch 273] step 510 loss: 0.0952
[Epoch 273] step 520 loss: 0.0699
[Epoch 273] step 530 loss: 0.0533
[Epoch 273] step 540 loss: 0.1142
[Epoch 273] step 550 loss: 0.1167
[Epoch 273] step 560 loss: 0.1048
[Epoch 273] step 570 loss: 0.0742
[Epoch 273] step 580 loss: 0.1107
[Epoch 273] step 590 loss: 0.0815
[Epoch 273] step 600 loss: 0.0956
[Epoch 273] step 610 loss: 0.1225
[Epoch 273] step 620 loss: 0.0781
[Epoch 273] step 630 loss: 0.1235
[Epoch 273] step 640 loss: 0.1122
[Epoch 273] step 650 loss: 0.0972
[Epoch 273] step 660 loss: 0.1129
[Epoch 273] step 670 loss: 0.1185
[Epoch 273] step 680 loss: 0.0613
[Epoch 273] step 690 loss: 0.0960
[Epoch 273] step 700 loss: 0.0619
[Epoch 273] step 710 loss: 0.1121
[Epoch 273] step 720 loss: 0.0590
[Epoch 273] step 730 loss: 0.0710
[Epoch 273] step 740 loss: 0.0611
[Epoch 273] step 750 loss: 0.1053
[Epoch 273] step 760 loss: 0.0820
[Epoch 273] step 770 loss: 0.1529
[Epoch 273] step 780 loss: 0.1100
[Epoch 273] step 790 loss: 0.0889
[Epoch 273] step 800 loss: 0.1393
[Epoch 273] step 810 loss: 0.1231
==== Epoch 273 avg loss: 0.1004 ====
[Epoch 274] step 0 loss: 0.0729
[Epoch 274] step 10 loss: 0.0789
[Epoch 274] step 20 loss: 0.1003
[Epoch 274] step 30 loss: 0.1027
[Epoch 274] step 40 loss: 0.1187
[Epoch 274] step 50 loss: 0.1310
[Epoch 274] step 60 loss: 0.0918
[Epoch 274] step 70 loss: 0.1114
[Epoch 274] step 80 loss: 0.1215
[Epoch 274] step 90 loss: 0.0992
[Epoch 274] step 100 loss: 0.0780
[Epoch 274] step 110 loss: 0.0413
[Epoch 274] step 120 loss: 0.0787
[Epoch 274] step 130 loss: 0.0978
[Epoch 274] step 140 loss: 0.1288
[Epoch 274] step 150 loss: 0.1262
[Epoch 274] step 160 loss: 0.1344
[Epoch 274] step 170 loss: 0.1055
[Epoch 274] step 180 loss: 0.1453
[Epoch 274] step 190 loss: 0.1476
[Epoch 274] step 200 loss: 0.0721
[Epoch 274] step 210 loss: 0.1947
[Epoch 274] step 220 loss: 0.1426
[Epoch 274] step 230 loss: 0.1488
[Epoch 274] step 240 loss: 0.0957
[Epoch 274] step 250 loss: 0.1560
[Epoch 274] step 260 loss: 0.0729
[Epoch 274] step 270 loss: 0.0952
[Epoch 274] step 280 loss: 0.0909
[Epoch 274] step 290 loss: 0.1366
[Epoch 274] step 300 loss: 0.0732
[Epoch 274] step 310 loss: 0.1464
[Epoch 274] step 320 loss: 0.1548
[Epoch 274] step 330 loss: 0.0527
[Epoch 274] step 340 loss: 0.1206
[Epoch 274] step 350 loss: 0.1197
[Epoch 274] step 360 loss: 0.0997
[Epoch 274] step 370 loss: 0.0647
[Epoch 274] step 380 loss: 0.1550
[Epoch 274] step 390 loss: 0.1129
[Epoch 274] step 400 loss: 0.1985
[Epoch 274] step 410 loss: 0.0901
[Epoch 274] step 420 loss: 0.0785
[Epoch 274] step 430 loss: 0.1588
[Epoch 274] step 440 loss: 0.0687
[Epoch 274] step 450 loss: 0.0951
[Epoch 274] step 460 loss: 0.1046
[Epoch 274] step 470 loss: 0.1139
[Epoch 274] step 480 loss: 0.0702
[Epoch 274] step 490 loss: 0.1352
[Epoch 274] step 500 loss: 0.0869
[Epoch 274] step 510 loss: 0.1547
[Epoch 274] step 520 loss: 0.1239
[Epoch 274] step 530 loss: 0.1219
[Epoch 274] step 540 loss: 0.1101
[Epoch 274] step 550 loss: 0.1239
[Epoch 274] step 560 loss: 0.0864
[Epoch 274] step 570 loss: 0.0898
[Epoch 274] step 580 loss: 0.0731
[Epoch 274] step 590 loss: 0.1967
[Epoch 274] step 600 loss: 0.0819
[Epoch 274] step 610 loss: 0.1636
[Epoch 274] step 620 loss: 0.0672
[Epoch 274] step 630 loss: 0.0777
[Epoch 274] step 640 loss: 0.1253
[Epoch 274] step 650 loss: 0.1084
[Epoch 274] step 660 loss: 0.1745
[Epoch 274] step 670 loss: 0.1029
[Epoch 274] step 680 loss: 0.0984
[Epoch 274] step 690 loss: 0.1198
[Epoch 274] step 700 loss: 0.1552
[Epoch 274] step 710 loss: 0.0555
[Epoch 274] step 720 loss: 0.1579
[Epoch 274] step 730 loss: 0.1192
[Epoch 274] step 740 loss: 0.0873
[Epoch 274] step 750 loss: 0.1150
[Epoch 274] step 760 loss: 0.1547
[Epoch 274] step 770 loss: 0.1071
[Epoch 274] step 780 loss: 0.1032
[Epoch 274] step 790 loss: 0.0664
[Epoch 274] step 800 loss: 0.0996
[Epoch 274] step 810 loss: 0.0982
==== Epoch 274 avg loss: 0.1124 ====
[Epoch 275] step 0 loss: 0.1144
[Epoch 275] step 10 loss: 0.1385
[Epoch 275] step 20 loss: 0.1148
[Epoch 275] step 30 loss: 0.0794
[Epoch 275] step 40 loss: 0.1350
[Epoch 275] step 50 loss: 0.1050
[Epoch 275] step 60 loss: 0.1075
[Epoch 275] step 70 loss: 0.1466
[Epoch 275] step 80 loss: 0.0815
[Epoch 275] step 90 loss: 0.1640
[Epoch 275] step 100 loss: 0.0928
[Epoch 275] step 110 loss: 0.0587
[Epoch 275] step 120 loss: 0.1813
[Epoch 275] step 130 loss: 0.0958
[Epoch 275] step 140 loss: 0.1077
[Epoch 275] step 150 loss: 0.0944
[Epoch 275] step 160 loss: 0.1069
[Epoch 275] step 170 loss: 0.0771
[Epoch 275] step 180 loss: 0.0806
[Epoch 275] step 190 loss: 0.1074
[Epoch 275] step 200 loss: 0.1207
[Epoch 275] step 210 loss: 0.1385
[Epoch 275] step 220 loss: 0.1796
[Epoch 275] step 230 loss: 0.0713
[Epoch 275] step 240 loss: 0.0637
[Epoch 275] step 250 loss: 0.1173
[Epoch 275] step 260 loss: 0.0795
[Epoch 275] step 270 loss: 0.1704
[Epoch 275] step 280 loss: 0.1267
[Epoch 275] step 290 loss: 0.1279
[Epoch 275] step 300 loss: 0.0819
[Epoch 275] step 310 loss: 0.1442
[Epoch 275] step 320 loss: 0.1426
[Epoch 275] step 330 loss: 0.0938
[Epoch 275] step 340 loss: 0.0470
[Epoch 275] step 350 loss: 0.1235
[Epoch 275] step 360 loss: 0.1165
[Epoch 275] step 370 loss: 0.1004
[Epoch 275] step 380 loss: 0.0863
[Epoch 275] step 390 loss: 0.1364
[Epoch 275] step 400 loss: 0.0733
[Epoch 275] step 410 loss: 0.1805
[Epoch 275] step 420 loss: 0.0769
[Epoch 275] step 430 loss: 0.1163
[Epoch 275] step 440 loss: 0.0856
[Epoch 275] step 450 loss: 0.1744
[Epoch 275] step 460 loss: 0.0681
[Epoch 275] step 470 loss: 0.0830
[Epoch 275] step 480 loss: 0.1507
[Epoch 275] step 490 loss: 0.1204
[Epoch 275] step 500 loss: 0.1532
[Epoch 275] step 510 loss: 0.0868
[Epoch 275] step 520 loss: 0.1477
[Epoch 275] step 530 loss: 0.1626
[Epoch 275] step 540 loss: 0.0606
[Epoch 275] step 550 loss: 0.0900
[Epoch 275] step 560 loss: 0.1328
[Epoch 275] step 570 loss: 0.1241
[Epoch 275] step 580 loss: 0.0973
[Epoch 275] step 590 loss: 0.0842
[Epoch 275] step 600 loss: 0.0920
[Epoch 275] step 610 loss: 0.1004
[Epoch 275] step 620 loss: 0.1380
[Epoch 275] step 630 loss: 0.0871
[Epoch 275] step 640 loss: 0.1200
[Epoch 275] step 650 loss: 0.0564
[Epoch 275] step 660 loss: 0.1413
[Epoch 275] step 670 loss: 0.1178
[Epoch 275] step 680 loss: 0.0716
[Epoch 275] step 690 loss: 0.1688
[Epoch 275] step 700 loss: 0.1174
[Epoch 275] step 710 loss: 0.1022
[Epoch 275] step 720 loss: 0.1082
[Epoch 275] step 730 loss: 0.1102
[Epoch 275] step 740 loss: 0.1020
[Epoch 275] step 750 loss: 0.1216
[Epoch 275] step 760 loss: 0.1015
[Epoch 275] step 770 loss: 0.0907
[Epoch 275] step 780 loss: 0.1493
[Epoch 275] step 790 loss: 0.1173
[Epoch 275] step 800 loss: 0.0987
[Epoch 275] step 810 loss: 0.0872
==== Epoch 275 avg loss: 0.1124 ====
[Epoch 276] step 0 loss: 0.0938
[Epoch 276] step 10 loss: 0.1106
[Epoch 276] step 20 loss: 0.1070
[Epoch 276] step 30 loss: 0.1143
[Epoch 276] step 40 loss: 0.1486
[Epoch 276] step 50 loss: 0.1221
[Epoch 276] step 60 loss: 0.0871
[Epoch 276] step 70 loss: 0.0718
[Epoch 276] step 80 loss: 0.0836
[Epoch 276] step 90 loss: 0.1143
[Epoch 276] step 100 loss: 0.0821
[Epoch 276] step 110 loss: 0.1340
[Epoch 276] step 120 loss: 0.0713
[Epoch 276] step 130 loss: 0.1226
[Epoch 276] step 140 loss: 0.0885
[Epoch 276] step 150 loss: 0.0915
[Epoch 276] step 160 loss: 0.1200
[Epoch 276] step 170 loss: 0.1891
[Epoch 276] step 180 loss: 0.0854
[Epoch 276] step 190 loss: 0.0988
[Epoch 276] step 200 loss: 0.1294
[Epoch 276] step 210 loss: 0.1298
[Epoch 276] step 220 loss: 0.0953
[Epoch 276] step 230 loss: 0.1194
[Epoch 276] step 240 loss: 0.0591
[Epoch 276] step 250 loss: 0.1346
[Epoch 276] step 260 loss: 0.2292
[Epoch 276] step 270 loss: 0.1265
[Epoch 276] step 280 loss: 0.1099
[Epoch 276] step 290 loss: 0.0920
[Epoch 276] step 300 loss: 0.0680
[Epoch 276] step 310 loss: 0.0666
[Epoch 276] step 320 loss: 0.1055
[Epoch 276] step 330 loss: 0.1233
[Epoch 276] step 340 loss: 0.0823
[Epoch 276] step 350 loss: 0.1388
[Epoch 276] step 360 loss: 0.0870
[Epoch 276] step 370 loss: 0.0906
[Epoch 276] step 380 loss: 0.0745
[Epoch 276] step 390 loss: 0.1418
[Epoch 276] step 400 loss: 0.1449
[Epoch 276] step 410 loss: 0.0766
[Epoch 276] step 420 loss: 0.1552
[Epoch 276] step 430 loss: 0.1158
[Epoch 276] step 440 loss: 0.1745
[Epoch 276] step 450 loss: 0.0745
[Epoch 276] step 460 loss: 0.0578
[Epoch 276] step 470 loss: 0.0774
[Epoch 276] step 480 loss: 0.0956
[Epoch 276] step 490 loss: 0.0947
[Epoch 276] step 500 loss: 0.1303
[Epoch 276] step 510 loss: 0.1196
[Epoch 276] step 520 loss: 0.0647
[Epoch 276] step 530 loss: 0.1200
[Epoch 276] step 540 loss: 0.2279
[Epoch 276] step 550 loss: 0.1003
[Epoch 276] step 560 loss: 0.1105
[Epoch 276] step 570 loss: 0.1010
[Epoch 276] step 580 loss: 0.1142
[Epoch 276] step 590 loss: 0.1223
[Epoch 276] step 600 loss: 0.1012
[Epoch 276] step 610 loss: 0.1813
[Epoch 276] step 620 loss: 0.1248
[Epoch 276] step 630 loss: 0.1305
[Epoch 276] step 640 loss: 0.1233
[Epoch 276] step 650 loss: 0.0910
[Epoch 276] step 660 loss: 0.1565
[Epoch 276] step 670 loss: 0.1209
[Epoch 276] step 680 loss: 0.0643
[Epoch 276] step 690 loss: 0.0602
[Epoch 276] step 700 loss: 0.0769
[Epoch 276] step 710 loss: 0.1021
[Epoch 276] step 720 loss: 0.1345
[Epoch 276] step 730 loss: 0.0726
[Epoch 276] step 740 loss: 0.0989
[Epoch 276] step 750 loss: 0.0701
[Epoch 276] step 760 loss: 0.1353
[Epoch 276] step 770 loss: 0.0782
[Epoch 276] step 780 loss: 0.1042
[Epoch 276] step 790 loss: 0.0950
[Epoch 276] step 800 loss: 0.1624
[Epoch 276] step 810 loss: 0.0872
==== Epoch 276 avg loss: 0.1094 ====
[Epoch 277] step 0 loss: 0.0902
[Epoch 277] step 10 loss: 0.1513
[Epoch 277] step 20 loss: 0.0756
[Epoch 277] step 30 loss: 0.0838
[Epoch 277] step 40 loss: 0.1420
[Epoch 277] step 50 loss: 0.0598
[Epoch 277] step 60 loss: 0.0726
[Epoch 277] step 70 loss: 0.1098
[Epoch 277] step 80 loss: 0.1042
[Epoch 277] step 90 loss: 0.0767
[Epoch 277] step 100 loss: 0.1096
[Epoch 277] step 110 loss: 0.1563
[Epoch 277] step 120 loss: 0.1568
[Epoch 277] step 130 loss: 0.1087
[Epoch 277] step 140 loss: 0.1491
[Epoch 277] step 150 loss: 0.1007
[Epoch 277] step 160 loss: 0.0733
[Epoch 277] step 170 loss: 0.1165
[Epoch 277] step 180 loss: 0.0762
[Epoch 277] step 190 loss: 0.0817
[Epoch 277] step 200 loss: 0.0989
[Epoch 277] step 210 loss: 0.0881
[Epoch 277] step 220 loss: 0.0943
[Epoch 277] step 230 loss: 0.0608
[Epoch 277] step 240 loss: 0.1569
[Epoch 277] step 250 loss: 0.1240
[Epoch 277] step 260 loss: 0.0982
[Epoch 277] step 270 loss: 0.1200
[Epoch 277] step 280 loss: 0.1203
[Epoch 277] step 290 loss: 0.1735
[Epoch 277] step 300 loss: 0.1721
[Epoch 277] step 310 loss: 0.1120
[Epoch 277] step 320 loss: 0.0545
[Epoch 277] step 330 loss: 0.0756
[Epoch 277] step 340 loss: 0.0646
[Epoch 277] step 350 loss: 0.1419
[Epoch 277] step 360 loss: 0.0956
[Epoch 277] step 370 loss: 0.1018
[Epoch 277] step 380 loss: 0.0774
[Epoch 277] step 390 loss: 0.0523
[Epoch 277] step 400 loss: 0.1059
[Epoch 277] step 410 loss: 0.1357
[Epoch 277] step 420 loss: 0.1022
[Epoch 277] step 430 loss: 0.0950
[Epoch 277] step 440 loss: 0.1158
[Epoch 277] step 450 loss: 0.0984
[Epoch 277] step 460 loss: 0.0715
[Epoch 277] step 470 loss: 0.0858
[Epoch 277] step 480 loss: 0.0886
[Epoch 277] step 490 loss: 0.0832
[Epoch 277] step 500 loss: 0.1495
[Epoch 277] step 510 loss: 0.0877
[Epoch 277] step 520 loss: 0.1334
[Epoch 277] step 530 loss: 0.0920
[Epoch 277] step 540 loss: 0.0951
[Epoch 277] step 550 loss: 0.1210
[Epoch 277] step 560 loss: 0.1078
[Epoch 277] step 570 loss: 0.1110
[Epoch 277] step 580 loss: 0.1215
[Epoch 277] step 590 loss: 0.0969
[Epoch 277] step 600 loss: 0.1516
[Epoch 277] step 610 loss: 0.1367
[Epoch 277] step 620 loss: 0.1028
[Epoch 277] step 630 loss: 0.0708
[Epoch 277] step 640 loss: 0.0470
[Epoch 277] step 650 loss: 0.1068
[Epoch 277] step 660 loss: 0.0978
[Epoch 277] step 670 loss: 0.0852
[Epoch 277] step 680 loss: 0.0909
[Epoch 277] step 690 loss: 0.0748
[Epoch 277] step 700 loss: 0.1129
[Epoch 277] step 710 loss: 0.0686
[Epoch 277] step 720 loss: 0.1324
[Epoch 277] step 730 loss: 0.1437
[Epoch 277] step 740 loss: 0.0789
[Epoch 277] step 750 loss: 0.1432
[Epoch 277] step 760 loss: 0.0910
[Epoch 277] step 770 loss: 0.0746
[Epoch 277] step 780 loss: 0.1710
[Epoch 277] step 790 loss: 0.0924
[Epoch 277] step 800 loss: 0.0371
[Epoch 277] step 810 loss: 0.1264
==== Epoch 277 avg loss: 0.1097 ====
[Epoch 278] step 0 loss: 0.1352
[Epoch 278] step 10 loss: 0.1190
[Epoch 278] step 20 loss: 0.1132
[Epoch 278] step 30 loss: 0.0855
[Epoch 278] step 40 loss: 0.0754
[Epoch 278] step 50 loss: 0.1018
[Epoch 278] step 60 loss: 0.0860
[Epoch 278] step 70 loss: 0.2160
[Epoch 278] step 80 loss: 0.1110
[Epoch 278] step 90 loss: 0.1329
[Epoch 278] step 100 loss: 0.1509
[Epoch 278] step 110 loss: 0.1184
[Epoch 278] step 120 loss: 0.1299
[Epoch 278] step 130 loss: 0.0966
[Epoch 278] step 140 loss: 0.1507
[Epoch 278] step 150 loss: 0.0927
[Epoch 278] step 160 loss: 0.1162
[Epoch 278] step 170 loss: 0.1517
[Epoch 278] step 180 loss: 0.0894
[Epoch 278] step 190 loss: 0.1094
[Epoch 278] step 200 loss: 0.1056
[Epoch 278] step 210 loss: 0.0495
[Epoch 278] step 220 loss: 0.0792
[Epoch 278] step 230 loss: 0.1100
[Epoch 278] step 240 loss: 0.1773
[Epoch 278] step 250 loss: 0.1514
[Epoch 278] step 260 loss: 0.0565
[Epoch 278] step 270 loss: 0.1196
[Epoch 278] step 280 loss: 0.0625
[Epoch 278] step 290 loss: 0.1023
[Epoch 278] step 300 loss: 0.0947
[Epoch 278] step 310 loss: 0.1037
[Epoch 278] step 320 loss: 0.1088
[Epoch 278] step 330 loss: 0.1093
[Epoch 278] step 340 loss: 0.1190
[Epoch 278] step 350 loss: 0.0962
[Epoch 278] step 360 loss: 0.1372
[Epoch 278] step 370 loss: 0.0988
[Epoch 278] step 380 loss: 0.0381
[Epoch 278] step 390 loss: 0.0789
[Epoch 278] step 400 loss: 0.1315
[Epoch 278] step 410 loss: 0.0921
[Epoch 278] step 420 loss: 0.1201
[Epoch 278] step 430 loss: 0.0432
[Epoch 278] step 440 loss: 0.1960
[Epoch 278] step 450 loss: 0.1040
[Epoch 278] step 460 loss: 0.0793
[Epoch 278] step 470 loss: 0.1250
[Epoch 278] step 480 loss: 0.1806
[Epoch 278] step 490 loss: 0.0703
[Epoch 278] step 500 loss: 0.1041
[Epoch 278] step 510 loss: 0.0708
[Epoch 278] step 520 loss: 0.0421
[Epoch 278] step 530 loss: 0.0796
[Epoch 278] step 540 loss: 0.0840
[Epoch 278] step 550 loss: 0.1344
[Epoch 278] step 560 loss: 0.0763
[Epoch 278] step 570 loss: 0.1356
[Epoch 278] step 580 loss: 0.0489
[Epoch 278] step 590 loss: 0.1371
[Epoch 278] step 600 loss: 0.1547
[Epoch 278] step 610 loss: 0.0777
[Epoch 278] step 620 loss: 0.1040
[Epoch 278] step 630 loss: 0.0944
[Epoch 278] step 640 loss: 0.1155
[Epoch 278] step 650 loss: 0.1594
[Epoch 278] step 660 loss: 0.1559
[Epoch 278] step 670 loss: 0.1190
[Epoch 278] step 680 loss: 0.1852
[Epoch 278] step 690 loss: 0.1046
[Epoch 278] step 700 loss: 0.0676
[Epoch 278] step 710 loss: 0.1106
[Epoch 278] step 720 loss: 0.0801
[Epoch 278] step 730 loss: 0.0583
[Epoch 278] step 740 loss: 0.0853
[Epoch 278] step 750 loss: 0.1218
[Epoch 278] step 760 loss: 0.0791
[Epoch 278] step 770 loss: 0.1377
[Epoch 278] step 780 loss: 0.0823
[Epoch 278] step 790 loss: 0.1243
[Epoch 278] step 800 loss: 0.1279
[Epoch 278] step 810 loss: 0.0798
==== Epoch 278 avg loss: 0.1083 ====
[Epoch 279] step 0 loss: 0.0952
[Epoch 279] step 10 loss: 0.1209
[Epoch 279] step 20 loss: 0.1312
[Epoch 279] step 30 loss: 0.1228
[Epoch 279] step 40 loss: 0.0789
[Epoch 279] step 50 loss: 0.1151
[Epoch 279] step 60 loss: 0.1160
[Epoch 279] step 70 loss: 0.0822
[Epoch 279] step 80 loss: 0.0802
[Epoch 279] step 90 loss: 0.0855
[Epoch 279] step 100 loss: 0.1650
[Epoch 279] step 110 loss: 0.0790
[Epoch 279] step 120 loss: 0.1273
[Epoch 279] step 130 loss: 0.1358
[Epoch 279] step 140 loss: 0.0395
[Epoch 279] step 150 loss: 0.0752
[Epoch 279] step 160 loss: 0.0926
[Epoch 279] step 170 loss: 0.0737
[Epoch 279] step 180 loss: 0.0799
[Epoch 279] step 190 loss: 0.1420
[Epoch 279] step 200 loss: 0.0565
[Epoch 279] step 210 loss: 0.0673
[Epoch 279] step 220 loss: 0.1405
[Epoch 279] step 230 loss: 0.0934
[Epoch 279] step 240 loss: 0.1397
[Epoch 279] step 250 loss: 0.0805
[Epoch 279] step 260 loss: 0.1058
[Epoch 279] step 270 loss: 0.1921
[Epoch 279] step 280 loss: 0.1471
[Epoch 279] step 290 loss: 0.1873
[Epoch 279] step 300 loss: 0.1358
[Epoch 279] step 310 loss: 0.1466
[Epoch 279] step 320 loss: 0.0411
[Epoch 279] step 330 loss: 0.0712
[Epoch 279] step 340 loss: 0.1178
[Epoch 279] step 350 loss: 0.1161
[Epoch 279] step 360 loss: 0.1426
[Epoch 279] step 370 loss: 0.0732
[Epoch 279] step 380 loss: 0.2071
[Epoch 279] step 390 loss: 0.1220
[Epoch 279] step 400 loss: 0.0698
[Epoch 279] step 410 loss: 0.0602
[Epoch 279] step 420 loss: 0.1825
[Epoch 279] step 430 loss: 0.0993
[Epoch 279] step 440 loss: 0.1111
[Epoch 279] step 450 loss: 0.1315
[Epoch 279] step 460 loss: 0.1426
[Epoch 279] step 470 loss: 0.1145
[Epoch 279] step 480 loss: 0.1746
[Epoch 279] step 490 loss: 0.1211
[Epoch 279] step 500 loss: 0.0829
[Epoch 279] step 510 loss: 0.0822
[Epoch 279] step 520 loss: 0.1118
[Epoch 279] step 530 loss: 0.0975
[Epoch 279] step 540 loss: 0.1397
[Epoch 279] step 550 loss: 0.0910
[Epoch 279] step 560 loss: 0.1594
[Epoch 279] step 570 loss: 0.0961
[Epoch 279] step 580 loss: 0.0954
[Epoch 279] step 590 loss: 0.0887
[Epoch 279] step 600 loss: 0.1691
[Epoch 279] step 610 loss: 0.2117
[Epoch 279] step 620 loss: 0.0967
[Epoch 279] step 630 loss: 0.1274
[Epoch 279] step 640 loss: 0.1419
[Epoch 279] step 650 loss: 0.0953
[Epoch 279] step 660 loss: 0.1271
[Epoch 279] step 670 loss: 0.1441
[Epoch 279] step 680 loss: 0.0750
[Epoch 279] step 690 loss: 0.0908
[Epoch 279] step 700 loss: 0.0993
[Epoch 279] step 710 loss: 0.1135
[Epoch 279] step 720 loss: 0.1072
[Epoch 279] step 730 loss: 0.0706
[Epoch 279] step 740 loss: 0.1138
[Epoch 279] step 750 loss: 0.1229
[Epoch 279] step 760 loss: 0.1396
[Epoch 279] step 770 loss: 0.1097
[Epoch 279] step 780 loss: 0.0766
[Epoch 279] step 790 loss: 0.0860
[Epoch 279] step 800 loss: 0.0838
[Epoch 279] step 810 loss: 0.1243
==== Epoch 279 avg loss: 0.1071 ====
[Epoch 280] step 0 loss: 0.0565
[Epoch 280] step 10 loss: 0.1041
[Epoch 280] step 20 loss: 0.1341
[Epoch 280] step 30 loss: 0.0874
[Epoch 280] step 40 loss: 0.1301
[Epoch 280] step 50 loss: 0.2521
[Epoch 280] step 60 loss: 0.0952
[Epoch 280] step 70 loss: 0.1137
[Epoch 280] step 80 loss: 0.1080
[Epoch 280] step 90 loss: 0.1322
[Epoch 280] step 100 loss: 0.0856
[Epoch 280] step 110 loss: 0.1545
[Epoch 280] step 120 loss: 0.1262
[Epoch 280] step 130 loss: 0.1024
[Epoch 280] step 140 loss: 0.0572
[Epoch 280] step 150 loss: 0.1029
[Epoch 280] step 160 loss: 0.0824
[Epoch 280] step 170 loss: 0.0909
[Epoch 280] step 180 loss: 0.1515
[Epoch 280] step 190 loss: 0.1446
[Epoch 280] step 200 loss: 0.1716
[Epoch 280] step 210 loss: 0.1215
[Epoch 280] step 220 loss: 0.1333
[Epoch 280] step 230 loss: 0.1055
[Epoch 280] step 240 loss: 0.1583
[Epoch 280] step 250 loss: 0.0248
[Epoch 280] step 260 loss: 0.0958
[Epoch 280] step 270 loss: 0.0985
[Epoch 280] step 280 loss: 0.0906
[Epoch 280] step 290 loss: 0.0914
[Epoch 280] step 300 loss: 0.1156
[Epoch 280] step 310 loss: 0.0769
[Epoch 280] step 320 loss: 0.1582
[Epoch 280] step 330 loss: 0.1276
[Epoch 280] step 340 loss: 0.1041
[Epoch 280] step 350 loss: 0.0702
[Epoch 280] step 360 loss: 0.0400
[Epoch 280] step 370 loss: 0.1051
[Epoch 280] step 380 loss: 0.1398
[Epoch 280] step 390 loss: 0.0830
[Epoch 280] step 400 loss: 0.1154
[Epoch 280] step 410 loss: 0.1087
[Epoch 280] step 420 loss: 0.0893
[Epoch 280] step 430 loss: 0.1557
[Epoch 280] step 440 loss: 0.1059
[Epoch 280] step 450 loss: 0.1239
[Epoch 280] step 460 loss: 0.1444
[Epoch 280] step 470 loss: 0.1284
[Epoch 280] step 480 loss: 0.0829
[Epoch 280] step 490 loss: 0.1296
[Epoch 280] step 500 loss: 0.0708
[Epoch 280] step 510 loss: 0.1138
[Epoch 280] step 520 loss: 0.1318
[Epoch 280] step 530 loss: 0.1035
[Epoch 280] step 540 loss: 0.1419
[Epoch 280] step 550 loss: 0.0556
[Epoch 280] step 560 loss: 0.1410
[Epoch 280] step 570 loss: 0.0568
[Epoch 280] step 580 loss: 0.1165
[Epoch 280] step 590 loss: 0.1080
[Epoch 280] step 600 loss: 0.0926
[Epoch 280] step 610 loss: 0.1205
[Epoch 280] step 620 loss: 0.0898
[Epoch 280] step 630 loss: 0.1254
[Epoch 280] step 640 loss: 0.0894
[Epoch 280] step 650 loss: 0.1448
[Epoch 280] step 660 loss: 0.0767
[Epoch 280] step 670 loss: 0.0875
[Epoch 280] step 680 loss: 0.0806
[Epoch 280] step 690 loss: 0.0733
[Epoch 280] step 700 loss: 0.0963
[Epoch 280] step 710 loss: 0.0964
[Epoch 280] step 720 loss: 0.1102
[Epoch 280] step 730 loss: 0.1184
[Epoch 280] step 740 loss: 0.1434
[Epoch 280] step 750 loss: 0.1799
[Epoch 280] step 760 loss: 0.0704
[Epoch 280] step 770 loss: 0.0870
[Epoch 280] step 780 loss: 0.0897
[Epoch 280] step 790 loss: 0.0579
[Epoch 280] step 800 loss: 0.1507
[Epoch 280] step 810 loss: 0.1192
==== Epoch 280 avg loss: 0.1080 ====
[Epoch 281] step 0 loss: 0.1115
[Epoch 281] step 10 loss: 0.0337
[Epoch 281] step 20 loss: 0.1369
[Epoch 281] step 30 loss: 0.0707
[Epoch 281] step 40 loss: 0.1067
[Epoch 281] step 50 loss: 0.1263
[Epoch 281] step 60 loss: 0.0680
[Epoch 281] step 70 loss: 0.1005
[Epoch 281] step 80 loss: 0.0990
[Epoch 281] step 90 loss: 0.1176
[Epoch 281] step 100 loss: 0.0763
[Epoch 281] step 110 loss: 0.0756
[Epoch 281] step 120 loss: 0.0905
[Epoch 281] step 130 loss: 0.1001
[Epoch 281] step 140 loss: 0.1495
[Epoch 281] step 150 loss: 0.0955
[Epoch 281] step 160 loss: 0.1746
[Epoch 281] step 170 loss: 0.2101
[Epoch 281] step 180 loss: 0.0949
[Epoch 281] step 190 loss: 0.1407
[Epoch 281] step 200 loss: 0.0835
[Epoch 281] step 210 loss: 0.0828
[Epoch 281] step 220 loss: 0.1562
[Epoch 281] step 230 loss: 0.0739
[Epoch 281] step 240 loss: 0.0887
[Epoch 281] step 250 loss: 0.0716
[Epoch 281] step 260 loss: 0.0648
[Epoch 281] step 270 loss: 0.0480
[Epoch 281] step 280 loss: 0.1208
[Epoch 281] step 290 loss: 0.0932
[Epoch 281] step 300 loss: 0.0772
[Epoch 281] step 310 loss: 0.1212
[Epoch 281] step 320 loss: 0.1066
[Epoch 281] step 330 loss: 0.1000
[Epoch 281] step 340 loss: 0.1273
[Epoch 281] step 350 loss: 0.1236
[Epoch 281] step 360 loss: 0.1230
[Epoch 281] step 370 loss: 0.1112
[Epoch 281] step 380 loss: 0.1280
[Epoch 281] step 390 loss: 0.0542
[Epoch 281] step 400 loss: 0.0792
[Epoch 281] step 410 loss: 0.0465
[Epoch 281] step 420 loss: 0.0560
[Epoch 281] step 430 loss: 0.1953
[Epoch 281] step 440 loss: 0.0626
[Epoch 281] step 450 loss: 0.1062
[Epoch 281] step 460 loss: 0.1236
[Epoch 281] step 470 loss: 0.0547
[Epoch 281] step 480 loss: 0.1034
[Epoch 281] step 490 loss: 0.0614
[Epoch 281] step 500 loss: 0.0660
[Epoch 281] step 510 loss: 0.0953
[Epoch 281] step 520 loss: 0.0802
[Epoch 281] step 530 loss: 0.1003
[Epoch 281] step 540 loss: 0.0912
[Epoch 281] step 550 loss: 0.1726
[Epoch 281] step 560 loss: 0.0717
[Epoch 281] step 570 loss: 0.0769
[Epoch 281] step 580 loss: 0.1239
[Epoch 281] step 590 loss: 0.1918
[Epoch 281] step 600 loss: 0.1312
[Epoch 281] step 610 loss: 0.1272
[Epoch 281] step 620 loss: 0.0924
[Epoch 281] step 630 loss: 0.1055
[Epoch 281] step 640 loss: 0.1238
[Epoch 281] step 650 loss: 0.0350
[Epoch 281] step 660 loss: 0.0640
[Epoch 281] step 670 loss: 0.0714
[Epoch 281] step 680 loss: 0.1200
[Epoch 281] step 690 loss: 0.0623
[Epoch 281] step 700 loss: 0.1606
[Epoch 281] step 710 loss: 0.1124
[Epoch 281] step 720 loss: 0.1175
[Epoch 281] step 730 loss: 0.1113
[Epoch 281] step 740 loss: 0.0663
[Epoch 281] step 750 loss: 0.0381
[Epoch 281] step 760 loss: 0.0926
[Epoch 281] step 770 loss: 0.0975
[Epoch 281] step 780 loss: 0.0734
[Epoch 281] step 790 loss: 0.0888
[Epoch 281] step 800 loss: 0.0715
[Epoch 281] step 810 loss: 0.0548
==== Epoch 281 avg loss: 0.0978 ====
[Epoch 282] step 0 loss: 0.1211
[Epoch 282] step 10 loss: 0.1100
[Epoch 282] step 20 loss: 0.1020
[Epoch 282] step 30 loss: 0.0629
[Epoch 282] step 40 loss: 0.0642
[Epoch 282] step 50 loss: 0.0803
[Epoch 282] step 60 loss: 0.1199
[Epoch 282] step 70 loss: 0.1216
[Epoch 282] step 80 loss: 0.1423
[Epoch 282] step 90 loss: 0.0546
[Epoch 282] step 100 loss: 0.0718
[Epoch 282] step 110 loss: 0.1962
[Epoch 282] step 120 loss: 0.0678
[Epoch 282] step 130 loss: 0.1297
[Epoch 282] step 140 loss: 0.0985
[Epoch 282] step 150 loss: 0.1140
[Epoch 282] step 160 loss: 0.0599
[Epoch 282] step 170 loss: 0.0634
[Epoch 282] step 180 loss: 0.0962
[Epoch 282] step 190 loss: 0.0978
[Epoch 282] step 200 loss: 0.1086
[Epoch 282] step 210 loss: 0.0490
[Epoch 282] step 220 loss: 0.0927
[Epoch 282] step 230 loss: 0.0519
[Epoch 282] step 240 loss: 0.0980
[Epoch 282] step 250 loss: 0.0970
[Epoch 282] step 260 loss: 0.0921
[Epoch 282] step 270 loss: 0.0721
[Epoch 282] step 280 loss: 0.0470
[Epoch 282] step 290 loss: 0.0712
[Epoch 282] step 300 loss: 0.1262
[Epoch 282] step 310 loss: 0.0429
[Epoch 282] step 320 loss: 0.0938
[Epoch 282] step 330 loss: 0.0743
[Epoch 282] step 340 loss: 0.0806
[Epoch 282] step 350 loss: 0.0601
[Epoch 282] step 360 loss: 0.0782
[Epoch 282] step 370 loss: 0.1096
[Epoch 282] step 380 loss: 0.1044
[Epoch 282] step 390 loss: 0.0680
[Epoch 282] step 400 loss: 0.1132
[Epoch 282] step 410 loss: 0.1257
[Epoch 282] step 420 loss: 0.1163
[Epoch 282] step 430 loss: 0.1265
[Epoch 282] step 440 loss: 0.0885
[Epoch 282] step 450 loss: 0.0698
[Epoch 282] step 460 loss: 0.1637
[Epoch 282] step 470 loss: 0.0663
[Epoch 282] step 480 loss: 0.1354
[Epoch 282] step 490 loss: 0.0734
[Epoch 282] step 500 loss: 0.0711
[Epoch 282] step 510 loss: 0.0744
[Epoch 282] step 520 loss: 0.0771
[Epoch 282] step 530 loss: 0.1000
[Epoch 282] step 540 loss: 0.0883
[Epoch 282] step 550 loss: 0.1193
[Epoch 282] step 560 loss: 0.0836
[Epoch 282] step 570 loss: 0.0652
[Epoch 282] step 580 loss: 0.1190
[Epoch 282] step 590 loss: 0.1564
[Epoch 282] step 600 loss: 0.0877
[Epoch 282] step 610 loss: 0.1041
[Epoch 282] step 620 loss: 0.0751
[Epoch 282] step 630 loss: 0.1198
[Epoch 282] step 640 loss: 0.0581
[Epoch 282] step 650 loss: 0.0896
[Epoch 282] step 660 loss: 0.0604
[Epoch 282] step 670 loss: 0.1194
[Epoch 282] step 680 loss: 0.1436
[Epoch 282] step 690 loss: 0.0760
[Epoch 282] step 700 loss: 0.0967
[Epoch 282] step 710 loss: 0.0991
[Epoch 282] step 720 loss: 0.0611
[Epoch 282] step 730 loss: 0.1177
[Epoch 282] step 740 loss: 0.0666
[Epoch 282] step 750 loss: 0.0898
[Epoch 282] step 760 loss: 0.1294
[Epoch 282] step 770 loss: 0.0758
[Epoch 282] step 780 loss: 0.0693
[Epoch 282] step 790 loss: 0.0614
[Epoch 282] step 800 loss: 0.0956
[Epoch 282] step 810 loss: 0.1192
==== Epoch 282 avg loss: 0.0901 ====
[Epoch 283] step 0 loss: 0.0882
[Epoch 283] step 10 loss: 0.1040
[Epoch 283] step 20 loss: 0.1394
[Epoch 283] step 30 loss: 0.0923
[Epoch 283] step 40 loss: 0.1460
[Epoch 283] step 50 loss: 0.0975
[Epoch 283] step 60 loss: 0.0370
[Epoch 283] step 70 loss: 0.1160
[Epoch 283] step 80 loss: 0.0826
[Epoch 283] step 90 loss: 0.0748
[Epoch 283] step 100 loss: 0.0907
[Epoch 283] step 110 loss: 0.1450
[Epoch 283] step 120 loss: 0.0919
[Epoch 283] step 130 loss: 0.0837
[Epoch 283] step 140 loss: 0.0415
[Epoch 283] step 150 loss: 0.1391
[Epoch 283] step 160 loss: 0.0687
[Epoch 283] step 170 loss: 0.1378
[Epoch 283] step 180 loss: 0.0507
[Epoch 283] step 190 loss: 0.0905
[Epoch 283] step 200 loss: 0.1093
[Epoch 283] step 210 loss: 0.0815
[Epoch 283] step 220 loss: 0.0604
[Epoch 283] step 230 loss: 0.0916
[Epoch 283] step 240 loss: 0.0551
[Epoch 283] step 250 loss: 0.1228
[Epoch 283] step 260 loss: 0.1625
[Epoch 283] step 270 loss: 0.0256
[Epoch 283] step 280 loss: 0.1154
[Epoch 283] step 290 loss: 0.0405
[Epoch 283] step 300 loss: 0.0833
[Epoch 283] step 310 loss: 0.0466
[Epoch 283] step 320 loss: 0.0805
[Epoch 283] step 330 loss: 0.1172
[Epoch 283] step 340 loss: 0.1138
[Epoch 283] step 350 loss: 0.0814
[Epoch 283] step 360 loss: 0.1162
[Epoch 283] step 370 loss: 0.0867
[Epoch 283] step 380 loss: 0.1121
[Epoch 283] step 390 loss: 0.0893
[Epoch 283] step 400 loss: 0.1374
[Epoch 283] step 410 loss: 0.1440
[Epoch 283] step 420 loss: 0.1397
[Epoch 283] step 430 loss: 0.0876
[Epoch 283] step 440 loss: 0.0996
[Epoch 283] step 450 loss: 0.1126
[Epoch 283] step 460 loss: 0.1422
[Epoch 283] step 470 loss: 0.1136
[Epoch 283] step 480 loss: 0.1262
[Epoch 283] step 490 loss: 0.0990
[Epoch 283] step 500 loss: 0.0737
[Epoch 283] step 510 loss: 0.1722
[Epoch 283] step 520 loss: 0.0527
[Epoch 283] step 530 loss: 0.1324
[Epoch 283] step 540 loss: 0.1351
[Epoch 283] step 550 loss: 0.1744
[Epoch 283] step 560 loss: 0.1356
[Epoch 283] step 570 loss: 0.0809
[Epoch 283] step 580 loss: 0.1560
[Epoch 283] step 590 loss: 0.1197
[Epoch 283] step 600 loss: 0.1285
[Epoch 283] step 610 loss: 0.1971
[Epoch 283] step 620 loss: 0.0780
[Epoch 283] step 630 loss: 0.0816
[Epoch 283] step 640 loss: 0.1713
[Epoch 283] step 650 loss: 0.0791
[Epoch 283] step 660 loss: 0.0606
[Epoch 283] step 670 loss: 0.1857
[Epoch 283] step 680 loss: 0.1287
[Epoch 283] step 690 loss: 0.0797
[Epoch 283] step 700 loss: 0.1440
[Epoch 283] step 710 loss: 0.1284
[Epoch 283] step 720 loss: 0.1010
[Epoch 283] step 730 loss: 0.0983
[Epoch 283] step 740 loss: 0.1522
[Epoch 283] step 750 loss: 0.1413
[Epoch 283] step 760 loss: 0.0677
[Epoch 283] step 770 loss: 0.0929
[Epoch 283] step 780 loss: 0.1010
[Epoch 283] step 790 loss: 0.1320
[Epoch 283] step 800 loss: 0.1189
[Epoch 283] step 810 loss: 0.0869
==== Epoch 283 avg loss: 0.1033 ====
[Epoch 284] step 0 loss: 0.0916
[Epoch 284] step 10 loss: 0.0814
[Epoch 284] step 20 loss: 0.2120
[Epoch 284] step 30 loss: 0.0900
[Epoch 284] step 40 loss: 0.0711
[Epoch 284] step 50 loss: 0.1039
[Epoch 284] step 60 loss: 0.0640
[Epoch 284] step 70 loss: 0.1058
[Epoch 284] step 80 loss: 0.1467
[Epoch 284] step 90 loss: 0.0700
[Epoch 284] step 100 loss: 0.0863
[Epoch 284] step 110 loss: 0.0859
[Epoch 284] step 120 loss: 0.1326
[Epoch 284] step 130 loss: 0.1025
[Epoch 284] step 140 loss: 0.0772
[Epoch 284] step 150 loss: 0.0976
[Epoch 284] step 160 loss: 0.1178
[Epoch 284] step 170 loss: 0.1290
[Epoch 284] step 180 loss: 0.0932
[Epoch 284] step 190 loss: 0.1027
[Epoch 284] step 200 loss: 0.0821
[Epoch 284] step 210 loss: 0.1292
[Epoch 284] step 220 loss: 0.0818
[Epoch 284] step 230 loss: 0.1303
[Epoch 284] step 240 loss: 0.1058
[Epoch 284] step 250 loss: 0.1705
[Epoch 284] step 260 loss: 0.1467
[Epoch 284] step 270 loss: 0.0941
[Epoch 284] step 280 loss: 0.0952
[Epoch 284] step 290 loss: 0.0623
[Epoch 284] step 300 loss: 0.0848
[Epoch 284] step 310 loss: 0.0707
[Epoch 284] step 320 loss: 0.1369
[Epoch 284] step 330 loss: 0.0881
[Epoch 284] step 340 loss: 0.1218
[Epoch 284] step 350 loss: 0.1070
[Epoch 284] step 360 loss: 0.1016
[Epoch 284] step 370 loss: 0.0809
[Epoch 284] step 380 loss: 0.1183
[Epoch 284] step 390 loss: 0.0712
[Epoch 284] step 400 loss: 0.0831
[Epoch 284] step 410 loss: 0.1115
[Epoch 284] step 420 loss: 0.1041
[Epoch 284] step 430 loss: 0.0875
[Epoch 284] step 440 loss: 0.1084
[Epoch 284] step 450 loss: 0.0360
[Epoch 284] step 460 loss: 0.1902
[Epoch 284] step 470 loss: 0.0982
[Epoch 284] step 480 loss: 0.1737
[Epoch 284] step 490 loss: 0.1654
[Epoch 284] step 500 loss: 0.0725
[Epoch 284] step 510 loss: 0.0667
[Epoch 284] step 520 loss: 0.0953
[Epoch 284] step 530 loss: 0.1333
[Epoch 284] step 540 loss: 0.1032
[Epoch 284] step 550 loss: 0.1293
[Epoch 284] step 560 loss: 0.0923
[Epoch 284] step 570 loss: 0.0636
[Epoch 284] step 580 loss: 0.1692
[Epoch 284] step 590 loss: 0.0852
[Epoch 284] step 600 loss: 0.1293
[Epoch 284] step 610 loss: 0.0466
[Epoch 284] step 620 loss: 0.0564
[Epoch 284] step 630 loss: 0.1385
[Epoch 284] step 640 loss: 0.0906
[Epoch 284] step 650 loss: 0.0885
[Epoch 284] step 660 loss: 0.1195
[Epoch 284] step 670 loss: 0.1442
[Epoch 284] step 680 loss: 0.0768
[Epoch 284] step 690 loss: 0.0959
[Epoch 284] step 700 loss: 0.1684
[Epoch 284] step 710 loss: 0.0830
[Epoch 284] step 720 loss: 0.0714
[Epoch 284] step 730 loss: 0.0763
[Epoch 284] step 740 loss: 0.1065
[Epoch 284] step 750 loss: 0.1347
[Epoch 284] step 760 loss: 0.0782
[Epoch 284] step 770 loss: 0.0890
[Epoch 284] step 780 loss: 0.0780
[Epoch 284] step 790 loss: 0.1842
[Epoch 284] step 800 loss: 0.1450
[Epoch 284] step 810 loss: 0.1301
==== Epoch 284 avg loss: 0.1110 ====
[Epoch 285] step 0 loss: 0.1268
[Epoch 285] step 10 loss: 0.1335
[Epoch 285] step 20 loss: 0.0924
[Epoch 285] step 30 loss: 0.1100
[Epoch 285] step 40 loss: 0.1157
[Epoch 285] step 50 loss: 0.1004
[Epoch 285] step 60 loss: 0.0785
[Epoch 285] step 70 loss: 0.0698
[Epoch 285] step 80 loss: 0.0668
[Epoch 285] step 90 loss: 0.1567
[Epoch 285] step 100 loss: 0.0806
[Epoch 285] step 110 loss: 0.0610
[Epoch 285] step 120 loss: 0.1131
[Epoch 285] step 130 loss: 0.0913
[Epoch 285] step 140 loss: 0.0630
[Epoch 285] step 150 loss: 0.1237
[Epoch 285] step 160 loss: 0.1016
[Epoch 285] step 170 loss: 0.0901
[Epoch 285] step 180 loss: 0.1106
[Epoch 285] step 190 loss: 0.0870
[Epoch 285] step 200 loss: 0.0995
[Epoch 285] step 210 loss: 0.1400
[Epoch 285] step 220 loss: 0.0879
[Epoch 285] step 230 loss: 0.0782
[Epoch 285] step 240 loss: 0.0924
[Epoch 285] step 250 loss: 0.1386
[Epoch 285] step 260 loss: 0.1069
[Epoch 285] step 270 loss: 0.0969
[Epoch 285] step 280 loss: 0.1073
[Epoch 285] step 290 loss: 0.0858
[Epoch 285] step 300 loss: 0.1023
[Epoch 285] step 310 loss: 0.1213
[Epoch 285] step 320 loss: 0.0939
[Epoch 285] step 330 loss: 0.0804
[Epoch 285] step 340 loss: 0.1423
[Epoch 285] step 350 loss: 0.0692
[Epoch 285] step 360 loss: 0.1174
[Epoch 285] step 370 loss: 0.0910
[Epoch 285] step 380 loss: 0.1174
[Epoch 285] step 390 loss: 0.1714
[Epoch 285] step 400 loss: 0.0847
[Epoch 285] step 410 loss: 0.0900
[Epoch 285] step 420 loss: 0.1155
[Epoch 285] step 430 loss: 0.1548
[Epoch 285] step 440 loss: 0.1231
[Epoch 285] step 450 loss: 0.0850
[Epoch 285] step 460 loss: 0.0990
[Epoch 285] step 470 loss: 0.1157
[Epoch 285] step 480 loss: 0.0915
[Epoch 285] step 490 loss: 0.1069
[Epoch 285] step 500 loss: 0.1114
[Epoch 285] step 510 loss: 0.1130
[Epoch 285] step 520 loss: 0.0911
[Epoch 285] step 530 loss: 0.1013
[Epoch 285] step 540 loss: 0.0580
[Epoch 285] step 550 loss: 0.1113
[Epoch 285] step 560 loss: 0.0819
[Epoch 285] step 570 loss: 0.1688
[Epoch 285] step 580 loss: 0.1016
[Epoch 285] step 590 loss: 0.1908
[Epoch 285] step 600 loss: 0.1394
[Epoch 285] step 610 loss: 0.1995
[Epoch 285] step 620 loss: 0.1165
[Epoch 285] step 630 loss: 0.0836
[Epoch 285] step 640 loss: 0.0806
[Epoch 285] step 650 loss: 0.1011
[Epoch 285] step 660 loss: 0.0986
[Epoch 285] step 670 loss: 0.1419
[Epoch 285] step 680 loss: 0.1330
[Epoch 285] step 690 loss: 0.1479
[Epoch 285] step 700 loss: 0.0666
[Epoch 285] step 710 loss: 0.0804
[Epoch 285] step 720 loss: 0.0922
[Epoch 285] step 730 loss: 0.1751
[Epoch 285] step 740 loss: 0.1187
[Epoch 285] step 750 loss: 0.0460
[Epoch 285] step 760 loss: 0.0762
[Epoch 285] step 770 loss: 0.1286
[Epoch 285] step 780 loss: 0.0963
[Epoch 285] step 790 loss: 0.1210
[Epoch 285] step 800 loss: 0.0968
[Epoch 285] step 810 loss: 0.0698
==== Epoch 285 avg loss: 0.1079 ====
[Epoch 286] step 0 loss: 0.1079
[Epoch 286] step 10 loss: 0.0811
[Epoch 286] step 20 loss: 0.0765
[Epoch 286] step 30 loss: 0.1972
[Epoch 286] step 40 loss: 0.1106
[Epoch 286] step 50 loss: 0.0986
[Epoch 286] step 60 loss: 0.0562
[Epoch 286] step 70 loss: 0.1543
[Epoch 286] step 80 loss: 0.0951
[Epoch 286] step 90 loss: 0.0888
[Epoch 286] step 100 loss: 0.1058
[Epoch 286] step 110 loss: 0.2133
[Epoch 286] step 120 loss: 0.0798
[Epoch 286] step 130 loss: 0.0544
[Epoch 286] step 140 loss: 0.1385
[Epoch 286] step 150 loss: 0.0487
[Epoch 286] step 160 loss: 0.1071
[Epoch 286] step 170 loss: 0.0800
[Epoch 286] step 180 loss: 0.0837
[Epoch 286] step 190 loss: 0.0568
[Epoch 286] step 200 loss: 0.0937
[Epoch 286] step 210 loss: 0.0834
[Epoch 286] step 220 loss: 0.0849
[Epoch 286] step 230 loss: 0.1144
[Epoch 286] step 240 loss: 0.0550
[Epoch 286] step 250 loss: 0.1215
[Epoch 286] step 260 loss: 0.1035
[Epoch 286] step 270 loss: 0.0877
[Epoch 286] step 280 loss: 0.1380
[Epoch 286] step 290 loss: 0.1123
[Epoch 286] step 300 loss: 0.0555
[Epoch 286] step 310 loss: 0.1177
[Epoch 286] step 320 loss: 0.1110
[Epoch 286] step 330 loss: 0.1324
[Epoch 286] step 340 loss: 0.1023
[Epoch 286] step 350 loss: 0.1232
[Epoch 286] step 360 loss: 0.1386
[Epoch 286] step 370 loss: 0.1405
[Epoch 286] step 380 loss: 0.1002
[Epoch 286] step 390 loss: 0.0686
[Epoch 286] step 400 loss: 0.0768
[Epoch 286] step 410 loss: 0.0793
[Epoch 286] step 420 loss: 0.1468
[Epoch 286] step 430 loss: 0.1101
[Epoch 286] step 440 loss: 0.1013
[Epoch 286] step 450 loss: 0.1181
[Epoch 286] step 460 loss: 0.1436
[Epoch 286] step 470 loss: 0.0836
[Epoch 286] step 480 loss: 0.0653
[Epoch 286] step 490 loss: 0.1002
[Epoch 286] step 500 loss: 0.0868
[Epoch 286] step 510 loss: 0.0951
[Epoch 286] step 520 loss: 0.1501
[Epoch 286] step 530 loss: 0.0939
[Epoch 286] step 540 loss: 0.0865
[Epoch 286] step 550 loss: 0.0620
[Epoch 286] step 560 loss: 0.0828
[Epoch 286] step 570 loss: 0.0735
[Epoch 286] step 580 loss: 0.1054
[Epoch 286] step 590 loss: 0.0949
[Epoch 286] step 600 loss: 0.0412
[Epoch 286] step 610 loss: 0.0883
[Epoch 286] step 620 loss: 0.1095
[Epoch 286] step 630 loss: 0.1641
[Epoch 286] step 640 loss: 0.1187
[Epoch 286] step 650 loss: 0.1014
[Epoch 286] step 660 loss: 0.0632
[Epoch 286] step 670 loss: 0.1569
[Epoch 286] step 680 loss: 0.0983
[Epoch 286] step 690 loss: 0.0949
[Epoch 286] step 700 loss: 0.0938
[Epoch 286] step 710 loss: 0.0732
[Epoch 286] step 720 loss: 0.0997
[Epoch 286] step 730 loss: 0.1279
[Epoch 286] step 740 loss: 0.1397
[Epoch 286] step 750 loss: 0.0911
[Epoch 286] step 760 loss: 0.1158
[Epoch 286] step 770 loss: 0.0841
[Epoch 286] step 780 loss: 0.0788
[Epoch 286] step 790 loss: 0.1279
[Epoch 286] step 800 loss: 0.0853
[Epoch 286] step 810 loss: 0.0760
==== Epoch 286 avg loss: 0.1044 ====
[Epoch 287] step 0 loss: 0.0759
[Epoch 287] step 10 loss: 0.1817
[Epoch 287] step 20 loss: 0.1205
[Epoch 287] step 30 loss: 0.1111
[Epoch 287] step 40 loss: 0.0696
[Epoch 287] step 50 loss: 0.1016
[Epoch 287] step 60 loss: 0.0987
[Epoch 287] step 70 loss: 0.0986
[Epoch 287] step 80 loss: 0.0986
[Epoch 287] step 90 loss: 0.1510
[Epoch 287] step 100 loss: 0.0792
[Epoch 287] step 110 loss: 0.1704
[Epoch 287] step 120 loss: 0.1669
[Epoch 287] step 130 loss: 0.0926
[Epoch 287] step 140 loss: 0.0731
[Epoch 287] step 150 loss: 0.1562
[Epoch 287] step 160 loss: 0.0779
[Epoch 287] step 170 loss: 0.1303
[Epoch 287] step 180 loss: 0.1616
[Epoch 287] step 190 loss: 0.1147
[Epoch 287] step 200 loss: 0.1531
[Epoch 287] step 210 loss: 0.1193
[Epoch 287] step 220 loss: 0.1108
[Epoch 287] step 230 loss: 0.0749
[Epoch 287] step 240 loss: 0.1159
[Epoch 287] step 250 loss: 0.1121
[Epoch 287] step 260 loss: 0.0513
[Epoch 287] step 270 loss: 0.0960
[Epoch 287] step 280 loss: 0.1023
[Epoch 287] step 290 loss: 0.1655
[Epoch 287] step 300 loss: 0.0967
[Epoch 287] step 310 loss: 0.0707
[Epoch 287] step 320 loss: 0.0575
[Epoch 287] step 330 loss: 0.0890
[Epoch 287] step 340 loss: 0.1000
[Epoch 287] step 350 loss: 0.0739
[Epoch 287] step 360 loss: 0.1088
[Epoch 287] step 370 loss: 0.1294
[Epoch 287] step 380 loss: 0.1462
[Epoch 287] step 390 loss: 0.1802
[Epoch 287] step 400 loss: 0.0961
[Epoch 287] step 410 loss: 0.1041
[Epoch 287] step 420 loss: 0.0949
[Epoch 287] step 430 loss: 0.1152
[Epoch 287] step 440 loss: 0.1434
[Epoch 287] step 450 loss: 0.0927
[Epoch 287] step 460 loss: 0.1000
[Epoch 287] step 470 loss: 0.0994
[Epoch 287] step 480 loss: 0.0850
[Epoch 287] step 490 loss: 0.0847
[Epoch 287] step 500 loss: 0.0474
[Epoch 287] step 510 loss: 0.1796
[Epoch 287] step 520 loss: 0.1272
[Epoch 287] step 530 loss: 0.0898
[Epoch 287] step 540 loss: 0.1206
[Epoch 287] step 550 loss: 0.1203
[Epoch 287] step 560 loss: 0.0921
[Epoch 287] step 570 loss: 0.0708
[Epoch 287] step 580 loss: 0.0866
[Epoch 287] step 590 loss: 0.0677
[Epoch 287] step 600 loss: 0.0768
[Epoch 287] step 610 loss: 0.0534
[Epoch 287] step 620 loss: 0.1432
[Epoch 287] step 630 loss: 0.1424
[Epoch 287] step 640 loss: 0.0836
[Epoch 287] step 650 loss: 0.1076
[Epoch 287] step 660 loss: 0.0764
[Epoch 287] step 670 loss: 0.1105
[Epoch 287] step 680 loss: 0.1115
[Epoch 287] step 690 loss: 0.0798
[Epoch 287] step 700 loss: 0.0981
[Epoch 287] step 710 loss: 0.1584
[Epoch 287] step 720 loss: 0.1047
[Epoch 287] step 730 loss: 0.1172
[Epoch 287] step 740 loss: 0.0934
[Epoch 287] step 750 loss: 0.1004
[Epoch 287] step 760 loss: 0.1339
[Epoch 287] step 770 loss: 0.1663
[Epoch 287] step 780 loss: 0.0583
[Epoch 287] step 790 loss: 0.0977
[Epoch 287] step 800 loss: 0.0796
[Epoch 287] step 810 loss: 0.0895
==== Epoch 287 avg loss: 0.1045 ====
[Epoch 288] step 0 loss: 0.0852
[Epoch 288] step 10 loss: 0.0889
[Epoch 288] step 20 loss: 0.0987
[Epoch 288] step 30 loss: 0.0632
[Epoch 288] step 40 loss: 0.1226
[Epoch 288] step 50 loss: 0.1125
[Epoch 288] step 60 loss: 0.1918
[Epoch 288] step 70 loss: 0.0668
[Epoch 288] step 80 loss: 0.1189
[Epoch 288] step 90 loss: 0.1360
[Epoch 288] step 100 loss: 0.1364
[Epoch 288] step 110 loss: 0.1031
[Epoch 288] step 120 loss: 0.0856
[Epoch 288] step 130 loss: 0.1017
[Epoch 288] step 140 loss: 0.0765
[Epoch 288] step 150 loss: 0.1106
[Epoch 288] step 160 loss: 0.0793
[Epoch 288] step 170 loss: 0.1007
[Epoch 288] step 180 loss: 0.0703
[Epoch 288] step 190 loss: 0.0581
[Epoch 288] step 200 loss: 0.1110
[Epoch 288] step 210 loss: 0.1302
[Epoch 288] step 220 loss: 0.0857
[Epoch 288] step 230 loss: 0.1408
[Epoch 288] step 240 loss: 0.0457
[Epoch 288] step 250 loss: 0.1216
[Epoch 288] step 260 loss: 0.1098
[Epoch 288] step 270 loss: 0.0551
[Epoch 288] step 280 loss: 0.1327
[Epoch 288] step 290 loss: 0.1074
[Epoch 288] step 300 loss: 0.1365
[Epoch 288] step 310 loss: 0.0674
[Epoch 288] step 320 loss: 0.1323
[Epoch 288] step 330 loss: 0.1529
[Epoch 288] step 340 loss: 0.0533
[Epoch 288] step 350 loss: 0.0990
[Epoch 288] step 360 loss: 0.0843
[Epoch 288] step 370 loss: 0.0734
[Epoch 288] step 380 loss: 0.1190
[Epoch 288] step 390 loss: 0.1134
[Epoch 288] step 400 loss: 0.1024
[Epoch 288] step 410 loss: 0.1107
[Epoch 288] step 420 loss: 0.1177
[Epoch 288] step 430 loss: 0.1736
[Epoch 288] step 440 loss: 0.1115
[Epoch 288] step 450 loss: 0.1132
[Epoch 288] step 460 loss: 0.0542
[Epoch 288] step 470 loss: 0.0835
[Epoch 288] step 480 loss: 0.0710
[Epoch 288] step 490 loss: 0.0899
[Epoch 288] step 500 loss: 0.1034
[Epoch 288] step 510 loss: 0.0359
[Epoch 288] step 520 loss: 0.1285
[Epoch 288] step 530 loss: 0.0421
[Epoch 288] step 540 loss: 0.0688
[Epoch 288] step 550 loss: 0.1058
[Epoch 288] step 560 loss: 0.0956
[Epoch 288] step 570 loss: 0.0593
[Epoch 288] step 580 loss: 0.1156
[Epoch 288] step 590 loss: 0.0994
[Epoch 288] step 600 loss: 0.0610
[Epoch 288] step 610 loss: 0.1418
[Epoch 288] step 620 loss: 0.0776
[Epoch 288] step 630 loss: 0.0512
[Epoch 288] step 640 loss: 0.1188
[Epoch 288] step 650 loss: 0.0837
[Epoch 288] step 660 loss: 0.0856
[Epoch 288] step 670 loss: 0.1166
[Epoch 288] step 680 loss: 0.0872
[Epoch 288] step 690 loss: 0.1095
[Epoch 288] step 700 loss: 0.0840
[Epoch 288] step 710 loss: 0.0884
[Epoch 288] step 720 loss: 0.0615
[Epoch 288] step 730 loss: 0.0912
[Epoch 288] step 740 loss: 0.1275
[Epoch 288] step 750 loss: 0.0978
[Epoch 288] step 760 loss: 0.1107
[Epoch 288] step 770 loss: 0.0323
[Epoch 288] step 780 loss: 0.0523
[Epoch 288] step 790 loss: 0.1338
[Epoch 288] step 800 loss: 0.1105
[Epoch 288] step 810 loss: 0.0676
==== Epoch 288 avg loss: 0.0972 ====
[Epoch 289] step 0 loss: 0.0816
[Epoch 289] step 10 loss: 0.0472
[Epoch 289] step 20 loss: 0.1266
[Epoch 289] step 30 loss: 0.0789
[Epoch 289] step 40 loss: 0.0367
[Epoch 289] step 50 loss: 0.1340
[Epoch 289] step 60 loss: 0.0901
[Epoch 289] step 70 loss: 0.0427
[Epoch 289] step 80 loss: 0.0936
[Epoch 289] step 90 loss: 0.0760
[Epoch 289] step 100 loss: 0.1000
[Epoch 289] step 110 loss: 0.1491
[Epoch 289] step 120 loss: 0.0533
[Epoch 289] step 130 loss: 0.1205
[Epoch 289] step 140 loss: 0.0553
[Epoch 289] step 150 loss: 0.0871
[Epoch 289] step 160 loss: 0.0842
[Epoch 289] step 170 loss: 0.0982
[Epoch 289] step 180 loss: 0.0742
[Epoch 289] step 190 loss: 0.1199
[Epoch 289] step 200 loss: 0.0869
[Epoch 289] step 210 loss: 0.0543
[Epoch 289] step 220 loss: 0.0944
[Epoch 289] step 230 loss: 0.0507
[Epoch 289] step 240 loss: 0.0622
[Epoch 289] step 250 loss: 0.1487
[Epoch 289] step 260 loss: 0.0972
[Epoch 289] step 270 loss: 0.1034
[Epoch 289] step 280 loss: 0.0959
[Epoch 289] step 290 loss: 0.0539
[Epoch 289] step 300 loss: 0.1042
[Epoch 289] step 310 loss: 0.1081
[Epoch 289] step 320 loss: 0.1144
[Epoch 289] step 330 loss: 0.1775
[Epoch 289] step 340 loss: 0.0731
[Epoch 289] step 350 loss: 0.0997
[Epoch 289] step 360 loss: 0.1172
[Epoch 289] step 370 loss: 0.0864
[Epoch 289] step 380 loss: 0.0464
[Epoch 289] step 390 loss: 0.0940
[Epoch 289] step 400 loss: 0.1048
[Epoch 289] step 410 loss: 0.0841
[Epoch 289] step 420 loss: 0.0606
[Epoch 289] step 430 loss: 0.0602
[Epoch 289] step 440 loss: 0.0999
[Epoch 289] step 450 loss: 0.0832
[Epoch 289] step 460 loss: 0.0949
[Epoch 289] step 470 loss: 0.1046
[Epoch 289] step 480 loss: 0.0744
[Epoch 289] step 490 loss: 0.0985
[Epoch 289] step 500 loss: 0.0664
[Epoch 289] step 510 loss: 0.1114
[Epoch 289] step 520 loss: 0.1019
[Epoch 289] step 530 loss: 0.0668
[Epoch 289] step 540 loss: 0.1142
[Epoch 289] step 550 loss: 0.1386
[Epoch 289] step 560 loss: 0.1076
[Epoch 289] step 570 loss: 0.0587
[Epoch 289] step 580 loss: 0.1380
[Epoch 289] step 590 loss: 0.1524
[Epoch 289] step 600 loss: 0.0809
[Epoch 289] step 610 loss: 0.0584
[Epoch 289] step 620 loss: 0.1425
[Epoch 289] step 630 loss: 0.1003
[Epoch 289] step 640 loss: 0.1317
[Epoch 289] step 650 loss: 0.1033
[Epoch 289] step 660 loss: 0.1083
[Epoch 289] step 670 loss: 0.1335
[Epoch 289] step 680 loss: 0.1707
[Epoch 289] step 690 loss: 0.1792
[Epoch 289] step 700 loss: 0.1576
[Epoch 289] step 710 loss: 0.1026
[Epoch 289] step 720 loss: 0.1511
[Epoch 289] step 730 loss: 0.1023
[Epoch 289] step 740 loss: 0.0815
[Epoch 289] step 750 loss: 0.2273
[Epoch 289] step 760 loss: 0.1406
[Epoch 289] step 770 loss: 0.0812
[Epoch 289] step 780 loss: 0.0801
[Epoch 289] step 790 loss: 0.1405
[Epoch 289] step 800 loss: 0.0889
[Epoch 289] step 810 loss: 0.1120
==== Epoch 289 avg loss: 0.0962 ====
[Epoch 290] step 0 loss: 0.0686
[Epoch 290] step 10 loss: 0.1042
[Epoch 290] step 20 loss: 0.0929
[Epoch 290] step 30 loss: 0.0652
[Epoch 290] step 40 loss: 0.1337
[Epoch 290] step 50 loss: 0.0615
[Epoch 290] step 60 loss: 0.1095
[Epoch 290] step 70 loss: 0.0834
[Epoch 290] step 80 loss: 0.0736
[Epoch 290] step 90 loss: 0.1267
[Epoch 290] step 100 loss: 0.0819
[Epoch 290] step 110 loss: 0.0502
[Epoch 290] step 120 loss: 0.1651
[Epoch 290] step 130 loss: 0.0907
[Epoch 290] step 140 loss: 0.1033
[Epoch 290] step 150 loss: 0.1892
[Epoch 290] step 160 loss: 0.0861
[Epoch 290] step 170 loss: 0.0901
[Epoch 290] step 180 loss: 0.1479
[Epoch 290] step 190 loss: 0.1016
[Epoch 290] step 200 loss: 0.1214
[Epoch 290] step 210 loss: 0.0972
[Epoch 290] step 220 loss: 0.0842
[Epoch 290] step 230 loss: 0.1172
[Epoch 290] step 240 loss: 0.1736
[Epoch 290] step 250 loss: 0.0744
[Epoch 290] step 260 loss: 0.0857
[Epoch 290] step 270 loss: 0.0777
[Epoch 290] step 280 loss: 0.1419
[Epoch 290] step 290 loss: 0.0743
[Epoch 290] step 300 loss: 0.0667
[Epoch 290] step 310 loss: 0.1276
[Epoch 290] step 320 loss: 0.0546
[Epoch 290] step 330 loss: 0.1268
[Epoch 290] step 340 loss: 0.1112
[Epoch 290] step 350 loss: 0.0824
[Epoch 290] step 360 loss: 0.0761
[Epoch 290] step 370 loss: 0.1185
[Epoch 290] step 380 loss: 0.1435
[Epoch 290] step 390 loss: 0.1081
[Epoch 290] step 400 loss: 0.0582
[Epoch 290] step 410 loss: 0.1310
[Epoch 290] step 420 loss: 0.0744
[Epoch 290] step 430 loss: 0.1131
[Epoch 290] step 440 loss: 0.1334
[Epoch 290] step 450 loss: 0.1802
[Epoch 290] step 460 loss: 0.1470
[Epoch 290] step 470 loss: 0.0943
[Epoch 290] step 480 loss: 0.0945
[Epoch 290] step 490 loss: 0.1031
[Epoch 290] step 500 loss: 0.0623
[Epoch 290] step 510 loss: 0.1438
[Epoch 290] step 520 loss: 0.0828
[Epoch 290] step 530 loss: 0.0884
[Epoch 290] step 540 loss: 0.1334
[Epoch 290] step 550 loss: 0.0931
[Epoch 290] step 560 loss: 0.0733
[Epoch 290] step 570 loss: 0.0872
[Epoch 290] step 580 loss: 0.1040
[Epoch 290] step 590 loss: 0.0689
[Epoch 290] step 600 loss: 0.0872
[Epoch 290] step 610 loss: 0.1758
[Epoch 290] step 620 loss: 0.0594
[Epoch 290] step 630 loss: 0.0954
[Epoch 290] step 640 loss: 0.1495
[Epoch 290] step 650 loss: 0.1070
[Epoch 290] step 660 loss: 0.0846
[Epoch 290] step 670 loss: 0.0462
[Epoch 290] step 680 loss: 0.1187
[Epoch 290] step 690 loss: 0.0799
[Epoch 290] step 700 loss: 0.0472
[Epoch 290] step 710 loss: 0.1210
[Epoch 290] step 720 loss: 0.1092
[Epoch 290] step 730 loss: 0.0786
[Epoch 290] step 740 loss: 0.0972
[Epoch 290] step 750 loss: 0.0415
[Epoch 290] step 760 loss: 0.1189
[Epoch 290] step 770 loss: 0.1129
[Epoch 290] step 780 loss: 0.0956
[Epoch 290] step 790 loss: 0.1060
[Epoch 290] step 800 loss: 0.0983
[Epoch 290] step 810 loss: 0.0622
==== Epoch 290 avg loss: 0.1075 ====
[Epoch 291] step 0 loss: 0.0858
[Epoch 291] step 10 loss: 0.1413
[Epoch 291] step 20 loss: 0.0950
[Epoch 291] step 30 loss: 0.0842
[Epoch 291] step 40 loss: 0.1004
[Epoch 291] step 50 loss: 0.1039
[Epoch 291] step 60 loss: 0.1725
[Epoch 291] step 70 loss: 0.1296
[Epoch 291] step 80 loss: 0.0806
[Epoch 291] step 90 loss: 0.1430
[Epoch 291] step 100 loss: 0.0963
[Epoch 291] step 110 loss: 0.1053
[Epoch 291] step 120 loss: 0.1521
[Epoch 291] step 130 loss: 0.2313
[Epoch 291] step 140 loss: 0.1224
[Epoch 291] step 150 loss: 0.1650
[Epoch 291] step 160 loss: 0.1126
[Epoch 291] step 170 loss: 0.1030
[Epoch 291] step 180 loss: 0.1552
[Epoch 291] step 190 loss: 0.1004
[Epoch 291] step 200 loss: 0.1097
[Epoch 291] step 210 loss: 0.0743
[Epoch 291] step 220 loss: 0.1623
[Epoch 291] step 230 loss: 0.1534
[Epoch 291] step 240 loss: 0.0542
[Epoch 291] step 250 loss: 0.0824
[Epoch 291] step 260 loss: 0.1895
[Epoch 291] step 270 loss: 0.1253
[Epoch 291] step 280 loss: 0.0969
[Epoch 291] step 290 loss: 0.0879
[Epoch 291] step 300 loss: 0.1800
[Epoch 291] step 310 loss: 0.1057
[Epoch 291] step 320 loss: 0.1667
[Epoch 291] step 330 loss: 0.1258
[Epoch 291] step 340 loss: 0.0956
[Epoch 291] step 350 loss: 0.1736
[Epoch 291] step 360 loss: 0.0945
[Epoch 291] step 370 loss: 0.1575
[Epoch 291] step 380 loss: 0.1024
[Epoch 291] step 390 loss: 0.1084
[Epoch 291] step 400 loss: 0.1167
[Epoch 291] step 410 loss: 0.1705
[Epoch 291] step 420 loss: 0.1042
[Epoch 291] step 430 loss: 0.1695
[Epoch 291] step 440 loss: 0.1072
[Epoch 291] step 450 loss: 0.0883
[Epoch 291] step 460 loss: 0.0944
[Epoch 291] step 470 loss: 0.1561
[Epoch 291] step 480 loss: 0.1327
[Epoch 291] step 490 loss: 0.0902
[Epoch 291] step 500 loss: 0.1036
[Epoch 291] step 510 loss: 0.1912
[Epoch 291] step 520 loss: 0.0738
[Epoch 291] step 530 loss: 0.1668
[Epoch 291] step 540 loss: 0.0973
[Epoch 291] step 550 loss: 0.1175
[Epoch 291] step 560 loss: 0.0961
[Epoch 291] step 570 loss: 0.1576
[Epoch 291] step 580 loss: 0.0897
[Epoch 291] step 590 loss: 0.0927
[Epoch 291] step 600 loss: 0.1264
[Epoch 291] step 610 loss: 0.1882
[Epoch 291] step 620 loss: 0.0892
[Epoch 291] step 630 loss: 0.1735
[Epoch 291] step 640 loss: 0.1138
[Epoch 291] step 650 loss: 0.1300
[Epoch 291] step 660 loss: 0.1629
[Epoch 291] step 670 loss: 0.1991
[Epoch 291] step 680 loss: 0.1617
[Epoch 291] step 690 loss: 0.0927
[Epoch 291] step 700 loss: 0.0650
[Epoch 291] step 710 loss: 0.1065
[Epoch 291] step 720 loss: 0.1130
[Epoch 291] step 730 loss: 0.1790
[Epoch 291] step 740 loss: 0.1038
[Epoch 291] step 750 loss: 0.1333
[Epoch 291] step 760 loss: 0.1228
[Epoch 291] step 770 loss: 0.1575
[Epoch 291] step 780 loss: 0.1673
[Epoch 291] step 790 loss: 0.1239
[Epoch 291] step 800 loss: 0.1973
[Epoch 291] step 810 loss: 0.1429
==== Epoch 291 avg loss: 0.1296 ====
[Epoch 292] step 0 loss: 0.1361
[Epoch 292] step 10 loss: 0.0886
[Epoch 292] step 20 loss: 0.1137
[Epoch 292] step 30 loss: 0.1601
[Epoch 292] step 40 loss: 0.0896
[Epoch 292] step 50 loss: 0.0922
[Epoch 292] step 60 loss: 0.0791
[Epoch 292] step 70 loss: 0.1148
[Epoch 292] step 80 loss: 0.1174
[Epoch 292] step 90 loss: 0.1606
[Epoch 292] step 100 loss: 0.0965
[Epoch 292] step 110 loss: 0.0444
[Epoch 292] step 120 loss: 0.1446
[Epoch 292] step 130 loss: 0.1375
[Epoch 292] step 140 loss: 0.0740
[Epoch 292] step 150 loss: 0.1296
[Epoch 292] step 160 loss: 0.0488
[Epoch 292] step 170 loss: 0.1033
[Epoch 292] step 180 loss: 0.1018
[Epoch 292] step 190 loss: 0.0585
[Epoch 292] step 200 loss: 0.0817
[Epoch 292] step 210 loss: 0.0825
[Epoch 292] step 220 loss: 0.1167
[Epoch 292] step 230 loss: 0.1777
[Epoch 292] step 240 loss: 0.1069
[Epoch 292] step 250 loss: 0.2017
[Epoch 292] step 260 loss: 0.1928
[Epoch 292] step 270 loss: 0.0574
[Epoch 292] step 280 loss: 0.1246
[Epoch 292] step 290 loss: 0.1183
[Epoch 292] step 300 loss: 0.1023
[Epoch 292] step 310 loss: 0.1254
[Epoch 292] step 320 loss: 0.0863
[Epoch 292] step 330 loss: 0.0963
[Epoch 292] step 340 loss: 0.1952
[Epoch 292] step 350 loss: 0.1149
[Epoch 292] step 360 loss: 0.1392
[Epoch 292] step 370 loss: 0.1222
[Epoch 292] step 380 loss: 0.1060
[Epoch 292] step 390 loss: 0.0844
[Epoch 292] step 400 loss: 0.1333
[Epoch 292] step 410 loss: 0.1206
[Epoch 292] step 420 loss: 0.0958
[Epoch 292] step 430 loss: 0.1206
[Epoch 292] step 440 loss: 0.1176
[Epoch 292] step 450 loss: 0.0820
[Epoch 292] step 460 loss: 0.0619
[Epoch 292] step 470 loss: 0.1430
[Epoch 292] step 480 loss: 0.1273
[Epoch 292] step 490 loss: 0.1204
[Epoch 292] step 500 loss: 0.1295
[Epoch 292] step 510 loss: 0.1318
[Epoch 292] step 520 loss: 0.0888
[Epoch 292] step 530 loss: 0.1450
[Epoch 292] step 540 loss: 0.1406
[Epoch 292] step 550 loss: 0.1605
[Epoch 292] step 560 loss: 0.0799
[Epoch 292] step 570 loss: 0.1475
[Epoch 292] step 580 loss: 0.0927
[Epoch 292] step 590 loss: 0.1285
[Epoch 292] step 600 loss: 0.1665
[Epoch 292] step 610 loss: 0.1570
[Epoch 292] step 620 loss: 0.0965
[Epoch 292] step 630 loss: 0.1099
[Epoch 292] step 640 loss: 0.1202
[Epoch 292] step 650 loss: 0.1317
[Epoch 292] step 660 loss: 0.1192
[Epoch 292] step 670 loss: 0.1214
[Epoch 292] step 680 loss: 0.1289
[Epoch 292] step 690 loss: 0.0960
[Epoch 292] step 700 loss: 0.0938
[Epoch 292] step 710 loss: 0.0845
[Epoch 292] step 720 loss: 0.0889
[Epoch 292] step 730 loss: 0.1571
[Epoch 292] step 740 loss: 0.0763
[Epoch 292] step 750 loss: 0.0901
[Epoch 292] step 760 loss: 0.1395
[Epoch 292] step 770 loss: 0.1204
[Epoch 292] step 780 loss: 0.1105
[Epoch 292] step 790 loss: 0.0687
[Epoch 292] step 800 loss: 0.0785
[Epoch 292] step 810 loss: 0.1475
==== Epoch 292 avg loss: 0.1158 ====
[Epoch 293] step 0 loss: 0.1517
[Epoch 293] step 10 loss: 0.0574
[Epoch 293] step 20 loss: 0.1086
[Epoch 293] step 30 loss: 0.0829
[Epoch 293] step 40 loss: 0.0831
[Epoch 293] step 50 loss: 0.1024
[Epoch 293] step 60 loss: 0.1505
[Epoch 293] step 70 loss: 0.0980
[Epoch 293] step 80 loss: 0.1151
[Epoch 293] step 90 loss: 0.1280
[Epoch 293] step 100 loss: 0.1307
[Epoch 293] step 110 loss: 0.0968
[Epoch 293] step 120 loss: 0.0882
[Epoch 293] step 130 loss: 0.1592
[Epoch 293] step 140 loss: 0.1094
[Epoch 293] step 150 loss: 0.1938
[Epoch 293] step 160 loss: 0.0896
[Epoch 293] step 170 loss: 0.0883
[Epoch 293] step 180 loss: 0.0795
[Epoch 293] step 190 loss: 0.1124
[Epoch 293] step 200 loss: 0.1054
[Epoch 293] step 210 loss: 0.1526
[Epoch 293] step 220 loss: 0.0640
[Epoch 293] step 230 loss: 0.0827
[Epoch 293] step 240 loss: 0.0994
[Epoch 293] step 250 loss: 0.1078
[Epoch 293] step 260 loss: 0.1796
[Epoch 293] step 270 loss: 0.1280
[Epoch 293] step 280 loss: 0.2069
[Epoch 293] step 290 loss: 0.0762
[Epoch 293] step 300 loss: 0.1118
[Epoch 293] step 310 loss: 0.1998
[Epoch 293] step 320 loss: 0.1130
[Epoch 293] step 330 loss: 0.1628
[Epoch 293] step 340 loss: 0.1190
[Epoch 293] step 350 loss: 0.0895
[Epoch 293] step 360 loss: 0.1240
[Epoch 293] step 370 loss: 0.1295
[Epoch 293] step 380 loss: 0.1613
[Epoch 293] step 390 loss: 0.1708
[Epoch 293] step 400 loss: 0.1315
[Epoch 293] step 410 loss: 0.0559
[Epoch 293] step 420 loss: 0.0821
[Epoch 293] step 430 loss: 0.0573
[Epoch 293] step 440 loss: 0.1036
[Epoch 293] step 450 loss: 0.1894
[Epoch 293] step 460 loss: 0.1102
[Epoch 293] step 470 loss: 0.0871
[Epoch 293] step 480 loss: 0.1598
[Epoch 293] step 490 loss: 0.1031
[Epoch 293] step 500 loss: 0.1051
[Epoch 293] step 510 loss: 0.1288
[Epoch 293] step 520 loss: 0.1106
[Epoch 293] step 530 loss: 0.0981
[Epoch 293] step 540 loss: 0.1641
[Epoch 293] step 550 loss: 0.0618
[Epoch 293] step 560 loss: 0.0503
[Epoch 293] step 570 loss: 0.0486
[Epoch 293] step 580 loss: 0.1352
[Epoch 293] step 590 loss: 0.1139
[Epoch 293] step 600 loss: 0.1003
[Epoch 293] step 610 loss: 0.1292
[Epoch 293] step 620 loss: 0.1128
[Epoch 293] step 630 loss: 0.1412
[Epoch 293] step 640 loss: 0.0785
[Epoch 293] step 650 loss: 0.0739
[Epoch 293] step 660 loss: 0.1195
[Epoch 293] step 670 loss: 0.0702
[Epoch 293] step 680 loss: 0.0955
[Epoch 293] step 690 loss: 0.1160
[Epoch 293] step 700 loss: 0.1046
[Epoch 293] step 710 loss: 0.0695
[Epoch 293] step 720 loss: 0.0995
[Epoch 293] step 730 loss: 0.0893
[Epoch 293] step 740 loss: 0.0904
[Epoch 293] step 750 loss: 0.0549
[Epoch 293] step 760 loss: 0.1238
[Epoch 293] step 770 loss: 0.1212
[Epoch 293] step 780 loss: 0.1063
[Epoch 293] step 790 loss: 0.1418
[Epoch 293] step 800 loss: 0.0446
[Epoch 293] step 810 loss: 0.0524
==== Epoch 293 avg loss: 0.1046 ====
[Epoch 294] step 0 loss: 0.1256
[Epoch 294] step 10 loss: 0.1070
[Epoch 294] step 20 loss: 0.0881
[Epoch 294] step 30 loss: 0.0888
[Epoch 294] step 40 loss: 0.1627
[Epoch 294] step 50 loss: 0.0771
[Epoch 294] step 60 loss: 0.1444
[Epoch 294] step 70 loss: 0.0906
[Epoch 294] step 80 loss: 0.0824
[Epoch 294] step 90 loss: 0.0782
[Epoch 294] step 100 loss: 0.1197
[Epoch 294] step 110 loss: 0.0850
[Epoch 294] step 120 loss: 0.1120
[Epoch 294] step 130 loss: 0.0950
[Epoch 294] step 140 loss: 0.0877
[Epoch 294] step 150 loss: 0.0771
[Epoch 294] step 160 loss: 0.1435
[Epoch 294] step 170 loss: 0.0777
[Epoch 294] step 180 loss: 0.1099
[Epoch 294] step 190 loss: 0.1355
[Epoch 294] step 200 loss: 0.1151
[Epoch 294] step 210 loss: 0.0966
[Epoch 294] step 220 loss: 0.0984
[Epoch 294] step 230 loss: 0.0612
[Epoch 294] step 240 loss: 0.1160
[Epoch 294] step 250 loss: 0.0570
[Epoch 294] step 260 loss: 0.0624
[Epoch 294] step 270 loss: 0.0888
[Epoch 294] step 280 loss: 0.1337
[Epoch 294] step 290 loss: 0.1173
[Epoch 294] step 300 loss: 0.0920
[Epoch 294] step 310 loss: 0.0780
[Epoch 294] step 320 loss: 0.1366
[Epoch 294] step 330 loss: 0.1354
[Epoch 294] step 340 loss: 0.0855
[Epoch 294] step 350 loss: 0.1323
[Epoch 294] step 360 loss: 0.0542
[Epoch 294] step 370 loss: 0.0755
[Epoch 294] step 380 loss: 0.0577
[Epoch 294] step 390 loss: 0.1256
[Epoch 294] step 400 loss: 0.1486
[Epoch 294] step 410 loss: 0.0773
[Epoch 294] step 420 loss: 0.0912
[Epoch 294] step 430 loss: 0.0574
[Epoch 294] step 440 loss: 0.0974
[Epoch 294] step 450 loss: 0.1115
[Epoch 294] step 460 loss: 0.1024
[Epoch 294] step 470 loss: 0.1083
[Epoch 294] step 480 loss: 0.0301
[Epoch 294] step 490 loss: 0.0702
[Epoch 294] step 500 loss: 0.0994
[Epoch 294] step 510 loss: 0.0934
[Epoch 294] step 520 loss: 0.0795
[Epoch 294] step 530 loss: 0.0516
[Epoch 294] step 540 loss: 0.1191
[Epoch 294] step 550 loss: 0.0998
[Epoch 294] step 560 loss: 0.0947
[Epoch 294] step 570 loss: 0.1389
[Epoch 294] step 580 loss: 0.0365
[Epoch 294] step 590 loss: 0.1344
[Epoch 294] step 600 loss: 0.1233
[Epoch 294] step 610 loss: 0.1398
[Epoch 294] step 620 loss: 0.0970
[Epoch 294] step 630 loss: 0.0611
[Epoch 294] step 640 loss: 0.1239
[Epoch 294] step 650 loss: 0.0916
[Epoch 294] step 660 loss: 0.0762
[Epoch 294] step 670 loss: 0.0616
[Epoch 294] step 680 loss: 0.0965
[Epoch 294] step 690 loss: 0.1083
[Epoch 294] step 700 loss: 0.1301
[Epoch 294] step 710 loss: 0.0911
[Epoch 294] step 720 loss: 0.0680
[Epoch 294] step 730 loss: 0.0850
[Epoch 294] step 740 loss: 0.0840
[Epoch 294] step 750 loss: 0.0852
[Epoch 294] step 760 loss: 0.1785
[Epoch 294] step 770 loss: 0.0992
[Epoch 294] step 780 loss: 0.0505
[Epoch 294] step 790 loss: 0.0816
[Epoch 294] step 800 loss: 0.0868
[Epoch 294] step 810 loss: 0.0639
==== Epoch 294 avg loss: 0.0927 ====
[Epoch 295] step 0 loss: 0.0599
[Epoch 295] step 10 loss: 0.0810
[Epoch 295] step 20 loss: 0.1352
[Epoch 295] step 30 loss: 0.1224
[Epoch 295] step 40 loss: 0.0738
[Epoch 295] step 50 loss: 0.1452
[Epoch 295] step 60 loss: 0.0332
[Epoch 295] step 70 loss: 0.0760
[Epoch 295] step 80 loss: 0.0814
[Epoch 295] step 90 loss: 0.0565
[Epoch 295] step 100 loss: 0.1437
[Epoch 295] step 110 loss: 0.0481
[Epoch 295] step 120 loss: 0.0632
[Epoch 295] step 130 loss: 0.0811
[Epoch 295] step 140 loss: 0.1564
[Epoch 295] step 150 loss: 0.0485
[Epoch 295] step 160 loss: 0.1249
[Epoch 295] step 170 loss: 0.1495
[Epoch 295] step 180 loss: 0.1040
[Epoch 295] step 190 loss: 0.0983
[Epoch 295] step 200 loss: 0.0992
[Epoch 295] step 210 loss: 0.0922
[Epoch 295] step 220 loss: 0.1300
[Epoch 295] step 230 loss: 0.0948
[Epoch 295] step 240 loss: 0.1002
[Epoch 295] step 250 loss: 0.0628
[Epoch 295] step 260 loss: 0.0976
[Epoch 295] step 270 loss: 0.0876
[Epoch 295] step 280 loss: 0.1743
[Epoch 295] step 290 loss: 0.1219
[Epoch 295] step 300 loss: 0.0919
[Epoch 295] step 310 loss: 0.0985
[Epoch 295] step 320 loss: 0.1211
[Epoch 295] step 330 loss: 0.1103
[Epoch 295] step 340 loss: 0.0874
[Epoch 295] step 350 loss: 0.1188
[Epoch 295] step 360 loss: 0.1011
[Epoch 295] step 370 loss: 0.0700
[Epoch 295] step 380 loss: 0.0849
[Epoch 295] step 390 loss: 0.0465
[Epoch 295] step 400 loss: 0.0758
[Epoch 295] step 410 loss: 0.0680
[Epoch 295] step 420 loss: 0.1772
[Epoch 295] step 430 loss: 0.0917
[Epoch 295] step 440 loss: 0.1198
[Epoch 295] step 450 loss: 0.0988
[Epoch 295] step 460 loss: 0.0379
[Epoch 295] step 470 loss: 0.0690
[Epoch 295] step 480 loss: 0.0670
[Epoch 295] step 490 loss: 0.1149
[Epoch 295] step 500 loss: 0.0808
[Epoch 295] step 510 loss: 0.1418
[Epoch 295] step 520 loss: 0.0956
[Epoch 295] step 530 loss: 0.1120
[Epoch 295] step 540 loss: 0.1870
[Epoch 295] step 550 loss: 0.1038
[Epoch 295] step 560 loss: 0.0812
[Epoch 295] step 570 loss: 0.0837
[Epoch 295] step 580 loss: 0.0832
[Epoch 295] step 590 loss: 0.1260
[Epoch 295] step 600 loss: 0.0916
[Epoch 295] step 610 loss: 0.0605
[Epoch 295] step 620 loss: 0.1509
[Epoch 295] step 630 loss: 0.1236
[Epoch 295] step 640 loss: 0.0616
[Epoch 295] step 650 loss: 0.0819
[Epoch 295] step 660 loss: 0.1007
[Epoch 295] step 670 loss: 0.1162
[Epoch 295] step 680 loss: 0.1275
[Epoch 295] step 690 loss: 0.1136
[Epoch 295] step 700 loss: 0.1143
[Epoch 295] step 710 loss: 0.1512
[Epoch 295] step 720 loss: 0.1347
[Epoch 295] step 730 loss: 0.1024
[Epoch 295] step 740 loss: 0.1446
[Epoch 295] step 750 loss: 0.1100
[Epoch 295] step 760 loss: 0.0487
[Epoch 295] step 770 loss: 0.0804
[Epoch 295] step 780 loss: 0.0821
[Epoch 295] step 790 loss: 0.1441
[Epoch 295] step 800 loss: 0.0492
[Epoch 295] step 810 loss: 0.0816
==== Epoch 295 avg loss: 0.0953 ====
[Epoch 296] step 0 loss: 0.1054
[Epoch 296] step 10 loss: 0.0757
[Epoch 296] step 20 loss: 0.0670
[Epoch 296] step 30 loss: 0.1562
[Epoch 296] step 40 loss: 0.0622
[Epoch 296] step 50 loss: 0.1234
[Epoch 296] step 60 loss: 0.1268
[Epoch 296] step 70 loss: 0.1156
[Epoch 296] step 80 loss: 0.0665
[Epoch 296] step 90 loss: 0.0868
[Epoch 296] step 100 loss: 0.1090
[Epoch 296] step 110 loss: 0.0845
[Epoch 296] step 120 loss: 0.1337
[Epoch 296] step 130 loss: 0.0753
[Epoch 296] step 140 loss: 0.1318
[Epoch 296] step 150 loss: 0.0764
[Epoch 296] step 160 loss: 0.1392
[Epoch 296] step 170 loss: 0.0477
[Epoch 296] step 180 loss: 0.0515
[Epoch 296] step 190 loss: 0.0789
[Epoch 296] step 200 loss: 0.0629
[Epoch 296] step 210 loss: 0.0699
[Epoch 296] step 220 loss: 0.0382
[Epoch 296] step 230 loss: 0.0936
[Epoch 296] step 240 loss: 0.1101
[Epoch 296] step 250 loss: 0.1364
[Epoch 296] step 260 loss: 0.0357
[Epoch 296] step 270 loss: 0.0515
[Epoch 296] step 280 loss: 0.0794
[Epoch 296] step 290 loss: 0.1455
[Epoch 296] step 300 loss: 0.0741
[Epoch 296] step 310 loss: 0.0299
[Epoch 296] step 320 loss: 0.0986
[Epoch 296] step 330 loss: 0.1206
[Epoch 296] step 340 loss: 0.0896
[Epoch 296] step 350 loss: 0.0406
[Epoch 296] step 360 loss: 0.0700
[Epoch 296] step 370 loss: 0.0725
[Epoch 296] step 380 loss: 0.1372
[Epoch 296] step 390 loss: 0.0341
[Epoch 296] step 400 loss: 0.0401
[Epoch 296] step 410 loss: 0.0324
[Epoch 296] step 420 loss: 0.0642
[Epoch 296] step 430 loss: 0.1231
[Epoch 296] step 440 loss: 0.0659
[Epoch 296] step 450 loss: 0.0517
[Epoch 296] step 460 loss: 0.1229
[Epoch 296] step 470 loss: 0.0761
[Epoch 296] step 480 loss: 0.0860
[Epoch 296] step 490 loss: 0.1140
[Epoch 296] step 500 loss: 0.0188
[Epoch 296] step 510 loss: 0.0375
[Epoch 296] step 520 loss: 0.0665
[Epoch 296] step 530 loss: 0.0385
[Epoch 296] step 540 loss: 0.0553
[Epoch 296] step 550 loss: 0.0397
[Epoch 296] step 560 loss: 0.0624
[Epoch 296] step 570 loss: 0.0586
[Epoch 296] step 580 loss: 0.1070
[Epoch 296] step 590 loss: 0.0697
[Epoch 296] step 600 loss: 0.0627
[Epoch 296] step 610 loss: 0.0901
[Epoch 296] step 620 loss: 0.1017
[Epoch 296] step 630 loss: 0.0764
[Epoch 296] step 640 loss: 0.0742
[Epoch 296] step 650 loss: 0.1114
[Epoch 296] step 660 loss: 0.1160
[Epoch 296] step 670 loss: 0.0978
[Epoch 296] step 680 loss: 0.1108
[Epoch 296] step 690 loss: 0.0812
[Epoch 296] step 700 loss: 0.0662
[Epoch 296] step 710 loss: 0.0803
[Epoch 296] step 720 loss: 0.0729
[Epoch 296] step 730 loss: 0.0421
[Epoch 296] step 740 loss: 0.0461
[Epoch 296] step 750 loss: 0.0774
[Epoch 296] step 760 loss: 0.0315
[Epoch 296] step 770 loss: 0.1201
[Epoch 296] step 780 loss: 0.0625
[Epoch 296] step 790 loss: 0.0553
[Epoch 296] step 800 loss: 0.0445
[Epoch 296] step 810 loss: 0.1098
==== Epoch 296 avg loss: 0.0824 ====
[Epoch 297] step 0 loss: 0.0853
[Epoch 297] step 10 loss: 0.0587
[Epoch 297] step 20 loss: 0.1116
[Epoch 297] step 30 loss: 0.1416
[Epoch 297] step 40 loss: 0.0704
[Epoch 297] step 50 loss: 0.0447
[Epoch 297] step 60 loss: 0.0503
[Epoch 297] step 70 loss: 0.1023
[Epoch 297] step 80 loss: 0.0853
[Epoch 297] step 90 loss: 0.0962
[Epoch 297] step 100 loss: 0.0751
[Epoch 297] step 110 loss: 0.1349
[Epoch 297] step 120 loss: 0.0823
[Epoch 297] step 130 loss: 0.1113
[Epoch 297] step 140 loss: 0.1300
[Epoch 297] step 150 loss: 0.1311
[Epoch 297] step 160 loss: 0.1645
[Epoch 297] step 170 loss: 0.1005
[Epoch 297] step 180 loss: 0.0491
[Epoch 297] step 190 loss: 0.0508
[Epoch 297] step 200 loss: 0.1081
[Epoch 297] step 210 loss: 0.1826
[Epoch 297] step 220 loss: 0.1128
[Epoch 297] step 230 loss: 0.1397
[Epoch 297] step 240 loss: 0.0883
[Epoch 297] step 250 loss: 0.1196
[Epoch 297] step 260 loss: 0.1649
[Epoch 297] step 270 loss: 0.0893
[Epoch 297] step 280 loss: 0.0746
[Epoch 297] step 290 loss: 0.1547
[Epoch 297] step 300 loss: 0.0985
[Epoch 297] step 310 loss: 0.0735
[Epoch 297] step 320 loss: 0.1172
[Epoch 297] step 330 loss: 0.1078
[Epoch 297] step 340 loss: 0.1017
[Epoch 297] step 350 loss: 0.0978
[Epoch 297] step 360 loss: 0.0449
[Epoch 297] step 370 loss: 0.0762
[Epoch 297] step 380 loss: 0.1072
[Epoch 297] step 390 loss: 0.1179
[Epoch 297] step 400 loss: 0.1173
[Epoch 297] step 410 loss: 0.1074
[Epoch 297] step 420 loss: 0.1031
[Epoch 297] step 430 loss: 0.0902
[Epoch 297] step 440 loss: 0.0772
[Epoch 297] step 450 loss: 0.1179
[Epoch 297] step 460 loss: 0.0499
[Epoch 297] step 470 loss: 0.0767
[Epoch 297] step 480 loss: 0.0843
[Epoch 297] step 490 loss: 0.1288
[Epoch 297] step 500 loss: 0.1270
[Epoch 297] step 510 loss: 0.0615
[Epoch 297] step 520 loss: 0.0846
[Epoch 297] step 530 loss: 0.1344
[Epoch 297] step 540 loss: 0.0572
[Epoch 297] step 550 loss: 0.1047
[Epoch 297] step 560 loss: 0.0676
[Epoch 297] step 570 loss: 0.0900
[Epoch 297] step 580 loss: 0.1389
[Epoch 297] step 590 loss: 0.1244
[Epoch 297] step 600 loss: 0.1479
[Epoch 297] step 610 loss: 0.1551
[Epoch 297] step 620 loss: 0.1129
[Epoch 297] step 630 loss: 0.0684
[Epoch 297] step 640 loss: 0.1215
[Epoch 297] step 650 loss: 0.1120
[Epoch 297] step 660 loss: 0.1070
[Epoch 297] step 670 loss: 0.1183
[Epoch 297] step 680 loss: 0.1115
[Epoch 297] step 690 loss: 0.1665
[Epoch 297] step 700 loss: 0.1356
[Epoch 297] step 710 loss: 0.0648
[Epoch 297] step 720 loss: 0.1192
[Epoch 297] step 730 loss: 0.0890
[Epoch 297] step 740 loss: 0.0469
[Epoch 297] step 750 loss: 0.1057
[Epoch 297] step 760 loss: 0.0957
[Epoch 297] step 770 loss: 0.1175
[Epoch 297] step 780 loss: 0.0747
[Epoch 297] step 790 loss: 0.0544
[Epoch 297] step 800 loss: 0.0757
[Epoch 297] step 810 loss: 0.0638
==== Epoch 297 avg loss: 0.1006 ====
[Epoch 298] step 0 loss: 0.1570
[Epoch 298] step 10 loss: 0.0684
[Epoch 298] step 20 loss: 0.1102
[Epoch 298] step 30 loss: 0.0717
[Epoch 298] step 40 loss: 0.0938
[Epoch 298] step 50 loss: 0.1137
[Epoch 298] step 60 loss: 0.0803
[Epoch 298] step 70 loss: 0.0574
[Epoch 298] step 80 loss: 0.0936
[Epoch 298] step 90 loss: 0.0675
[Epoch 298] step 100 loss: 0.1011
[Epoch 298] step 110 loss: 0.0672
[Epoch 298] step 120 loss: 0.0557
[Epoch 298] step 130 loss: 0.0902
[Epoch 298] step 140 loss: 0.1373
[Epoch 298] step 150 loss: 0.0972
[Epoch 298] step 160 loss: 0.1002
[Epoch 298] step 170 loss: 0.0976
[Epoch 298] step 180 loss: 0.1134
[Epoch 298] step 190 loss: 0.0636
[Epoch 298] step 200 loss: 0.0662
[Epoch 298] step 210 loss: 0.0793
[Epoch 298] step 220 loss: 0.0590
[Epoch 298] step 230 loss: 0.1159
[Epoch 298] step 240 loss: 0.0586
[Epoch 298] step 250 loss: 0.0856
[Epoch 298] step 260 loss: 0.0770
[Epoch 298] step 270 loss: 0.1264
[Epoch 298] step 280 loss: 0.1342
[Epoch 298] step 290 loss: 0.1168
[Epoch 298] step 300 loss: 0.0691
[Epoch 298] step 310 loss: 0.0597
[Epoch 298] step 320 loss: 0.0462
[Epoch 298] step 330 loss: 0.0861
[Epoch 298] step 340 loss: 0.1251
[Epoch 298] step 350 loss: 0.1019
[Epoch 298] step 360 loss: 0.0912
[Epoch 298] step 370 loss: 0.1175
[Epoch 298] step 380 loss: 0.1531
[Epoch 298] step 390 loss: 0.0977
[Epoch 298] step 400 loss: 0.1038
[Epoch 298] step 410 loss: 0.0789
[Epoch 298] step 420 loss: 0.1116
[Epoch 298] step 430 loss: 0.1942
[Epoch 298] step 440 loss: 0.0876
[Epoch 298] step 450 loss: 0.0810
[Epoch 298] step 460 loss: 0.0745
[Epoch 298] step 470 loss: 0.1034
[Epoch 298] step 480 loss: 0.1274
[Epoch 298] step 490 loss: 0.1029
[Epoch 298] step 500 loss: 0.0992
[Epoch 298] step 510 loss: 0.0885
[Epoch 298] step 520 loss: 0.0454
[Epoch 298] step 530 loss: 0.1328
[Epoch 298] step 540 loss: 0.1373
[Epoch 298] step 550 loss: 0.0582
[Epoch 298] step 560 loss: 0.0815
[Epoch 298] step 570 loss: 0.0963
[Epoch 298] step 580 loss: 0.0698
[Epoch 298] step 590 loss: 0.1038
[Epoch 298] step 600 loss: 0.0754
[Epoch 298] step 610 loss: 0.1292
[Epoch 298] step 620 loss: 0.1071
[Epoch 298] step 630 loss: 0.1407
[Epoch 298] step 640 loss: 0.0814
[Epoch 298] step 650 loss: 0.0549
[Epoch 298] step 660 loss: 0.1455
[Epoch 298] step 670 loss: 0.0724
[Epoch 298] step 680 loss: 0.0607
[Epoch 298] step 690 loss: 0.0956
[Epoch 298] step 700 loss: 0.1165
[Epoch 298] step 710 loss: 0.0880
[Epoch 298] step 720 loss: 0.0803
[Epoch 298] step 730 loss: 0.1357
[Epoch 298] step 740 loss: 0.1017
[Epoch 298] step 750 loss: 0.0904
[Epoch 298] step 760 loss: 0.1100
[Epoch 298] step 770 loss: 0.1020
[Epoch 298] step 780 loss: 0.0758
[Epoch 298] step 790 loss: 0.0915
[Epoch 298] step 800 loss: 0.1087
[Epoch 298] step 810 loss: 0.0761
==== Epoch 298 avg loss: 0.1006 ====
[Epoch 299] step 0 loss: 0.0792
[Epoch 299] step 10 loss: 0.1345
[Epoch 299] step 20 loss: 0.0701
[Epoch 299] step 30 loss: 0.1678
[Epoch 299] step 40 loss: 0.1143
[Epoch 299] step 50 loss: 0.0952
[Epoch 299] step 60 loss: 0.1284
[Epoch 299] step 70 loss: 0.0819
[Epoch 299] step 80 loss: 0.0534
[Epoch 299] step 90 loss: 0.0720
[Epoch 299] step 100 loss: 0.0898
[Epoch 299] step 110 loss: 0.1248
[Epoch 299] step 120 loss: 0.0617
[Epoch 299] step 130 loss: 0.0926
[Epoch 299] step 140 loss: 0.1014
[Epoch 299] step 150 loss: 0.0955
[Epoch 299] step 160 loss: 0.0596
[Epoch 299] step 170 loss: 0.0427
[Epoch 299] step 180 loss: 0.0909
[Epoch 299] step 190 loss: 0.1737
[Epoch 299] step 200 loss: 0.0598
[Epoch 299] step 210 loss: 0.1068
[Epoch 299] step 220 loss: 0.0635
[Epoch 299] step 230 loss: 0.1442
[Epoch 299] step 240 loss: 0.1313
[Epoch 299] step 250 loss: 0.1429
[Epoch 299] step 260 loss: 0.0928
[Epoch 299] step 270 loss: 0.1038
[Epoch 299] step 280 loss: 0.1055
[Epoch 299] step 290 loss: 0.1114
[Epoch 299] step 300 loss: 0.1028
[Epoch 299] step 310 loss: 0.1093
[Epoch 299] step 320 loss: 0.1625
[Epoch 299] step 330 loss: 0.1344
[Epoch 299] step 340 loss: 0.0637
[Epoch 299] step 350 loss: 0.1227
[Epoch 299] step 360 loss: 0.1067
[Epoch 299] step 370 loss: 0.0837
[Epoch 299] step 380 loss: 0.1297
[Epoch 299] step 390 loss: 0.1419
[Epoch 299] step 400 loss: 0.1129
[Epoch 299] step 410 loss: 0.0864
[Epoch 299] step 420 loss: 0.0765
[Epoch 299] step 430 loss: 0.0863
[Epoch 299] step 440 loss: 0.1060
[Epoch 299] step 450 loss: 0.0527
[Epoch 299] step 460 loss: 0.0622
[Epoch 299] step 470 loss: 0.1031
[Epoch 299] step 480 loss: 0.1161
[Epoch 299] step 490 loss: 0.0915
[Epoch 299] step 500 loss: 0.0888
[Epoch 299] step 510 loss: 0.1492
[Epoch 299] step 520 loss: 0.0796
[Epoch 299] step 530 loss: 0.0763
[Epoch 299] step 540 loss: 0.0665
[Epoch 299] step 550 loss: 0.0836
[Epoch 299] step 560 loss: 0.0765
[Epoch 299] step 570 loss: 0.0697
[Epoch 299] step 580 loss: 0.0960
[Epoch 299] step 590 loss: 0.0341
[Epoch 299] step 600 loss: 0.1455
[Epoch 299] step 610 loss: 0.0511
[Epoch 299] step 620 loss: 0.1183
[Epoch 299] step 630 loss: 0.0502
[Epoch 299] step 640 loss: 0.1182
[Epoch 299] step 650 loss: 0.1154
[Epoch 299] step 660 loss: 0.1370
[Epoch 299] step 670 loss: 0.1093
[Epoch 299] step 680 loss: 0.0804
[Epoch 299] step 690 loss: 0.1898
[Epoch 299] step 700 loss: 0.0842
[Epoch 299] step 710 loss: 0.1143
[Epoch 299] step 720 loss: 0.1214
[Epoch 299] step 730 loss: 0.0760
[Epoch 299] step 740 loss: 0.0867
[Epoch 299] step 750 loss: 0.0801
[Epoch 299] step 760 loss: 0.0799
[Epoch 299] step 770 loss: 0.1206
[Epoch 299] step 780 loss: 0.0761
[Epoch 299] step 790 loss: 0.0385
[Epoch 299] step 800 loss: 0.1313
[Epoch 299] step 810 loss: 0.1289
==== Epoch 299 avg loss: 0.0990 ====
[Epoch 300] step 0 loss: 0.0809
[Epoch 300] step 10 loss: 0.1521
[Epoch 300] step 20 loss: 0.1309
[Epoch 300] step 30 loss: 0.1397
[Epoch 300] step 40 loss: 0.0563
[Epoch 300] step 50 loss: 0.1195
[Epoch 300] step 60 loss: 0.0538
[Epoch 300] step 70 loss: 0.1002
[Epoch 300] step 80 loss: 0.0671
[Epoch 300] step 90 loss: 0.0475
[Epoch 300] step 100 loss: 0.1418
[Epoch 300] step 110 loss: 0.1065
[Epoch 300] step 120 loss: 0.1069
[Epoch 300] step 130 loss: 0.1299
[Epoch 300] step 140 loss: 0.0872
[Epoch 300] step 150 loss: 0.0651
[Epoch 300] step 160 loss: 0.1160
[Epoch 300] step 170 loss: 0.1011
[Epoch 300] step 180 loss: 0.1593
[Epoch 300] step 190 loss: 0.0973
[Epoch 300] step 200 loss: 0.0651
[Epoch 300] step 210 loss: 0.0785
[Epoch 300] step 220 loss: 0.0984
[Epoch 300] step 230 loss: 0.1105
[Epoch 300] step 240 loss: 0.1022
[Epoch 300] step 250 loss: 0.0511
[Epoch 300] step 260 loss: 0.0719
[Epoch 300] step 270 loss: 0.1080
[Epoch 300] step 280 loss: 0.0862
[Epoch 300] step 290 loss: 0.1411
[Epoch 300] step 300 loss: 0.1177
[Epoch 300] step 310 loss: 0.0398
[Epoch 300] step 320 loss: 0.1398
[Epoch 300] step 330 loss: 0.1149
[Epoch 300] step 340 loss: 0.0982
[Epoch 300] step 350 loss: 0.1405
[Epoch 300] step 360 loss: 0.0779
[Epoch 300] step 370 loss: 0.1298
[Epoch 300] step 380 loss: 0.0883
[Epoch 300] step 390 loss: 0.1255
[Epoch 300] step 400 loss: 0.1286
[Epoch 300] step 410 loss: 0.0571
[Epoch 300] step 420 loss: 0.1187
[Epoch 300] step 430 loss: 0.0443
[Epoch 300] step 440 loss: 0.0676
[Epoch 300] step 450 loss: 0.1122
[Epoch 300] step 460 loss: 0.0772
[Epoch 300] step 470 loss: 0.0662
[Epoch 300] step 480 loss: 0.0438
[Epoch 300] step 490 loss: 0.1348
[Epoch 300] step 500 loss: 0.1275
[Epoch 300] step 510 loss: 0.1510
[Epoch 300] step 520 loss: 0.0830
[Epoch 300] step 530 loss: 0.1322
[Epoch 300] step 540 loss: 0.1063
[Epoch 300] step 550 loss: 0.1010
[Epoch 300] step 560 loss: 0.0751
[Epoch 300] step 570 loss: 0.0487
[Epoch 300] step 580 loss: 0.0672
[Epoch 300] step 590 loss: 0.0835
[Epoch 300] step 600 loss: 0.0788
[Epoch 300] step 610 loss: 0.0824
[Epoch 300] step 620 loss: 0.1126
[Epoch 300] step 630 loss: 0.1210
[Epoch 300] step 640 loss: 0.0984
[Epoch 300] step 650 loss: 0.1469
[Epoch 300] step 660 loss: 0.0893
[Epoch 300] step 670 loss: 0.1230
[Epoch 300] step 680 loss: 0.1054
[Epoch 300] step 690 loss: 0.0590
[Epoch 300] step 700 loss: 0.0371
[Epoch 300] step 710 loss: 0.1225
[Epoch 300] step 720 loss: 0.0928
[Epoch 300] step 730 loss: 0.0959
[Epoch 300] step 740 loss: 0.1204
[Epoch 300] step 750 loss: 0.1138
[Epoch 300] step 760 loss: 0.1241
[Epoch 300] step 770 loss: 0.0737
[Epoch 300] step 780 loss: 0.1164
[Epoch 300] step 790 loss: 0.0752
[Epoch 300] step 800 loss: 0.1172
[Epoch 300] step 810 loss: 0.1592
==== Epoch 300 avg loss: 0.1000 ====
[Epoch 301] step 0 loss: 0.0560
[Epoch 301] step 10 loss: 0.1173
[Epoch 301] step 20 loss: 0.1248
[Epoch 301] step 30 loss: 0.0936
[Epoch 301] step 40 loss: 0.1417
[Epoch 301] step 50 loss: 0.1243
[Epoch 301] step 60 loss: 0.0334
[Epoch 301] step 70 loss: 0.1686
[Epoch 301] step 80 loss: 0.0467
[Epoch 301] step 90 loss: 0.1213
[Epoch 301] step 100 loss: 0.0370
[Epoch 301] step 110 loss: 0.1061
[Epoch 301] step 120 loss: 0.0618
[Epoch 301] step 130 loss: 0.0995
[Epoch 301] step 140 loss: 0.1193
[Epoch 301] step 150 loss: 0.0573
[Epoch 301] step 160 loss: 0.0546
[Epoch 301] step 170 loss: 0.1332
[Epoch 301] step 180 loss: 0.0883
[Epoch 301] step 190 loss: 0.0797
[Epoch 301] step 200 loss: 0.0837
[Epoch 301] step 210 loss: 0.0975
[Epoch 301] step 220 loss: 0.0784
[Epoch 301] step 230 loss: 0.1309
[Epoch 301] step 240 loss: 0.0843
[Epoch 301] step 250 loss: 0.0891
[Epoch 301] step 260 loss: 0.1179
[Epoch 301] step 270 loss: 0.0942
[Epoch 301] step 280 loss: 0.0683
[Epoch 301] step 290 loss: 0.1521
[Epoch 301] step 300 loss: 0.1289
[Epoch 301] step 310 loss: 0.0861
[Epoch 301] step 320 loss: 0.0612
[Epoch 301] step 330 loss: 0.0977
[Epoch 301] step 340 loss: 0.1054
[Epoch 301] step 350 loss: 0.1175
[Epoch 301] step 360 loss: 0.0867
[Epoch 301] step 370 loss: 0.1032
[Epoch 301] step 380 loss: 0.0699
[Epoch 301] step 390 loss: 0.1148
[Epoch 301] step 400 loss: 0.1016
[Epoch 301] step 410 loss: 0.1308
[Epoch 301] step 420 loss: 0.0958
[Epoch 301] step 430 loss: 0.1317
[Epoch 301] step 440 loss: 0.0492
[Epoch 301] step 450 loss: 0.1187
[Epoch 301] step 460 loss: 0.0838
[Epoch 301] step 470 loss: 0.2149
[Epoch 301] step 480 loss: 0.0715
[Epoch 301] step 490 loss: 0.1617
[Epoch 301] step 500 loss: 0.1226
[Epoch 301] step 510 loss: 0.0925
[Epoch 301] step 520 loss: 0.0761
[Epoch 301] step 530 loss: 0.1279
[Epoch 301] step 540 loss: 0.0762
[Epoch 301] step 550 loss: 0.0883
[Epoch 301] step 560 loss: 0.1178
[Epoch 301] step 570 loss: 0.0907
[Epoch 301] step 580 loss: 0.0745
[Epoch 301] step 590 loss: 0.0644
[Epoch 301] step 600 loss: 0.1582
[Epoch 301] step 610 loss: 0.0973
[Epoch 301] step 620 loss: 0.1200
[Epoch 301] step 630 loss: 0.0449
[Epoch 301] step 640 loss: 0.1108
[Epoch 301] step 650 loss: 0.1394
[Epoch 301] step 660 loss: 0.1301
[Epoch 301] step 670 loss: 0.0823
[Epoch 301] step 680 loss: 0.1425
[Epoch 301] step 690 loss: 0.0786
[Epoch 301] step 700 loss: 0.0878
[Epoch 301] step 710 loss: 0.0891
[Epoch 301] step 720 loss: 0.0433
[Epoch 301] step 730 loss: 0.0474
[Epoch 301] step 740 loss: 0.0778
[Epoch 301] step 750 loss: 0.1500
[Epoch 301] step 760 loss: 0.0796
[Epoch 301] step 770 loss: 0.1309
[Epoch 301] step 780 loss: 0.0735
[Epoch 301] step 790 loss: 0.2303
[Epoch 301] step 800 loss: 0.1143
[Epoch 301] step 810 loss: 0.0459
==== Epoch 301 avg loss: 0.0992 ====
[Epoch 302] step 0 loss: 0.0966
[Epoch 302] step 10 loss: 0.1281
[Epoch 302] step 20 loss: 0.1046
[Epoch 302] step 30 loss: 0.1172
[Epoch 302] step 40 loss: 0.1231
[Epoch 302] step 50 loss: 0.1472
[Epoch 302] step 60 loss: 0.0285
[Epoch 302] step 70 loss: 0.0793
[Epoch 302] step 80 loss: 0.1653
[Epoch 302] step 90 loss: 0.0733
[Epoch 302] step 100 loss: 0.0820
[Epoch 302] step 110 loss: 0.0766
[Epoch 302] step 120 loss: 0.0617
[Epoch 302] step 130 loss: 0.1053
[Epoch 302] step 140 loss: 0.1254
[Epoch 302] step 150 loss: 0.0952
[Epoch 302] step 160 loss: 0.0794
[Epoch 302] step 170 loss: 0.0409
[Epoch 302] step 180 loss: 0.0696
[Epoch 302] step 190 loss: 0.1218
[Epoch 302] step 200 loss: 0.0831
[Epoch 302] step 210 loss: 0.0947
[Epoch 302] step 220 loss: 0.0555
[Epoch 302] step 230 loss: 0.0927
[Epoch 302] step 240 loss: 0.1185
[Epoch 302] step 250 loss: 0.0512
[Epoch 302] step 260 loss: 0.1182
[Epoch 302] step 270 loss: 0.0804
[Epoch 302] step 280 loss: 0.0765
[Epoch 302] step 290 loss: 0.0963
[Epoch 302] step 300 loss: 0.0936
[Epoch 302] step 310 loss: 0.1058
[Epoch 302] step 320 loss: 0.1125
[Epoch 302] step 330 loss: 0.0220
[Epoch 302] step 340 loss: 0.0658
[Epoch 302] step 350 loss: 0.0688
[Epoch 302] step 360 loss: 0.1110
[Epoch 302] step 370 loss: 0.0583
[Epoch 302] step 380 loss: 0.0770
[Epoch 302] step 390 loss: 0.0789
[Epoch 302] step 400 loss: 0.1032
[Epoch 302] step 410 loss: 0.0467
[Epoch 302] step 420 loss: 0.0450
[Epoch 302] step 430 loss: 0.0400
[Epoch 302] step 440 loss: 0.0852
[Epoch 302] step 450 loss: 0.0942
[Epoch 302] step 460 loss: 0.0981
[Epoch 302] step 470 loss: 0.0446
[Epoch 302] step 480 loss: 0.0430
[Epoch 302] step 490 loss: 0.1084
[Epoch 302] step 500 loss: 0.0362
[Epoch 302] step 510 loss: 0.1207
[Epoch 302] step 520 loss: 0.0582
[Epoch 302] step 530 loss: 0.0893
[Epoch 302] step 540 loss: 0.0326
[Epoch 302] step 550 loss: 0.0690
[Epoch 302] step 560 loss: 0.0728
[Epoch 302] step 570 loss: 0.1605
[Epoch 302] step 580 loss: 0.0993
[Epoch 302] step 590 loss: 0.0788
[Epoch 302] step 600 loss: 0.0776
[Epoch 302] step 610 loss: 0.1096
[Epoch 302] step 620 loss: 0.0643
[Epoch 302] step 630 loss: 0.1383
[Epoch 302] step 640 loss: 0.0529
[Epoch 302] step 650 loss: 0.1063
[Epoch 302] step 660 loss: 0.1460
[Epoch 302] step 670 loss: 0.0737
[Epoch 302] step 680 loss: 0.1407
[Epoch 302] step 690 loss: 0.1820
[Epoch 302] step 700 loss: 0.0360
[Epoch 302] step 710 loss: 0.1346
[Epoch 302] step 720 loss: 0.0580
[Epoch 302] step 730 loss: 0.0441
[Epoch 302] step 740 loss: 0.1085
[Epoch 302] step 750 loss: 0.0720
[Epoch 302] step 760 loss: 0.0811
[Epoch 302] step 770 loss: 0.0652
[Epoch 302] step 780 loss: 0.0704
[Epoch 302] step 790 loss: 0.0796
[Epoch 302] step 800 loss: 0.0850
[Epoch 302] step 810 loss: 0.1027
==== Epoch 302 avg loss: 0.0883 ====
[Epoch 303] step 0 loss: 0.0811
[Epoch 303] step 10 loss: 0.1063
[Epoch 303] step 20 loss: 0.0545
[Epoch 303] step 30 loss: 0.1477
[Epoch 303] step 40 loss: 0.0643
[Epoch 303] step 50 loss: 0.1325
[Epoch 303] step 60 loss: 0.1733
[Epoch 303] step 70 loss: 0.0768
[Epoch 303] step 80 loss: 0.0863
[Epoch 303] step 90 loss: 0.0861
[Epoch 303] step 100 loss: 0.0769
[Epoch 303] step 110 loss: 0.0989
[Epoch 303] step 120 loss: 0.0829
[Epoch 303] step 130 loss: 0.1273
[Epoch 303] step 140 loss: 0.1313
[Epoch 303] step 150 loss: 0.0862
[Epoch 303] step 160 loss: 0.0528
[Epoch 303] step 170 loss: 0.0543
[Epoch 303] step 180 loss: 0.0934
[Epoch 303] step 190 loss: 0.0588
[Epoch 303] step 200 loss: 0.0981
[Epoch 303] step 210 loss: 0.1073
[Epoch 303] step 220 loss: 0.1222
[Epoch 303] step 230 loss: 0.1215
[Epoch 303] step 240 loss: 0.1162
[Epoch 303] step 250 loss: 0.0997
[Epoch 303] step 260 loss: 0.0347
[Epoch 303] step 270 loss: 0.1406
[Epoch 303] step 280 loss: 0.0530
[Epoch 303] step 290 loss: 0.0519
[Epoch 303] step 300 loss: 0.0760
[Epoch 303] step 310 loss: 0.1043
[Epoch 303] step 320 loss: 0.0485
[Epoch 303] step 330 loss: 0.0709
[Epoch 303] step 340 loss: 0.0864
[Epoch 303] step 350 loss: 0.0594
[Epoch 303] step 360 loss: 0.0808
[Epoch 303] step 370 loss: 0.0853
[Epoch 303] step 380 loss: 0.0615
[Epoch 303] step 390 loss: 0.0908
[Epoch 303] step 400 loss: 0.0820
[Epoch 303] step 410 loss: 0.1101
[Epoch 303] step 420 loss: 0.0845
[Epoch 303] step 430 loss: 0.1249
[Epoch 303] step 440 loss: 0.0359
[Epoch 303] step 450 loss: 0.0720
[Epoch 303] step 460 loss: 0.0442
[Epoch 303] step 470 loss: 0.0590
[Epoch 303] step 480 loss: 0.0779
[Epoch 303] step 490 loss: 0.0798
[Epoch 303] step 500 loss: 0.0911
[Epoch 303] step 510 loss: 0.1222
[Epoch 303] step 520 loss: 0.1360
[Epoch 303] step 530 loss: 0.0842
[Epoch 303] step 540 loss: 0.1174
[Epoch 303] step 550 loss: 0.0859
[Epoch 303] step 560 loss: 0.0794
[Epoch 303] step 570 loss: 0.1124
[Epoch 303] step 580 loss: 0.0591
[Epoch 303] step 590 loss: 0.0407
[Epoch 303] step 600 loss: 0.0472
[Epoch 303] step 610 loss: 0.0615
[Epoch 303] step 620 loss: 0.0871
[Epoch 303] step 630 loss: 0.0634
[Epoch 303] step 640 loss: 0.0970
[Epoch 303] step 650 loss: 0.1486
[Epoch 303] step 660 loss: 0.0558
[Epoch 303] step 670 loss: 0.0827
[Epoch 303] step 680 loss: 0.0674
[Epoch 303] step 690 loss: 0.0740
[Epoch 303] step 700 loss: 0.0526
[Epoch 303] step 710 loss: 0.0970
[Epoch 303] step 720 loss: 0.1605
[Epoch 303] step 730 loss: 0.1045
[Epoch 303] step 740 loss: 0.0694
[Epoch 303] step 750 loss: 0.0455
[Epoch 303] step 760 loss: 0.1017
[Epoch 303] step 770 loss: 0.0413
[Epoch 303] step 780 loss: 0.1058
[Epoch 303] step 790 loss: 0.0362
[Epoch 303] step 800 loss: 0.0853
[Epoch 303] step 810 loss: 0.0829
==== Epoch 303 avg loss: 0.0822 ====
[Epoch 304] step 0 loss: 0.0741
[Epoch 304] step 10 loss: 0.0592
[Epoch 304] step 20 loss: 0.2426
[Epoch 304] step 30 loss: 0.0964
[Epoch 304] step 40 loss: 0.0336
[Epoch 304] step 50 loss: 0.0823
[Epoch 304] step 60 loss: 0.0729
[Epoch 304] step 70 loss: 0.0451
[Epoch 304] step 80 loss: 0.0760
[Epoch 304] step 90 loss: 0.0621
[Epoch 304] step 100 loss: 0.1043
[Epoch 304] step 110 loss: 0.0982
[Epoch 304] step 120 loss: 0.0820
[Epoch 304] step 130 loss: 0.0819
[Epoch 304] step 140 loss: 0.0625
[Epoch 304] step 150 loss: 0.1055
[Epoch 304] step 160 loss: 0.1066
[Epoch 304] step 170 loss: 0.1441
[Epoch 304] step 180 loss: 0.0584
[Epoch 304] step 190 loss: 0.1237
[Epoch 304] step 200 loss: 0.1445
[Epoch 304] step 210 loss: 0.0355
[Epoch 304] step 220 loss: 0.0471
[Epoch 304] step 230 loss: 0.0463
[Epoch 304] step 240 loss: 0.0533
[Epoch 304] step 250 loss: 0.0804
[Epoch 304] step 260 loss: 0.1179
[Epoch 304] step 270 loss: 0.1427
[Epoch 304] step 280 loss: 0.0350
[Epoch 304] step 290 loss: 0.0665
[Epoch 304] step 300 loss: 0.1175
[Epoch 304] step 310 loss: 0.0908
[Epoch 304] step 320 loss: 0.0827
[Epoch 304] step 330 loss: 0.0540
[Epoch 304] step 340 loss: 0.0881
[Epoch 304] step 350 loss: 0.1091
[Epoch 304] step 360 loss: 0.0507
[Epoch 304] step 370 loss: 0.0586
[Epoch 304] step 380 loss: 0.1652
[Epoch 304] step 390 loss: 0.0672
[Epoch 304] step 400 loss: 0.1111
[Epoch 304] step 410 loss: 0.0995
[Epoch 304] step 420 loss: 0.0856
[Epoch 304] step 430 loss: 0.0846
[Epoch 304] step 440 loss: 0.1198
[Epoch 304] step 450 loss: 0.0749
[Epoch 304] step 460 loss: 0.0705
[Epoch 304] step 470 loss: 0.1042
[Epoch 304] step 480 loss: 0.0612
[Epoch 304] step 490 loss: 0.1062
[Epoch 304] step 500 loss: 0.0714
[Epoch 304] step 510 loss: 0.1065
[Epoch 304] step 520 loss: 0.0653
[Epoch 304] step 530 loss: 0.1052
[Epoch 304] step 540 loss: 0.0576
[Epoch 304] step 550 loss: 0.0951
[Epoch 304] step 560 loss: 0.0867
[Epoch 304] step 570 loss: 0.0921
[Epoch 304] step 580 loss: 0.1003
[Epoch 304] step 590 loss: 0.0784
[Epoch 304] step 600 loss: 0.1037
[Epoch 304] step 610 loss: 0.0942
[Epoch 304] step 620 loss: 0.0771
[Epoch 304] step 630 loss: 0.0900
[Epoch 304] step 640 loss: 0.1228
[Epoch 304] step 650 loss: 0.0254
[Epoch 304] step 660 loss: 0.0960
[Epoch 304] step 670 loss: 0.0980
[Epoch 304] step 680 loss: 0.0886
[Epoch 304] step 690 loss: 0.1098
[Epoch 304] step 700 loss: 0.0475
[Epoch 304] step 710 loss: 0.0716
[Epoch 304] step 720 loss: 0.0664
[Epoch 304] step 730 loss: 0.0668
[Epoch 304] step 740 loss: 0.0638
[Epoch 304] step 750 loss: 0.0645
[Epoch 304] step 760 loss: 0.0589
[Epoch 304] step 770 loss: 0.1493
[Epoch 304] step 780 loss: 0.0953
[Epoch 304] step 790 loss: 0.1174
[Epoch 304] step 800 loss: 0.1434
[Epoch 304] step 810 loss: 0.0836
==== Epoch 304 avg loss: 0.0865 ====
[Epoch 305] step 0 loss: 0.1084
[Epoch 305] step 10 loss: 0.1220
[Epoch 305] step 20 loss: 0.0941
[Epoch 305] step 30 loss: 0.0936
[Epoch 305] step 40 loss: 0.0698
[Epoch 305] step 50 loss: 0.1602
[Epoch 305] step 60 loss: 0.0520
[Epoch 305] step 70 loss: 0.0559
[Epoch 305] step 80 loss: 0.1415
[Epoch 305] step 90 loss: 0.1219
[Epoch 305] step 100 loss: 0.0804
[Epoch 305] step 110 loss: 0.0779
[Epoch 305] step 120 loss: 0.0961
[Epoch 305] step 130 loss: 0.0671
[Epoch 305] step 140 loss: 0.0683
[Epoch 305] step 150 loss: 0.1140
[Epoch 305] step 160 loss: 0.1010
[Epoch 305] step 170 loss: 0.1173
[Epoch 305] step 180 loss: 0.0685
[Epoch 305] step 190 loss: 0.1299
[Epoch 305] step 200 loss: 0.0322
[Epoch 305] step 210 loss: 0.0738
[Epoch 305] step 220 loss: 0.1041
[Epoch 305] step 230 loss: 0.1474
[Epoch 305] step 240 loss: 0.0889
[Epoch 305] step 250 loss: 0.0993
[Epoch 305] step 260 loss: 0.0723
[Epoch 305] step 270 loss: 0.1405
[Epoch 305] step 280 loss: 0.1468
[Epoch 305] step 290 loss: 0.1120
[Epoch 305] step 300 loss: 0.0401
[Epoch 305] step 310 loss: 0.0997
[Epoch 305] step 320 loss: 0.1533
[Epoch 305] step 330 loss: 0.0878
[Epoch 305] step 340 loss: 0.1178
[Epoch 305] step 350 loss: 0.0982
[Epoch 305] step 360 loss: 0.1052
[Epoch 305] step 370 loss: 0.1221
[Epoch 305] step 380 loss: 0.1028
[Epoch 305] step 390 loss: 0.1263
[Epoch 305] step 400 loss: 0.0938
[Epoch 305] step 410 loss: 0.1006
[Epoch 305] step 420 loss: 0.1349
[Epoch 305] step 430 loss: 0.0725
[Epoch 305] step 440 loss: 0.1260
[Epoch 305] step 450 loss: 0.0794
[Epoch 305] step 460 loss: 0.0699
[Epoch 305] step 470 loss: 0.1123
[Epoch 305] step 480 loss: 0.0837
[Epoch 305] step 490 loss: 0.1144
[Epoch 305] step 500 loss: 0.1382
[Epoch 305] step 510 loss: 0.1038
[Epoch 305] step 520 loss: 0.1133
[Epoch 305] step 530 loss: 0.1326
[Epoch 305] step 540 loss: 0.1347
[Epoch 305] step 550 loss: 0.1325
[Epoch 305] step 560 loss: 0.0513
[Epoch 305] step 570 loss: 0.1926
[Epoch 305] step 580 loss: 0.1185
[Epoch 305] step 590 loss: 0.0514
[Epoch 305] step 600 loss: 0.0575
[Epoch 305] step 610 loss: 0.1063
[Epoch 305] step 620 loss: 0.0554
[Epoch 305] step 630 loss: 0.0600
[Epoch 305] step 640 loss: 0.1456
[Epoch 305] step 650 loss: 0.1128
[Epoch 305] step 660 loss: 0.0747
[Epoch 305] step 670 loss: 0.1568
[Epoch 305] step 680 loss: 0.0732
[Epoch 305] step 690 loss: 0.1393
[Epoch 305] step 700 loss: 0.1159
[Epoch 305] step 710 loss: 0.1515
[Epoch 305] step 720 loss: 0.0542
[Epoch 305] step 730 loss: 0.0946
[Epoch 305] step 740 loss: 0.0863
[Epoch 305] step 750 loss: 0.0769
[Epoch 305] step 760 loss: 0.1234
[Epoch 305] step 770 loss: 0.1030
[Epoch 305] step 780 loss: 0.1008
[Epoch 305] step 790 loss: 0.1475
[Epoch 305] step 800 loss: 0.0682
[Epoch 305] step 810 loss: 0.0900
==== Epoch 305 avg loss: 0.1057 ====
[Epoch 306] step 0 loss: 0.0854
[Epoch 306] step 10 loss: 0.1095
[Epoch 306] step 20 loss: 0.1302
[Epoch 306] step 30 loss: 0.1015
[Epoch 306] step 40 loss: 0.1102
[Epoch 306] step 50 loss: 0.1105
[Epoch 306] step 60 loss: 0.0777
[Epoch 306] step 70 loss: 0.0828
[Epoch 306] step 80 loss: 0.0997
[Epoch 306] step 90 loss: 0.1159
[Epoch 306] step 100 loss: 0.1028
[Epoch 306] step 110 loss: 0.1145
[Epoch 306] step 120 loss: 0.1360
[Epoch 306] step 130 loss: 0.1014
[Epoch 306] step 140 loss: 0.0748
[Epoch 306] step 150 loss: 0.1244
[Epoch 306] step 160 loss: 0.1011
[Epoch 306] step 170 loss: 0.1155
[Epoch 306] step 180 loss: 0.1163
[Epoch 306] step 190 loss: 0.1173
[Epoch 306] step 200 loss: 0.1039
[Epoch 306] step 210 loss: 0.0697
[Epoch 306] step 220 loss: 0.1512
[Epoch 306] step 230 loss: 0.0702
[Epoch 306] step 240 loss: 0.0912
[Epoch 306] step 250 loss: 0.1165
[Epoch 306] step 260 loss: 0.0928
[Epoch 306] step 270 loss: 0.0906
[Epoch 306] step 280 loss: 0.0868
[Epoch 306] step 290 loss: 0.0966
[Epoch 306] step 300 loss: 0.0862
[Epoch 306] step 310 loss: 0.0955
[Epoch 306] step 320 loss: 0.1126
[Epoch 306] step 330 loss: 0.1244
[Epoch 306] step 340 loss: 0.0700
[Epoch 306] step 350 loss: 0.1123
[Epoch 306] step 360 loss: 0.1173
[Epoch 306] step 370 loss: 0.0729
[Epoch 306] step 380 loss: 0.0988
[Epoch 306] step 390 loss: 0.0623
[Epoch 306] step 400 loss: 0.1428
[Epoch 306] step 410 loss: 0.1077
[Epoch 306] step 420 loss: 0.0952
[Epoch 306] step 430 loss: 0.1034
[Epoch 306] step 440 loss: 0.1466
[Epoch 306] step 450 loss: 0.1033
[Epoch 306] step 460 loss: 0.1199
[Epoch 306] step 470 loss: 0.1306
[Epoch 306] step 480 loss: 0.0723
[Epoch 306] step 490 loss: 0.0563
[Epoch 306] step 500 loss: 0.0744
[Epoch 306] step 510 loss: 0.0586
[Epoch 306] step 520 loss: 0.1464
[Epoch 306] step 530 loss: 0.1090
[Epoch 306] step 540 loss: 0.1608
[Epoch 306] step 550 loss: 0.1056
[Epoch 306] step 560 loss: 0.0870
[Epoch 306] step 570 loss: 0.1670
[Epoch 306] step 580 loss: 0.0900
[Epoch 306] step 590 loss: 0.1452
[Epoch 306] step 600 loss: 0.1320
[Epoch 306] step 610 loss: 0.0740
[Epoch 306] step 620 loss: 0.0604
[Epoch 306] step 630 loss: 0.0859
[Epoch 306] step 640 loss: 0.1038
[Epoch 306] step 650 loss: 0.1453
[Epoch 306] step 660 loss: 0.0862
[Epoch 306] step 670 loss: 0.1058
[Epoch 306] step 680 loss: 0.0419
[Epoch 306] step 690 loss: 0.1072
[Epoch 306] step 700 loss: 0.1207
[Epoch 306] step 710 loss: 0.0726
[Epoch 306] step 720 loss: 0.1357
[Epoch 306] step 730 loss: 0.0737
[Epoch 306] step 740 loss: 0.0656
[Epoch 306] step 750 loss: 0.1000
[Epoch 306] step 760 loss: 0.0822
[Epoch 306] step 770 loss: 0.0653
[Epoch 306] step 780 loss: 0.1201
[Epoch 306] step 790 loss: 0.1191
[Epoch 306] step 800 loss: 0.0802
[Epoch 306] step 810 loss: 0.0854
==== Epoch 306 avg loss: 0.1009 ====
[Epoch 307] step 0 loss: 0.1088
[Epoch 307] step 10 loss: 0.1006
[Epoch 307] step 20 loss: 0.0896
[Epoch 307] step 30 loss: 0.1203
[Epoch 307] step 40 loss: 0.0807
[Epoch 307] step 50 loss: 0.1003
[Epoch 307] step 60 loss: 0.0640
[Epoch 307] step 70 loss: 0.0983
[Epoch 307] step 80 loss: 0.0832
[Epoch 307] step 90 loss: 0.0697
[Epoch 307] step 100 loss: 0.0979
[Epoch 307] step 110 loss: 0.0644
[Epoch 307] step 120 loss: 0.0879
[Epoch 307] step 130 loss: 0.1002
[Epoch 307] step 140 loss: 0.0729
[Epoch 307] step 150 loss: 0.0864
[Epoch 307] step 160 loss: 0.0811
[Epoch 307] step 170 loss: 0.1015
[Epoch 307] step 180 loss: 0.0509
[Epoch 307] step 190 loss: 0.0669
[Epoch 307] step 200 loss: 0.0810
[Epoch 307] step 210 loss: 0.1332
[Epoch 307] step 220 loss: 0.1250
[Epoch 307] step 230 loss: 0.1190
[Epoch 307] step 240 loss: 0.1127
[Epoch 307] step 250 loss: 0.1428
[Epoch 307] step 260 loss: 0.0712
[Epoch 307] step 270 loss: 0.0744
[Epoch 307] step 280 loss: 0.0732
[Epoch 307] step 290 loss: 0.0959
[Epoch 307] step 300 loss: 0.0773
[Epoch 307] step 310 loss: 0.0805
[Epoch 307] step 320 loss: 0.0858
[Epoch 307] step 330 loss: 0.0913
[Epoch 307] step 340 loss: 0.0991
[Epoch 307] step 350 loss: 0.0969
[Epoch 307] step 360 loss: 0.0921
[Epoch 307] step 370 loss: 0.0767
[Epoch 307] step 380 loss: 0.0598
[Epoch 307] step 390 loss: 0.0508
[Epoch 307] step 400 loss: 0.0879
[Epoch 307] step 410 loss: 0.0725
[Epoch 307] step 420 loss: 0.0349
[Epoch 307] step 430 loss: 0.0766
[Epoch 307] step 440 loss: 0.0760
[Epoch 307] step 450 loss: 0.0563
[Epoch 307] step 460 loss: 0.1099
[Epoch 307] step 470 loss: 0.0527
[Epoch 307] step 480 loss: 0.1131
[Epoch 307] step 490 loss: 0.0563
[Epoch 307] step 500 loss: 0.1357
[Epoch 307] step 510 loss: 0.0678
[Epoch 307] step 520 loss: 0.0775
[Epoch 307] step 530 loss: 0.0858
[Epoch 307] step 540 loss: 0.0926
[Epoch 307] step 550 loss: 0.1049
[Epoch 307] step 560 loss: 0.1303
[Epoch 307] step 570 loss: 0.0820
[Epoch 307] step 580 loss: 0.0617
[Epoch 307] step 590 loss: 0.0526
[Epoch 307] step 600 loss: 0.1058
[Epoch 307] step 610 loss: 0.1067
[Epoch 307] step 620 loss: 0.0900
[Epoch 307] step 630 loss: 0.0700
[Epoch 307] step 640 loss: 0.0632
[Epoch 307] step 650 loss: 0.1059
[Epoch 307] step 660 loss: 0.0994
[Epoch 307] step 670 loss: 0.1317
[Epoch 307] step 680 loss: 0.0499
[Epoch 307] step 690 loss: 0.1089
[Epoch 307] step 700 loss: 0.1399
[Epoch 307] step 710 loss: 0.0751
[Epoch 307] step 720 loss: 0.0513
[Epoch 307] step 730 loss: 0.1085
[Epoch 307] step 740 loss: 0.1233
[Epoch 307] step 750 loss: 0.1293
[Epoch 307] step 760 loss: 0.1094
[Epoch 307] step 770 loss: 0.0781
[Epoch 307] step 780 loss: 0.0860
[Epoch 307] step 790 loss: 0.0964
[Epoch 307] step 800 loss: 0.1093
[Epoch 307] step 810 loss: 0.1294
==== Epoch 307 avg loss: 0.0909 ====
[Epoch 308] step 0 loss: 0.1027
[Epoch 308] step 10 loss: 0.1013
[Epoch 308] step 20 loss: 0.0879
[Epoch 308] step 30 loss: 0.1059
[Epoch 308] step 40 loss: 0.0774
[Epoch 308] step 50 loss: 0.0412
[Epoch 308] step 60 loss: 0.0770
[Epoch 308] step 70 loss: 0.0647
[Epoch 308] step 80 loss: 0.1069
[Epoch 308] step 90 loss: 0.0614
[Epoch 308] step 100 loss: 0.1307
[Epoch 308] step 110 loss: 0.0745
[Epoch 308] step 120 loss: 0.1240
[Epoch 308] step 130 loss: 0.1508
[Epoch 308] step 140 loss: 0.1007
[Epoch 308] step 150 loss: 0.0783
[Epoch 308] step 160 loss: 0.0710
[Epoch 308] step 170 loss: 0.0936
[Epoch 308] step 180 loss: 0.0587
[Epoch 308] step 190 loss: 0.1706
[Epoch 308] step 200 loss: 0.0891
[Epoch 308] step 210 loss: 0.0853
[Epoch 308] step 220 loss: 0.1105
[Epoch 308] step 230 loss: 0.0950
[Epoch 308] step 240 loss: 0.0703
[Epoch 308] step 250 loss: 0.0876
[Epoch 308] step 260 loss: 0.0607
[Epoch 308] step 270 loss: 0.1193
[Epoch 308] step 280 loss: 0.1058
[Epoch 308] step 290 loss: 0.1097
[Epoch 308] step 300 loss: 0.0554
[Epoch 308] step 310 loss: 0.1045
[Epoch 308] step 320 loss: 0.0599
[Epoch 308] step 330 loss: 0.0874
[Epoch 308] step 340 loss: 0.1180
[Epoch 308] step 350 loss: 0.0914
[Epoch 308] step 360 loss: 0.0803
[Epoch 308] step 370 loss: 0.1196
[Epoch 308] step 380 loss: 0.0698
[Epoch 308] step 390 loss: 0.0878
[Epoch 308] step 400 loss: 0.0945
[Epoch 308] step 410 loss: 0.1209
[Epoch 308] step 420 loss: 0.1190
[Epoch 308] step 430 loss: 0.1260
[Epoch 308] step 440 loss: 0.0810
[Epoch 308] step 450 loss: 0.1101
[Epoch 308] step 460 loss: 0.1373
[Epoch 308] step 470 loss: 0.1339
[Epoch 308] step 480 loss: 0.1813
[Epoch 308] step 490 loss: 0.0801
[Epoch 308] step 500 loss: 0.1167
[Epoch 308] step 510 loss: 0.1126
[Epoch 308] step 520 loss: 0.0827
[Epoch 308] step 530 loss: 0.1106
[Epoch 308] step 540 loss: 0.1025
[Epoch 308] step 550 loss: 0.0525
[Epoch 308] step 560 loss: 0.0854
[Epoch 308] step 570 loss: 0.1164
[Epoch 308] step 580 loss: 0.1125
[Epoch 308] step 590 loss: 0.0977
[Epoch 308] step 600 loss: 0.0857
[Epoch 308] step 610 loss: 0.1030
[Epoch 308] step 620 loss: 0.0965
[Epoch 308] step 630 loss: 0.0447
[Epoch 308] step 640 loss: 0.1240
[Epoch 308] step 650 loss: 0.1271
[Epoch 308] step 660 loss: 0.1350
[Epoch 308] step 670 loss: 0.0854
[Epoch 308] step 680 loss: 0.1287
[Epoch 308] step 690 loss: 0.0873
[Epoch 308] step 700 loss: 0.0621
[Epoch 308] step 710 loss: 0.1227
[Epoch 308] step 720 loss: 0.0604
[Epoch 308] step 730 loss: 0.1081
[Epoch 308] step 740 loss: 0.1700
[Epoch 308] step 750 loss: 0.1179
[Epoch 308] step 760 loss: 0.0625
[Epoch 308] step 770 loss: 0.0672
[Epoch 308] step 780 loss: 0.0985
[Epoch 308] step 790 loss: 0.1183
[Epoch 308] step 800 loss: 0.0428
[Epoch 308] step 810 loss: 0.0515
==== Epoch 308 avg loss: 0.0987 ====
[Epoch 309] step 0 loss: 0.0887
[Epoch 309] step 10 loss: 0.0525
[Epoch 309] step 20 loss: 0.1051
[Epoch 309] step 30 loss: 0.1390
[Epoch 309] step 40 loss: 0.0552
[Epoch 309] step 50 loss: 0.0944
[Epoch 309] step 60 loss: 0.0949
[Epoch 309] step 70 loss: 0.0886
[Epoch 309] step 80 loss: 0.1115
[Epoch 309] step 90 loss: 0.0985
[Epoch 309] step 100 loss: 0.1006
[Epoch 309] step 110 loss: 0.1201
[Epoch 309] step 120 loss: 0.0977
[Epoch 309] step 130 loss: 0.0647
[Epoch 309] step 140 loss: 0.0473
[Epoch 309] step 150 loss: 0.0380
[Epoch 309] step 160 loss: 0.0988
[Epoch 309] step 170 loss: 0.0532
[Epoch 309] step 180 loss: 0.0882
[Epoch 309] step 190 loss: 0.0807
[Epoch 309] step 200 loss: 0.1244
[Epoch 309] step 210 loss: 0.0887
[Epoch 309] step 220 loss: 0.0443
[Epoch 309] step 230 loss: 0.1120
[Epoch 309] step 240 loss: 0.0678
[Epoch 309] step 250 loss: 0.0991
[Epoch 309] step 260 loss: 0.0704
[Epoch 309] step 270 loss: 0.1229
[Epoch 309] step 280 loss: 0.0677
[Epoch 309] step 290 loss: 0.1100
[Epoch 309] step 300 loss: 0.0614
[Epoch 309] step 310 loss: 0.1005
[Epoch 309] step 320 loss: 0.1042
[Epoch 309] step 330 loss: 0.0828
[Epoch 309] step 340 loss: 0.0893
[Epoch 309] step 350 loss: 0.0788
[Epoch 309] step 360 loss: 0.0864
[Epoch 309] step 370 loss: 0.1024
[Epoch 309] step 380 loss: 0.1083
[Epoch 309] step 390 loss: 0.0717
[Epoch 309] step 400 loss: 0.0671
[Epoch 309] step 410 loss: 0.1090
[Epoch 309] step 420 loss: 0.1002
[Epoch 309] step 430 loss: 0.1144
[Epoch 309] step 440 loss: 0.0915
[Epoch 309] step 450 loss: 0.1004
[Epoch 309] step 460 loss: 0.1212
[Epoch 309] step 470 loss: 0.1008
[Epoch 309] step 480 loss: 0.1013
[Epoch 309] step 490 loss: 0.1011
[Epoch 309] step 500 loss: 0.0696
[Epoch 309] step 510 loss: 0.0657
[Epoch 309] step 520 loss: 0.1201
[Epoch 309] step 530 loss: 0.0699
[Epoch 309] step 540 loss: 0.0852
[Epoch 309] step 550 loss: 0.0961
[Epoch 309] step 560 loss: 0.0941
[Epoch 309] step 570 loss: 0.0894
[Epoch 309] step 580 loss: 0.1070
[Epoch 309] step 590 loss: 0.0664
[Epoch 309] step 600 loss: 0.0895
[Epoch 309] step 610 loss: 0.1188
[Epoch 309] step 620 loss: 0.0912
[Epoch 309] step 630 loss: 0.1412
[Epoch 309] step 640 loss: 0.0896
[Epoch 309] step 650 loss: 0.1151
[Epoch 309] step 660 loss: 0.0846
[Epoch 309] step 670 loss: 0.0951
[Epoch 309] step 680 loss: 0.0698
[Epoch 309] step 690 loss: 0.0974
[Epoch 309] step 700 loss: 0.0534
[Epoch 309] step 710 loss: 0.0663
[Epoch 309] step 720 loss: 0.1153
[Epoch 309] step 730 loss: 0.0966
[Epoch 309] step 740 loss: 0.1715
[Epoch 309] step 750 loss: 0.0789
[Epoch 309] step 760 loss: 0.1090
[Epoch 309] step 770 loss: 0.0665
[Epoch 309] step 780 loss: 0.0629
[Epoch 309] step 790 loss: 0.1087
[Epoch 309] step 800 loss: 0.0618
[Epoch 309] step 810 loss: 0.1031
==== Epoch 309 avg loss: 0.0964 ====
[Epoch 310] step 0 loss: 0.0812
[Epoch 310] step 10 loss: 0.1760
[Epoch 310] step 20 loss: 0.1036
[Epoch 310] step 30 loss: 0.0826
[Epoch 310] step 40 loss: 0.0686
[Epoch 310] step 50 loss: 0.1069
[Epoch 310] step 60 loss: 0.0864
[Epoch 310] step 70 loss: 0.0920
[Epoch 310] step 80 loss: 0.0943
[Epoch 310] step 90 loss: 0.0683
[Epoch 310] step 100 loss: 0.0491
[Epoch 310] step 110 loss: 0.0819
[Epoch 310] step 120 loss: 0.0902
[Epoch 310] step 130 loss: 0.1111
[Epoch 310] step 140 loss: 0.0719
[Epoch 310] step 150 loss: 0.1849
[Epoch 310] step 160 loss: 0.1023
[Epoch 310] step 170 loss: 0.0757
[Epoch 310] step 180 loss: 0.1097
[Epoch 310] step 190 loss: 0.0801
[Epoch 310] step 200 loss: 0.1092
[Epoch 310] step 210 loss: 0.0534
[Epoch 310] step 220 loss: 0.1162
[Epoch 310] step 230 loss: 0.0615
[Epoch 310] step 240 loss: 0.0808
[Epoch 310] step 250 loss: 0.0729
[Epoch 310] step 260 loss: 0.0721
[Epoch 310] step 270 loss: 0.0570
[Epoch 310] step 280 loss: 0.0957
[Epoch 310] step 290 loss: 0.0405
[Epoch 310] step 300 loss: 0.1021
[Epoch 310] step 310 loss: 0.0796
[Epoch 310] step 320 loss: 0.0734
[Epoch 310] step 330 loss: 0.1223
[Epoch 310] step 340 loss: 0.0521
[Epoch 310] step 350 loss: 0.0682
[Epoch 310] step 360 loss: 0.0823
[Epoch 310] step 370 loss: 0.0474
[Epoch 310] step 380 loss: 0.0397
[Epoch 310] step 390 loss: 0.0564
[Epoch 310] step 400 loss: 0.0386
[Epoch 310] step 410 loss: 0.0712
[Epoch 310] step 420 loss: 0.1223
[Epoch 310] step 430 loss: 0.0493
[Epoch 310] step 440 loss: 0.1245
[Epoch 310] step 450 loss: 0.1358
[Epoch 310] step 460 loss: 0.0828
[Epoch 310] step 470 loss: 0.0956
[Epoch 310] step 480 loss: 0.1262
[Epoch 310] step 490 loss: 0.0372
[Epoch 310] step 500 loss: 0.0465
[Epoch 310] step 510 loss: 0.0321
[Epoch 310] step 520 loss: 0.0994
[Epoch 310] step 530 loss: 0.0783
[Epoch 310] step 540 loss: 0.0490
[Epoch 310] step 550 loss: 0.0645
[Epoch 310] step 560 loss: 0.0964
[Epoch 310] step 570 loss: 0.1094
[Epoch 310] step 580 loss: 0.0643
[Epoch 310] step 590 loss: 0.0500
[Epoch 310] step 600 loss: 0.0666
[Epoch 310] step 610 loss: 0.0644
[Epoch 310] step 620 loss: 0.0816
[Epoch 310] step 630 loss: 0.0615
[Epoch 310] step 640 loss: 0.0818
[Epoch 310] step 650 loss: 0.1088
[Epoch 310] step 660 loss: 0.0640
[Epoch 310] step 670 loss: 0.1131
[Epoch 310] step 680 loss: 0.1241
[Epoch 310] step 690 loss: 0.1100
[Epoch 310] step 700 loss: 0.1414
[Epoch 310] step 710 loss: 0.0980
[Epoch 310] step 720 loss: 0.0832
[Epoch 310] step 730 loss: 0.0794
[Epoch 310] step 740 loss: 0.0555
[Epoch 310] step 750 loss: 0.1091
[Epoch 310] step 760 loss: 0.0844
[Epoch 310] step 770 loss: 0.1381
[Epoch 310] step 780 loss: 0.1447
[Epoch 310] step 790 loss: 0.1208
[Epoch 310] step 800 loss: 0.1445
[Epoch 310] step 810 loss: 0.1101
==== Epoch 310 avg loss: 0.0889 ====
[Epoch 311] step 0 loss: 0.0816
[Epoch 311] step 10 loss: 0.0787
[Epoch 311] step 20 loss: 0.0266
[Epoch 311] step 30 loss: 0.0981
[Epoch 311] step 40 loss: 0.0934
[Epoch 311] step 50 loss: 0.0677
[Epoch 311] step 60 loss: 0.1550
[Epoch 311] step 70 loss: 0.1156
[Epoch 311] step 80 loss: 0.1210
[Epoch 311] step 90 loss: 0.1861
[Epoch 311] step 100 loss: 0.1302
[Epoch 311] step 110 loss: 0.0797
[Epoch 311] step 120 loss: 0.1036
[Epoch 311] step 130 loss: 0.1022
[Epoch 311] step 140 loss: 0.0584
[Epoch 311] step 150 loss: 0.1353
[Epoch 311] step 160 loss: 0.0793
[Epoch 311] step 170 loss: 0.1360
[Epoch 311] step 180 loss: 0.0872
[Epoch 311] step 190 loss: 0.1180
[Epoch 311] step 200 loss: 0.1519
[Epoch 311] step 210 loss: 0.0827
[Epoch 311] step 220 loss: 0.1196
[Epoch 311] step 230 loss: 0.1501
[Epoch 311] step 240 loss: 0.0426
[Epoch 311] step 250 loss: 0.0791
[Epoch 311] step 260 loss: 0.0852
[Epoch 311] step 270 loss: 0.0872
[Epoch 311] step 280 loss: 0.1087
[Epoch 311] step 290 loss: 0.1962
[Epoch 311] step 300 loss: 0.0952
[Epoch 311] step 310 loss: 0.0992
[Epoch 311] step 320 loss: 0.0386
[Epoch 311] step 330 loss: 0.1125
[Epoch 311] step 340 loss: 0.0904
[Epoch 311] step 350 loss: 0.0657
[Epoch 311] step 360 loss: 0.1411
[Epoch 311] step 370 loss: 0.1008
[Epoch 311] step 380 loss: 0.1291
[Epoch 311] step 390 loss: 0.0931
[Epoch 311] step 400 loss: 0.0777
[Epoch 311] step 410 loss: 0.0905
[Epoch 311] step 420 loss: 0.1473
[Epoch 311] step 430 loss: 0.0958
[Epoch 311] step 440 loss: 0.0838
[Epoch 311] step 450 loss: 0.1157
[Epoch 311] step 460 loss: 0.1735
[Epoch 311] step 470 loss: 0.0644
[Epoch 311] step 480 loss: 0.0483
[Epoch 311] step 490 loss: 0.1396
[Epoch 311] step 500 loss: 0.0981
[Epoch 311] step 510 loss: 0.0908
[Epoch 311] step 520 loss: 0.0748
[Epoch 311] step 530 loss: 0.1344
[Epoch 311] step 540 loss: 0.1175
[Epoch 311] step 550 loss: 0.1128
[Epoch 311] step 560 loss: 0.1432
[Epoch 311] step 570 loss: 0.1392
[Epoch 311] step 580 loss: 0.0736
[Epoch 311] step 590 loss: 0.1653
[Epoch 311] step 600 loss: 0.1017
[Epoch 311] step 610 loss: 0.1478
[Epoch 311] step 620 loss: 0.0880
[Epoch 311] step 630 loss: 0.0484
[Epoch 311] step 640 loss: 0.0539
[Epoch 311] step 650 loss: 0.1083
[Epoch 311] step 660 loss: 0.1183
[Epoch 311] step 670 loss: 0.0871
[Epoch 311] step 680 loss: 0.0933
[Epoch 311] step 690 loss: 0.1006
[Epoch 311] step 700 loss: 0.1162
[Epoch 311] step 710 loss: 0.0830
[Epoch 311] step 720 loss: 0.1041
[Epoch 311] step 730 loss: 0.0871
[Epoch 311] step 740 loss: 0.0962
[Epoch 311] step 750 loss: 0.1079
[Epoch 311] step 760 loss: 0.0702
[Epoch 311] step 770 loss: 0.0661
[Epoch 311] step 780 loss: 0.0893
[Epoch 311] step 790 loss: 0.0754
[Epoch 311] step 800 loss: 0.0594
[Epoch 311] step 810 loss: 0.1138
==== Epoch 311 avg loss: 0.0971 ====
[Epoch 312] step 0 loss: 0.1172
[Epoch 312] step 10 loss: 0.0475
[Epoch 312] step 20 loss: 0.0617
[Epoch 312] step 30 loss: 0.0901
[Epoch 312] step 40 loss: 0.1193
[Epoch 312] step 50 loss: 0.0384
[Epoch 312] step 60 loss: 0.0906
[Epoch 312] step 70 loss: 0.1041
[Epoch 312] step 80 loss: 0.0442
[Epoch 312] step 90 loss: 0.0645
[Epoch 312] step 100 loss: 0.0544
[Epoch 312] step 110 loss: 0.0925
[Epoch 312] step 120 loss: 0.0816
[Epoch 312] step 130 loss: 0.1249
[Epoch 312] step 140 loss: 0.0849
[Epoch 312] step 150 loss: 0.1004
[Epoch 312] step 160 loss: 0.0835
[Epoch 312] step 170 loss: 0.1484
[Epoch 312] step 180 loss: 0.1001
[Epoch 312] step 190 loss: 0.1316
[Epoch 312] step 200 loss: 0.1167
[Epoch 312] step 210 loss: 0.0655
[Epoch 312] step 220 loss: 0.1094
[Epoch 312] step 230 loss: 0.0681
[Epoch 312] step 240 loss: 0.0967
[Epoch 312] step 250 loss: 0.0829
[Epoch 312] step 260 loss: 0.1246
[Epoch 312] step 270 loss: 0.1510
[Epoch 312] step 280 loss: 0.1018
[Epoch 312] step 290 loss: 0.1200
[Epoch 312] step 300 loss: 0.0483
[Epoch 312] step 310 loss: 0.1764
[Epoch 312] step 320 loss: 0.0841
[Epoch 312] step 330 loss: 0.0630
[Epoch 312] step 340 loss: 0.0375
[Epoch 312] step 350 loss: 0.0394
[Epoch 312] step 360 loss: 0.1496
[Epoch 312] step 370 loss: 0.1407
[Epoch 312] step 380 loss: 0.1003
[Epoch 312] step 390 loss: 0.1547
[Epoch 312] step 400 loss: 0.1352
[Epoch 312] step 410 loss: 0.0697
[Epoch 312] step 420 loss: 0.0694
[Epoch 312] step 430 loss: 0.0595
[Epoch 312] step 440 loss: 0.0884
[Epoch 312] step 450 loss: 0.0726
[Epoch 312] step 460 loss: 0.0821
[Epoch 312] step 470 loss: 0.0937
[Epoch 312] step 480 loss: 0.1051
[Epoch 312] step 490 loss: 0.0997
[Epoch 312] step 500 loss: 0.0719
[Epoch 312] step 510 loss: 0.1225
[Epoch 312] step 520 loss: 0.0744
[Epoch 312] step 530 loss: 0.0696
[Epoch 312] step 540 loss: 0.1451
[Epoch 312] step 550 loss: 0.0843
[Epoch 312] step 560 loss: 0.1922
[Epoch 312] step 570 loss: 0.1856
[Epoch 312] step 580 loss: 0.0983
[Epoch 312] step 590 loss: 0.0358
[Epoch 312] step 600 loss: 0.0694
[Epoch 312] step 610 loss: 0.0990
[Epoch 312] step 620 loss: 0.1024
[Epoch 312] step 630 loss: 0.0952
[Epoch 312] step 640 loss: 0.0910
[Epoch 312] step 650 loss: 0.1315
[Epoch 312] step 660 loss: 0.1056
[Epoch 312] step 670 loss: 0.1387
[Epoch 312] step 680 loss: 0.0597
[Epoch 312] step 690 loss: 0.0328
[Epoch 312] step 700 loss: 0.1540
[Epoch 312] step 710 loss: 0.1234
[Epoch 312] step 720 loss: 0.0767
[Epoch 312] step 730 loss: 0.1528
[Epoch 312] step 740 loss: 0.0653
[Epoch 312] step 750 loss: 0.1319
[Epoch 312] step 760 loss: 0.1218
[Epoch 312] step 770 loss: 0.1313
[Epoch 312] step 780 loss: 0.1426
[Epoch 312] step 790 loss: 0.0754
[Epoch 312] step 800 loss: 0.0709
[Epoch 312] step 810 loss: 0.0656
==== Epoch 312 avg loss: 0.0976 ====
[Epoch 313] step 0 loss: 0.1080
[Epoch 313] step 10 loss: 0.1340
[Epoch 313] step 20 loss: 0.0802
[Epoch 313] step 30 loss: 0.1195
[Epoch 313] step 40 loss: 0.0925
[Epoch 313] step 50 loss: 0.0899
[Epoch 313] step 60 loss: 0.0975
[Epoch 313] step 70 loss: 0.0570
[Epoch 313] step 80 loss: 0.0381
[Epoch 313] step 90 loss: 0.0801
[Epoch 313] step 100 loss: 0.1087
[Epoch 313] step 110 loss: 0.0923
[Epoch 313] step 120 loss: 0.1077
[Epoch 313] step 130 loss: 0.0754
[Epoch 313] step 140 loss: 0.0849
[Epoch 313] step 150 loss: 0.0582
[Epoch 313] step 160 loss: 0.0783
[Epoch 313] step 170 loss: 0.0901
[Epoch 313] step 180 loss: 0.0729
[Epoch 313] step 190 loss: 0.1023
[Epoch 313] step 200 loss: 0.1117
[Epoch 313] step 210 loss: 0.0967
[Epoch 313] step 220 loss: 0.0958
[Epoch 313] step 230 loss: 0.0875
[Epoch 313] step 240 loss: 0.0369
[Epoch 313] step 250 loss: 0.1338
[Epoch 313] step 260 loss: 0.0907
[Epoch 313] step 270 loss: 0.0872
[Epoch 313] step 280 loss: 0.0688
[Epoch 313] step 290 loss: 0.0615
[Epoch 313] step 300 loss: 0.0795
[Epoch 313] step 310 loss: 0.0705
[Epoch 313] step 320 loss: 0.0574
[Epoch 313] step 330 loss: 0.0377
[Epoch 313] step 340 loss: 0.0900
[Epoch 313] step 350 loss: 0.1002
[Epoch 313] step 360 loss: 0.0435
[Epoch 313] step 370 loss: 0.0872
[Epoch 313] step 380 loss: 0.0498
[Epoch 313] step 390 loss: 0.0704
[Epoch 313] step 400 loss: 0.0608
[Epoch 313] step 410 loss: 0.1177
[Epoch 313] step 420 loss: 0.1108
[Epoch 313] step 430 loss: 0.0771
[Epoch 313] step 440 loss: 0.0762
[Epoch 313] step 450 loss: 0.1319
[Epoch 313] step 460 loss: 0.1139
[Epoch 313] step 470 loss: 0.0753
[Epoch 313] step 480 loss: 0.1006
[Epoch 313] step 490 loss: 0.1150
[Epoch 313] step 500 loss: 0.1059
[Epoch 313] step 510 loss: 0.0634
[Epoch 313] step 520 loss: 0.1364
[Epoch 313] step 530 loss: 0.0871
[Epoch 313] step 540 loss: 0.0653
[Epoch 313] step 550 loss: 0.0469
[Epoch 313] step 560 loss: 0.1224
[Epoch 313] step 570 loss: 0.0882
[Epoch 313] step 580 loss: 0.1064
[Epoch 313] step 590 loss: 0.0897
[Epoch 313] step 600 loss: 0.0790
[Epoch 313] step 610 loss: 0.0742
[Epoch 313] step 620 loss: 0.0722
[Epoch 313] step 630 loss: 0.0867
[Epoch 313] step 640 loss: 0.1084
[Epoch 313] step 650 loss: 0.0821
[Epoch 313] step 660 loss: 0.0884
[Epoch 313] step 670 loss: 0.0927
[Epoch 313] step 680 loss: 0.0641
[Epoch 313] step 690 loss: 0.1160
[Epoch 313] step 700 loss: 0.1142
[Epoch 313] step 710 loss: 0.0414
[Epoch 313] step 720 loss: 0.1037
[Epoch 313] step 730 loss: 0.1030
[Epoch 313] step 740 loss: 0.1480
[Epoch 313] step 750 loss: 0.0647
[Epoch 313] step 760 loss: 0.0868
[Epoch 313] step 770 loss: 0.0584
[Epoch 313] step 780 loss: 0.0664
[Epoch 313] step 790 loss: 0.1438
[Epoch 313] step 800 loss: 0.0689
[Epoch 313] step 810 loss: 0.1351
==== Epoch 313 avg loss: 0.0925 ====
[Epoch 314] step 0 loss: 0.0571
[Epoch 314] step 10 loss: 0.0880
[Epoch 314] step 20 loss: 0.0816
[Epoch 314] step 30 loss: 0.1448
[Epoch 314] step 40 loss: 0.1139
[Epoch 314] step 50 loss: 0.0717
[Epoch 314] step 60 loss: 0.1101
[Epoch 314] step 70 loss: 0.1168
[Epoch 314] step 80 loss: 0.1053
[Epoch 314] step 90 loss: 0.0585
[Epoch 314] step 100 loss: 0.1240
[Epoch 314] step 110 loss: 0.0853
[Epoch 314] step 120 loss: 0.1037
[Epoch 314] step 130 loss: 0.0879
[Epoch 314] step 140 loss: 0.1121
[Epoch 314] step 150 loss: 0.1341
[Epoch 314] step 160 loss: 0.0617
[Epoch 314] step 170 loss: 0.0906
[Epoch 314] step 180 loss: 0.0768
[Epoch 314] step 190 loss: 0.0834
[Epoch 314] step 200 loss: 0.0530
[Epoch 314] step 210 loss: 0.0596
[Epoch 314] step 220 loss: 0.0813
[Epoch 314] step 230 loss: 0.1367
[Epoch 314] step 240 loss: 0.0641
[Epoch 314] step 250 loss: 0.1387
[Epoch 314] step 260 loss: 0.0754
[Epoch 314] step 270 loss: 0.0975
[Epoch 314] step 280 loss: 0.0875
[Epoch 314] step 290 loss: 0.0754
[Epoch 314] step 300 loss: 0.1053
[Epoch 314] step 310 loss: 0.0828
[Epoch 314] step 320 loss: 0.1384
[Epoch 314] step 330 loss: 0.1008
[Epoch 314] step 340 loss: 0.0865
[Epoch 314] step 350 loss: 0.0845
[Epoch 314] step 360 loss: 0.1027
[Epoch 314] step 370 loss: 0.1336
[Epoch 314] step 380 loss: 0.0894
[Epoch 314] step 390 loss: 0.0661
[Epoch 314] step 400 loss: 0.0613
[Epoch 314] step 410 loss: 0.0748
[Epoch 314] step 420 loss: 0.1149
[Epoch 314] step 430 loss: 0.0398
[Epoch 314] step 440 loss: 0.1067
[Epoch 314] step 450 loss: 0.0813
[Epoch 314] step 460 loss: 0.1983
[Epoch 314] step 470 loss: 0.0488
[Epoch 314] step 480 loss: 0.0724
[Epoch 314] step 490 loss: 0.0567
[Epoch 314] step 500 loss: 0.1128
[Epoch 314] step 510 loss: 0.0389
[Epoch 314] step 520 loss: 0.1186
[Epoch 314] step 530 loss: 0.0350
[Epoch 314] step 540 loss: 0.0766
[Epoch 314] step 550 loss: 0.0522
[Epoch 314] step 560 loss: 0.0413
[Epoch 314] step 570 loss: 0.0708
[Epoch 314] step 580 loss: 0.1040
[Epoch 314] step 590 loss: 0.0722
[Epoch 314] step 600 loss: 0.1002
[Epoch 314] step 610 loss: 0.1569
[Epoch 314] step 620 loss: 0.0557
[Epoch 314] step 630 loss: 0.0681
[Epoch 314] step 640 loss: 0.1152
[Epoch 314] step 650 loss: 0.0805
[Epoch 314] step 660 loss: 0.1288
[Epoch 314] step 670 loss: 0.1175
[Epoch 314] step 680 loss: 0.0623
[Epoch 314] step 690 loss: 0.0614
[Epoch 314] step 700 loss: 0.1561
[Epoch 314] step 710 loss: 0.1092
[Epoch 314] step 720 loss: 0.0634
[Epoch 314] step 730 loss: 0.0820
[Epoch 314] step 740 loss: 0.0693
[Epoch 314] step 750 loss: 0.1428
[Epoch 314] step 760 loss: 0.1505
[Epoch 314] step 770 loss: 0.0889
[Epoch 314] step 780 loss: 0.0788
[Epoch 314] step 790 loss: 0.0701
[Epoch 314] step 800 loss: 0.1268
[Epoch 314] step 810 loss: 0.0762
==== Epoch 314 avg loss: 0.0952 ====
[Epoch 315] step 0 loss: 0.0492
[Epoch 315] step 10 loss: 0.1170
[Epoch 315] step 20 loss: 0.0449
[Epoch 315] step 30 loss: 0.1287
[Epoch 315] step 40 loss: 0.0786
[Epoch 315] step 50 loss: 0.0904
[Epoch 315] step 60 loss: 0.0926
[Epoch 315] step 70 loss: 0.0715
[Epoch 315] step 80 loss: 0.0377
[Epoch 315] step 90 loss: 0.1103
[Epoch 315] step 100 loss: 0.0681
[Epoch 315] step 110 loss: 0.1165
[Epoch 315] step 120 loss: 0.0637
[Epoch 315] step 130 loss: 0.1141
[Epoch 315] step 140 loss: 0.1446
[Epoch 315] step 150 loss: 0.1367
[Epoch 315] step 160 loss: 0.0449
[Epoch 315] step 170 loss: 0.0807
[Epoch 315] step 180 loss: 0.0542
[Epoch 315] step 190 loss: 0.0532
[Epoch 315] step 200 loss: 0.1166
[Epoch 315] step 210 loss: 0.0561
[Epoch 315] step 220 loss: 0.0985
[Epoch 315] step 230 loss: 0.0638
[Epoch 315] step 240 loss: 0.0689
[Epoch 315] step 250 loss: 0.1354
[Epoch 315] step 260 loss: 0.0358
[Epoch 315] step 270 loss: 0.0974
[Epoch 315] step 280 loss: 0.0792
[Epoch 315] step 290 loss: 0.0696
[Epoch 315] step 300 loss: 0.1407
[Epoch 315] step 310 loss: 0.1312
[Epoch 315] step 320 loss: 0.0973
[Epoch 315] step 330 loss: 0.0861
[Epoch 315] step 340 loss: 0.1434
[Epoch 315] step 350 loss: 0.1272
[Epoch 315] step 360 loss: 0.1767
[Epoch 315] step 370 loss: 0.1011
[Epoch 315] step 380 loss: 0.0811
[Epoch 315] step 390 loss: 0.0781
[Epoch 315] step 400 loss: 0.1356
[Epoch 315] step 410 loss: 0.0608
[Epoch 315] step 420 loss: 0.0609
[Epoch 315] step 430 loss: 0.0737
[Epoch 315] step 440 loss: 0.1312
[Epoch 315] step 450 loss: 0.0903
[Epoch 315] step 460 loss: 0.0700
[Epoch 315] step 470 loss: 0.0648
[Epoch 315] step 480 loss: 0.0921
[Epoch 315] step 490 loss: 0.0423
[Epoch 315] step 500 loss: 0.0775
[Epoch 315] step 510 loss: 0.0609
[Epoch 315] step 520 loss: 0.1132
[Epoch 315] step 530 loss: 0.0992
[Epoch 315] step 540 loss: 0.1235
[Epoch 315] step 550 loss: 0.0835
[Epoch 315] step 560 loss: 0.1330
[Epoch 315] step 570 loss: 0.0754
[Epoch 315] step 580 loss: 0.1549
[Epoch 315] step 590 loss: 0.0856
[Epoch 315] step 600 loss: 0.1319
[Epoch 315] step 610 loss: 0.1192
[Epoch 315] step 620 loss: 0.0365
[Epoch 315] step 630 loss: 0.0588
[Epoch 315] step 640 loss: 0.0989
[Epoch 315] step 650 loss: 0.1002
[Epoch 315] step 660 loss: 0.1116
[Epoch 315] step 670 loss: 0.1314
[Epoch 315] step 680 loss: 0.1286
[Epoch 315] step 690 loss: 0.0562
[Epoch 315] step 700 loss: 0.0839
[Epoch 315] step 710 loss: 0.0929
[Epoch 315] step 720 loss: 0.1111
[Epoch 315] step 730 loss: 0.0584
[Epoch 315] step 740 loss: 0.0795
[Epoch 315] step 750 loss: 0.1301
[Epoch 315] step 760 loss: 0.0917
[Epoch 315] step 770 loss: 0.0931
[Epoch 315] step 780 loss: 0.1141
[Epoch 315] step 790 loss: 0.0635
[Epoch 315] step 800 loss: 0.0830
[Epoch 315] step 810 loss: 0.0912
==== Epoch 315 avg loss: 0.0929 ====
[Epoch 316] step 0 loss: 0.0944
[Epoch 316] step 10 loss: 0.1030
[Epoch 316] step 20 loss: 0.0548
[Epoch 316] step 30 loss: 0.1060
[Epoch 316] step 40 loss: 0.1447
[Epoch 316] step 50 loss: 0.1413
[Epoch 316] step 60 loss: 0.1168
[Epoch 316] step 70 loss: 0.0648
[Epoch 316] step 80 loss: 0.0882
[Epoch 316] step 90 loss: 0.0270
[Epoch 316] step 100 loss: 0.1095
[Epoch 316] step 110 loss: 0.1273
[Epoch 316] step 120 loss: 0.0435
[Epoch 316] step 130 loss: 0.0757
[Epoch 316] step 140 loss: 0.0619
[Epoch 316] step 150 loss: 0.0815
[Epoch 316] step 160 loss: 0.0359
[Epoch 316] step 170 loss: 0.0681
[Epoch 316] step 180 loss: 0.0739
[Epoch 316] step 190 loss: 0.1126
[Epoch 316] step 200 loss: 0.0745
[Epoch 316] step 210 loss: 0.1310
[Epoch 316] step 220 loss: 0.0946
[Epoch 316] step 230 loss: 0.0673
[Epoch 316] step 240 loss: 0.1571
[Epoch 316] step 250 loss: 0.0491
[Epoch 316] step 260 loss: 0.0782
[Epoch 316] step 270 loss: 0.0615
[Epoch 316] step 280 loss: 0.0395
[Epoch 316] step 290 loss: 0.1325
[Epoch 316] step 300 loss: 0.0594
[Epoch 316] step 310 loss: 0.0611
[Epoch 316] step 320 loss: 0.0394
[Epoch 316] step 330 loss: 0.0814
[Epoch 316] step 340 loss: 0.1010
[Epoch 316] step 350 loss: 0.0860
[Epoch 316] step 360 loss: 0.0632
[Epoch 316] step 370 loss: 0.0747
[Epoch 316] step 380 loss: 0.0408
[Epoch 316] step 390 loss: 0.0592
[Epoch 316] step 400 loss: 0.0871
[Epoch 316] step 410 loss: 0.1057
[Epoch 316] step 420 loss: 0.1082
[Epoch 316] step 430 loss: 0.0872
[Epoch 316] step 440 loss: 0.0741
[Epoch 316] step 450 loss: 0.0620
[Epoch 316] step 460 loss: 0.0759
[Epoch 316] step 470 loss: 0.0494
[Epoch 316] step 480 loss: 0.0714
[Epoch 316] step 490 loss: 0.0844
[Epoch 316] step 500 loss: 0.0936
[Epoch 316] step 510 loss: 0.0829
[Epoch 316] step 520 loss: 0.1199
[Epoch 316] step 530 loss: 0.0675
[Epoch 316] step 540 loss: 0.0693
[Epoch 316] step 550 loss: 0.0675
[Epoch 316] step 560 loss: 0.0989
[Epoch 316] step 570 loss: 0.0694
[Epoch 316] step 580 loss: 0.0612
[Epoch 316] step 590 loss: 0.1335
[Epoch 316] step 600 loss: 0.1095
[Epoch 316] step 610 loss: 0.1058
[Epoch 316] step 620 loss: 0.0734
[Epoch 316] step 630 loss: 0.0464
[Epoch 316] step 640 loss: 0.0512
[Epoch 316] step 650 loss: 0.0820
[Epoch 316] step 660 loss: 0.0376
[Epoch 316] step 670 loss: 0.0397
[Epoch 316] step 680 loss: 0.1324
[Epoch 316] step 690 loss: 0.1239
[Epoch 316] step 700 loss: 0.0410
[Epoch 316] step 710 loss: 0.0618
[Epoch 316] step 720 loss: 0.0721
[Epoch 316] step 730 loss: 0.0694
[Epoch 316] step 740 loss: 0.0959
[Epoch 316] step 750 loss: 0.0697
[Epoch 316] step 760 loss: 0.0996
[Epoch 316] step 770 loss: 0.0669
[Epoch 316] step 780 loss: 0.1380
[Epoch 316] step 790 loss: 0.0344
[Epoch 316] step 800 loss: 0.1697
[Epoch 316] step 810 loss: 0.1310
==== Epoch 316 avg loss: 0.0810 ====
[Epoch 317] step 0 loss: 0.0554
[Epoch 317] step 10 loss: 0.1050
[Epoch 317] step 20 loss: 0.1224
[Epoch 317] step 30 loss: 0.0875
[Epoch 317] step 40 loss: 0.0387
[Epoch 317] step 50 loss: 0.1036
[Epoch 317] step 60 loss: 0.0816
[Epoch 317] step 70 loss: 0.1199
[Epoch 317] step 80 loss: 0.0943
[Epoch 317] step 90 loss: 0.0995
[Epoch 317] step 100 loss: 0.0800
[Epoch 317] step 110 loss: 0.1019
[Epoch 317] step 120 loss: 0.1443
[Epoch 317] step 130 loss: 0.0891
[Epoch 317] step 140 loss: 0.1338
[Epoch 317] step 150 loss: 0.0757
[Epoch 317] step 160 loss: 0.0508
[Epoch 317] step 170 loss: 0.0872
[Epoch 317] step 180 loss: 0.0958
[Epoch 317] step 190 loss: 0.0652
[Epoch 317] step 200 loss: 0.1024
[Epoch 317] step 210 loss: 0.0822
[Epoch 317] step 220 loss: 0.0517
[Epoch 317] step 230 loss: 0.0654
[Epoch 317] step 240 loss: 0.1041
[Epoch 317] step 250 loss: 0.0631
[Epoch 317] step 260 loss: 0.0528
[Epoch 317] step 270 loss: 0.0601
[Epoch 317] step 280 loss: 0.1015
[Epoch 317] step 290 loss: 0.1554
[Epoch 317] step 300 loss: 0.1020
[Epoch 317] step 310 loss: 0.0876
[Epoch 317] step 320 loss: 0.0588
[Epoch 317] step 330 loss: 0.1271
[Epoch 317] step 340 loss: 0.1271
[Epoch 317] step 350 loss: 0.0564
[Epoch 317] step 360 loss: 0.0714
[Epoch 317] step 370 loss: 0.1020
[Epoch 317] step 380 loss: 0.0817
[Epoch 317] step 390 loss: 0.0334
[Epoch 317] step 400 loss: 0.0614
[Epoch 317] step 410 loss: 0.0364
[Epoch 317] step 420 loss: 0.1098
[Epoch 317] step 430 loss: 0.1387
[Epoch 317] step 440 loss: 0.1091
[Epoch 317] step 450 loss: 0.0359
[Epoch 317] step 460 loss: 0.1042
[Epoch 317] step 470 loss: 0.0263
[Epoch 317] step 480 loss: 0.0885
[Epoch 317] step 490 loss: 0.0619
[Epoch 317] step 500 loss: 0.1254
[Epoch 317] step 510 loss: 0.0385
[Epoch 317] step 520 loss: 0.0330
[Epoch 317] step 530 loss: 0.1071
[Epoch 317] step 540 loss: 0.1044
[Epoch 317] step 550 loss: 0.0458
[Epoch 317] step 560 loss: 0.1442
[Epoch 317] step 570 loss: 0.0618
[Epoch 317] step 580 loss: 0.0968
[Epoch 317] step 590 loss: 0.0936
[Epoch 317] step 600 loss: 0.0740
[Epoch 317] step 610 loss: 0.0994
[Epoch 317] step 620 loss: 0.0465
[Epoch 317] step 630 loss: 0.0907
[Epoch 317] step 640 loss: 0.1127
[Epoch 317] step 650 loss: 0.1096
[Epoch 317] step 660 loss: 0.1230
[Epoch 317] step 670 loss: 0.1053
[Epoch 317] step 680 loss: 0.0984
[Epoch 317] step 690 loss: 0.0949
[Epoch 317] step 700 loss: 0.0609
[Epoch 317] step 710 loss: 0.0651
[Epoch 317] step 720 loss: 0.0693
[Epoch 317] step 730 loss: 0.0762
[Epoch 317] step 740 loss: 0.0577
[Epoch 317] step 750 loss: 0.1822
[Epoch 317] step 760 loss: 0.1201
[Epoch 317] step 770 loss: 0.0572
[Epoch 317] step 780 loss: 0.0765
[Epoch 317] step 790 loss: 0.0924
[Epoch 317] step 800 loss: 0.0896
[Epoch 317] step 810 loss: 0.0482
==== Epoch 317 avg loss: 0.0954 ====
[Epoch 318] step 0 loss: 0.0979
[Epoch 318] step 10 loss: 0.0696
[Epoch 318] step 20 loss: 0.0672
[Epoch 318] step 30 loss: 0.1051
[Epoch 318] step 40 loss: 0.0647
[Epoch 318] step 50 loss: 0.1268
[Epoch 318] step 60 loss: 0.1260
[Epoch 318] step 70 loss: 0.0704
[Epoch 318] step 80 loss: 0.1204
[Epoch 318] step 90 loss: 0.0470
[Epoch 318] step 100 loss: 0.1017
[Epoch 318] step 110 loss: 0.0858
[Epoch 318] step 120 loss: 0.1295
[Epoch 318] step 130 loss: 0.1622
[Epoch 318] step 140 loss: 0.0828
[Epoch 318] step 150 loss: 0.0871
[Epoch 318] step 160 loss: 0.0339
[Epoch 318] step 170 loss: 0.1113
[Epoch 318] step 180 loss: 0.1779
[Epoch 318] step 190 loss: 0.0473
[Epoch 318] step 200 loss: 0.1028
[Epoch 318] step 210 loss: 0.1321
[Epoch 318] step 220 loss: 0.1916
[Epoch 318] step 230 loss: 0.0962
[Epoch 318] step 240 loss: 0.0765
[Epoch 318] step 250 loss: 0.0947
[Epoch 318] step 260 loss: 0.0882
[Epoch 318] step 270 loss: 0.1328
[Epoch 318] step 280 loss: 0.0970
[Epoch 318] step 290 loss: 0.0997
[Epoch 318] step 300 loss: 0.0775
[Epoch 318] step 310 loss: 0.1238
[Epoch 318] step 320 loss: 0.0565
[Epoch 318] step 330 loss: 0.0864
[Epoch 318] step 340 loss: 0.1196
[Epoch 318] step 350 loss: 0.0725
[Epoch 318] step 360 loss: 0.0646
[Epoch 318] step 370 loss: 0.0798
[Epoch 318] step 380 loss: 0.0694
[Epoch 318] step 390 loss: 0.0674
[Epoch 318] step 400 loss: 0.0541
[Epoch 318] step 410 loss: 0.0599
[Epoch 318] step 420 loss: 0.0441
[Epoch 318] step 430 loss: 0.0514
[Epoch 318] step 440 loss: 0.1045
[Epoch 318] step 450 loss: 0.1330
[Epoch 318] step 460 loss: 0.0744
[Epoch 318] step 470 loss: 0.1502
[Epoch 318] step 480 loss: 0.1264
[Epoch 318] step 490 loss: 0.1342
[Epoch 318] step 500 loss: 0.0764
[Epoch 318] step 510 loss: 0.0430
[Epoch 318] step 520 loss: 0.1113
[Epoch 318] step 530 loss: 0.1282
[Epoch 318] step 540 loss: 0.1055
[Epoch 318] step 550 loss: 0.1303
[Epoch 318] step 560 loss: 0.1177
[Epoch 318] step 570 loss: 0.0752
[Epoch 318] step 580 loss: 0.0861
[Epoch 318] step 590 loss: 0.0689
[Epoch 318] step 600 loss: 0.1344
[Epoch 318] step 610 loss: 0.1098
[Epoch 318] step 620 loss: 0.1152
[Epoch 318] step 630 loss: 0.0877
[Epoch 318] step 640 loss: 0.1062
[Epoch 318] step 650 loss: 0.1194
[Epoch 318] step 660 loss: 0.0701
[Epoch 318] step 670 loss: 0.0814
[Epoch 318] step 680 loss: 0.0722
[Epoch 318] step 690 loss: 0.0386
[Epoch 318] step 700 loss: 0.1073
[Epoch 318] step 710 loss: 0.0567
[Epoch 318] step 720 loss: 0.0737
[Epoch 318] step 730 loss: 0.0662
[Epoch 318] step 740 loss: 0.1217
[Epoch 318] step 750 loss: 0.1329
[Epoch 318] step 760 loss: 0.0771
[Epoch 318] step 770 loss: 0.0846
[Epoch 318] step 780 loss: 0.0631
[Epoch 318] step 790 loss: 0.0520
[Epoch 318] step 800 loss: 0.1150
[Epoch 318] step 810 loss: 0.1436
==== Epoch 318 avg loss: 0.0947 ====
[Epoch 319] step 0 loss: 0.0689
[Epoch 319] step 10 loss: 0.0542
[Epoch 319] step 20 loss: 0.0731
[Epoch 319] step 30 loss: 0.1205
[Epoch 319] step 40 loss: 0.1467
[Epoch 319] step 50 loss: 0.0906
[Epoch 319] step 60 loss: 0.0990
[Epoch 319] step 70 loss: 0.0955
[Epoch 319] step 80 loss: 0.0543
[Epoch 319] step 90 loss: 0.1100
[Epoch 319] step 100 loss: 0.0492
[Epoch 319] step 110 loss: 0.0364
[Epoch 319] step 120 loss: 0.0602
[Epoch 319] step 130 loss: 0.0762
[Epoch 319] step 140 loss: 0.1022
[Epoch 319] step 150 loss: 0.1467
[Epoch 319] step 160 loss: 0.0931
[Epoch 319] step 170 loss: 0.1105
[Epoch 319] step 180 loss: 0.1069
[Epoch 319] step 190 loss: 0.0435
[Epoch 319] step 200 loss: 0.1238
[Epoch 319] step 210 loss: 0.0838
[Epoch 319] step 220 loss: 0.0987
[Epoch 319] step 230 loss: 0.0749
[Epoch 319] step 240 loss: 0.0795
[Epoch 319] step 250 loss: 0.1710
[Epoch 319] step 260 loss: 0.1245
[Epoch 319] step 270 loss: 0.1099
[Epoch 319] step 280 loss: 0.1530
[Epoch 319] step 290 loss: 0.1135
[Epoch 319] step 300 loss: 0.0659
[Epoch 319] step 310 loss: 0.0752
[Epoch 319] step 320 loss: 0.1177
[Epoch 319] step 330 loss: 0.0331
[Epoch 319] step 340 loss: 0.0404
[Epoch 319] step 350 loss: 0.0791
[Epoch 319] step 360 loss: 0.1125
[Epoch 319] step 370 loss: 0.0982
[Epoch 319] step 380 loss: 0.1325
[Epoch 319] step 390 loss: 0.0465
[Epoch 319] step 400 loss: 0.0710
[Epoch 319] step 410 loss: 0.0506
[Epoch 319] step 420 loss: 0.0639
[Epoch 319] step 430 loss: 0.0875
[Epoch 319] step 440 loss: 0.0799
[Epoch 319] step 450 loss: 0.0319
[Epoch 319] step 460 loss: 0.0829
[Epoch 319] step 470 loss: 0.0744
[Epoch 319] step 480 loss: 0.0938
[Epoch 319] step 490 loss: 0.0904
[Epoch 319] step 500 loss: 0.0473
[Epoch 319] step 510 loss: 0.0340
[Epoch 319] step 520 loss: 0.0874
[Epoch 319] step 530 loss: 0.1057
[Epoch 319] step 540 loss: 0.0377
[Epoch 319] step 550 loss: 0.0400
[Epoch 319] step 560 loss: 0.0855
[Epoch 319] step 570 loss: 0.1590
[Epoch 319] step 580 loss: 0.1328
[Epoch 319] step 590 loss: 0.0586
[Epoch 319] step 600 loss: 0.0764
[Epoch 319] step 610 loss: 0.0817
[Epoch 319] step 620 loss: 0.0676
[Epoch 319] step 630 loss: 0.0647
[Epoch 319] step 640 loss: 0.0412
[Epoch 319] step 650 loss: 0.0657
[Epoch 319] step 660 loss: 0.0778
[Epoch 319] step 670 loss: 0.0727
[Epoch 319] step 680 loss: 0.0573
[Epoch 319] step 690 loss: 0.0792
[Epoch 319] step 700 loss: 0.0515
[Epoch 319] step 710 loss: 0.1020
[Epoch 319] step 720 loss: 0.1487
[Epoch 319] step 730 loss: 0.0815
[Epoch 319] step 740 loss: 0.1259
[Epoch 319] step 750 loss: 0.1164
[Epoch 319] step 760 loss: 0.1063
[Epoch 319] step 770 loss: 0.0624
[Epoch 319] step 780 loss: 0.0618
[Epoch 319] step 790 loss: 0.0932
[Epoch 319] step 800 loss: 0.0762
[Epoch 319] step 810 loss: 0.0445
==== Epoch 319 avg loss: 0.0842 ====
[Epoch 320] step 0 loss: 0.1001
[Epoch 320] step 10 loss: 0.0951
[Epoch 320] step 20 loss: 0.0347
[Epoch 320] step 30 loss: 0.1054
[Epoch 320] step 40 loss: 0.0835
[Epoch 320] step 50 loss: 0.0444
[Epoch 320] step 60 loss: 0.0613
[Epoch 320] step 70 loss: 0.0671
[Epoch 320] step 80 loss: 0.1199
[Epoch 320] step 90 loss: 0.0783
[Epoch 320] step 100 loss: 0.0946
[Epoch 320] step 110 loss: 0.0373
[Epoch 320] step 120 loss: 0.0873
[Epoch 320] step 130 loss: 0.0672
[Epoch 320] step 140 loss: 0.0657
[Epoch 320] step 150 loss: 0.0483
[Epoch 320] step 160 loss: 0.0422
[Epoch 320] step 170 loss: 0.0957
[Epoch 320] step 180 loss: 0.0482
[Epoch 320] step 190 loss: 0.0991
[Epoch 320] step 200 loss: 0.1149
[Epoch 320] step 210 loss: 0.0747
[Epoch 320] step 220 loss: 0.0322
[Epoch 320] step 230 loss: 0.0439
[Epoch 320] step 240 loss: 0.0731
[Epoch 320] step 250 loss: 0.0688
[Epoch 320] step 260 loss: 0.0916
[Epoch 320] step 270 loss: 0.1093
[Epoch 320] step 280 loss: 0.0855
[Epoch 320] step 290 loss: 0.0691
[Epoch 320] step 300 loss: 0.0517
[Epoch 320] step 310 loss: 0.0902
[Epoch 320] step 320 loss: 0.0669
[Epoch 320] step 330 loss: 0.0602
[Epoch 320] step 340 loss: 0.0725
[Epoch 320] step 350 loss: 0.0682
[Epoch 320] step 360 loss: 0.1641
[Epoch 320] step 370 loss: 0.0757
[Epoch 320] step 380 loss: 0.0819
[Epoch 320] step 390 loss: 0.0356
[Epoch 320] step 400 loss: 0.0653
[Epoch 320] step 410 loss: 0.0584
[Epoch 320] step 420 loss: 0.0644
[Epoch 320] step 430 loss: 0.0924
[Epoch 320] step 440 loss: 0.0769
[Epoch 320] step 450 loss: 0.0734
[Epoch 320] step 460 loss: 0.0917
[Epoch 320] step 470 loss: 0.0543
[Epoch 320] step 480 loss: 0.1164
[Epoch 320] step 490 loss: 0.0854
[Epoch 320] step 500 loss: 0.0676
[Epoch 320] step 510 loss: 0.0696
[Epoch 320] step 520 loss: 0.1193
[Epoch 320] step 530 loss: 0.0932
[Epoch 320] step 540 loss: 0.0925
[Epoch 320] step 550 loss: 0.0888
[Epoch 320] step 560 loss: 0.0774
[Epoch 320] step 570 loss: 0.0834
[Epoch 320] step 580 loss: 0.0683
[Epoch 320] step 590 loss: 0.0753
[Epoch 320] step 600 loss: 0.0805
[Epoch 320] step 610 loss: 0.0730
[Epoch 320] step 620 loss: 0.0827
[Epoch 320] step 630 loss: 0.0758
[Epoch 320] step 640 loss: 0.0672
[Epoch 320] step 650 loss: 0.0571
[Epoch 320] step 660 loss: 0.0704
[Epoch 320] step 670 loss: 0.0515
[Epoch 320] step 680 loss: 0.0819
[Epoch 320] step 690 loss: 0.0645
[Epoch 320] step 700 loss: 0.0619
[Epoch 320] step 710 loss: 0.0917
[Epoch 320] step 720 loss: 0.0907
[Epoch 320] step 730 loss: 0.1718
[Epoch 320] step 740 loss: 0.0651
[Epoch 320] step 750 loss: 0.0357
[Epoch 320] step 760 loss: 0.0734
[Epoch 320] step 770 loss: 0.0638
[Epoch 320] step 780 loss: 0.1120
[Epoch 320] step 790 loss: 0.0854
[Epoch 320] step 800 loss: 0.1130
[Epoch 320] step 810 loss: 0.1194
==== Epoch 320 avg loss: 0.0787 ====
[Epoch 321] step 0 loss: 0.0843
[Epoch 321] step 10 loss: 0.1413
[Epoch 321] step 20 loss: 0.0569
[Epoch 321] step 30 loss: 0.0306
[Epoch 321] step 40 loss: 0.1263
[Epoch 321] step 50 loss: 0.0602
[Epoch 321] step 60 loss: 0.1066
[Epoch 321] step 70 loss: 0.0447
[Epoch 321] step 80 loss: 0.0686
[Epoch 321] step 90 loss: 0.0594
[Epoch 321] step 100 loss: 0.0927
[Epoch 321] step 110 loss: 0.0415
[Epoch 321] step 120 loss: 0.0446
[Epoch 321] step 130 loss: 0.0801
[Epoch 321] step 140 loss: 0.0890
[Epoch 321] step 150 loss: 0.0530
[Epoch 321] step 160 loss: 0.1145
[Epoch 321] step 170 loss: 0.0661
[Epoch 321] step 180 loss: 0.0776
[Epoch 321] step 190 loss: 0.1032
[Epoch 321] step 200 loss: 0.1204
[Epoch 321] step 210 loss: 0.1112
[Epoch 321] step 220 loss: 0.0811
[Epoch 321] step 230 loss: 0.0658
[Epoch 321] step 240 loss: 0.0912
[Epoch 321] step 250 loss: 0.0810
[Epoch 321] step 260 loss: 0.1206
[Epoch 321] step 270 loss: 0.0880
[Epoch 321] step 280 loss: 0.1322
[Epoch 321] step 290 loss: 0.1508
[Epoch 321] step 300 loss: 0.0760
[Epoch 321] step 310 loss: 0.0705
[Epoch 321] step 320 loss: 0.1238
[Epoch 321] step 330 loss: 0.1312
[Epoch 321] step 340 loss: 0.0698
[Epoch 321] step 350 loss: 0.0718
[Epoch 321] step 360 loss: 0.0852
[Epoch 321] step 370 loss: 0.1439
[Epoch 321] step 380 loss: 0.0845
[Epoch 321] step 390 loss: 0.0859
[Epoch 321] step 400 loss: 0.0571
[Epoch 321] step 410 loss: 0.1718
[Epoch 321] step 420 loss: 0.0846
[Epoch 321] step 430 loss: 0.0648
[Epoch 321] step 440 loss: 0.0856
[Epoch 321] step 450 loss: 0.0641
[Epoch 321] step 460 loss: 0.0637
[Epoch 321] step 470 loss: 0.0460
[Epoch 321] step 480 loss: 0.0880
[Epoch 321] step 490 loss: 0.1030
[Epoch 321] step 500 loss: 0.1584
[Epoch 321] step 510 loss: 0.0867
[Epoch 321] step 520 loss: 0.0828
[Epoch 321] step 530 loss: 0.0996
[Epoch 321] step 540 loss: 0.1049
[Epoch 321] step 550 loss: 0.1837
[Epoch 321] step 560 loss: 0.1417
[Epoch 321] step 570 loss: 0.1790
[Epoch 321] step 580 loss: 0.1090
[Epoch 321] step 590 loss: 0.0776
[Epoch 321] step 600 loss: 0.1871
[Epoch 321] step 610 loss: 0.1807
[Epoch 321] step 620 loss: 0.0588
[Epoch 321] step 630 loss: 0.1824
[Epoch 321] step 640 loss: 0.1102
[Epoch 321] step 650 loss: 0.0579
[Epoch 321] step 660 loss: 0.1644
[Epoch 321] step 670 loss: 0.0504
[Epoch 321] step 680 loss: 0.0726
[Epoch 321] step 690 loss: 0.1025
[Epoch 321] step 700 loss: 0.0734
[Epoch 321] step 710 loss: 0.0863
[Epoch 321] step 720 loss: 0.0792
[Epoch 321] step 730 loss: 0.0425
[Epoch 321] step 740 loss: 0.0778
[Epoch 321] step 750 loss: 0.0900
[Epoch 321] step 760 loss: 0.1552
[Epoch 321] step 770 loss: 0.1187
[Epoch 321] step 780 loss: 0.0994
[Epoch 321] step 790 loss: 0.1099
[Epoch 321] step 800 loss: 0.1103
[Epoch 321] step 810 loss: 0.1354
==== Epoch 321 avg loss: 0.0942 ====
[Epoch 322] step 0 loss: 0.1021
[Epoch 322] step 10 loss: 0.0352
[Epoch 322] step 20 loss: 0.0900
[Epoch 322] step 30 loss: 0.0534
[Epoch 322] step 40 loss: 0.0692
[Epoch 322] step 50 loss: 0.1173
[Epoch 322] step 60 loss: 0.1207
[Epoch 322] step 70 loss: 0.1593
[Epoch 322] step 80 loss: 0.0615
[Epoch 322] step 90 loss: 0.0858
[Epoch 322] step 100 loss: 0.1087
[Epoch 322] step 110 loss: 0.0573
[Epoch 322] step 120 loss: 0.0891
[Epoch 322] step 130 loss: 0.0660
[Epoch 322] step 140 loss: 0.0481
[Epoch 322] step 150 loss: 0.0867
[Epoch 322] step 160 loss: 0.1127
[Epoch 322] step 170 loss: 0.0932
[Epoch 322] step 180 loss: 0.1270
[Epoch 322] step 190 loss: 0.1047
[Epoch 322] step 200 loss: 0.1090
[Epoch 322] step 210 loss: 0.1177
[Epoch 322] step 220 loss: 0.0682
[Epoch 322] step 230 loss: 0.0849
[Epoch 322] step 240 loss: 0.0819
[Epoch 322] step 250 loss: 0.0953
[Epoch 322] step 260 loss: 0.0696
[Epoch 322] step 270 loss: 0.0941
[Epoch 322] step 280 loss: 0.0624
[Epoch 322] step 290 loss: 0.1150
[Epoch 322] step 300 loss: 0.1619
[Epoch 322] step 310 loss: 0.0783
[Epoch 322] step 320 loss: 0.1065
[Epoch 322] step 330 loss: 0.0509
[Epoch 322] step 340 loss: 0.0898
[Epoch 322] step 350 loss: 0.0673
[Epoch 322] step 360 loss: 0.1647
[Epoch 322] step 370 loss: 0.0663
[Epoch 322] step 380 loss: 0.0662
[Epoch 322] step 390 loss: 0.1531
[Epoch 322] step 400 loss: 0.0659
[Epoch 322] step 410 loss: 0.0717
[Epoch 322] step 420 loss: 0.0550
[Epoch 322] step 430 loss: 0.1099
[Epoch 322] step 440 loss: 0.1343
[Epoch 322] step 450 loss: 0.1183
[Epoch 322] step 460 loss: 0.0669
[Epoch 322] step 470 loss: 0.0659
[Epoch 322] step 480 loss: 0.0579
[Epoch 322] step 490 loss: 0.1312
[Epoch 322] step 500 loss: 0.0772
[Epoch 322] step 510 loss: 0.0571
[Epoch 322] step 520 loss: 0.0646
[Epoch 322] step 530 loss: 0.0717
[Epoch 322] step 540 loss: 0.1094
[Epoch 322] step 550 loss: 0.0791
[Epoch 322] step 560 loss: 0.0605
[Epoch 322] step 570 loss: 0.1203
[Epoch 322] step 580 loss: 0.1409
[Epoch 322] step 590 loss: 0.0693
[Epoch 322] step 600 loss: 0.1283
[Epoch 322] step 610 loss: 0.1201
[Epoch 322] step 620 loss: 0.1036
[Epoch 322] step 630 loss: 0.0881
[Epoch 322] step 640 loss: 0.1028
[Epoch 322] step 650 loss: 0.1353
[Epoch 322] step 660 loss: 0.1145
[Epoch 322] step 670 loss: 0.1304
[Epoch 322] step 680 loss: 0.0946
[Epoch 322] step 690 loss: 0.0420
[Epoch 322] step 700 loss: 0.1371
[Epoch 322] step 710 loss: 0.0664
[Epoch 322] step 720 loss: 0.1429
[Epoch 322] step 730 loss: 0.0897
[Epoch 322] step 740 loss: 0.0770
[Epoch 322] step 750 loss: 0.0930
[Epoch 322] step 760 loss: 0.1004
[Epoch 322] step 770 loss: 0.0973
[Epoch 322] step 780 loss: 0.0980
[Epoch 322] step 790 loss: 0.1331
[Epoch 322] step 800 loss: 0.0886
[Epoch 322] step 810 loss: 0.0663
==== Epoch 322 avg loss: 0.0964 ====
[Epoch 323] step 0 loss: 0.0999
[Epoch 323] step 10 loss: 0.0658
[Epoch 323] step 20 loss: 0.0837
[Epoch 323] step 30 loss: 0.0482
[Epoch 323] step 40 loss: 0.1071
[Epoch 323] step 50 loss: 0.0848
[Epoch 323] step 60 loss: 0.0992
[Epoch 323] step 70 loss: 0.1281
[Epoch 323] step 80 loss: 0.1319
[Epoch 323] step 90 loss: 0.0556
[Epoch 323] step 100 loss: 0.0592
[Epoch 323] step 110 loss: 0.0962
[Epoch 323] step 120 loss: 0.0644
[Epoch 323] step 130 loss: 0.1078
[Epoch 323] step 140 loss: 0.1381
[Epoch 323] step 150 loss: 0.0437
[Epoch 323] step 160 loss: 0.0766
[Epoch 323] step 170 loss: 0.0704
[Epoch 323] step 180 loss: 0.0694
[Epoch 323] step 190 loss: 0.0956
[Epoch 323] step 200 loss: 0.0924
[Epoch 323] step 210 loss: 0.1178
[Epoch 323] step 220 loss: 0.1228
[Epoch 323] step 230 loss: 0.0878
[Epoch 323] step 240 loss: 0.1117
[Epoch 323] step 250 loss: 0.1678
[Epoch 323] step 260 loss: 0.1688
[Epoch 323] step 270 loss: 0.1560
[Epoch 323] step 280 loss: 0.1622
[Epoch 323] step 290 loss: 0.1704
[Epoch 323] step 300 loss: 0.1463
[Epoch 323] step 310 loss: 0.1150
[Epoch 323] step 320 loss: 0.1442
[Epoch 323] step 330 loss: 0.1760
[Epoch 323] step 340 loss: 0.1772
[Epoch 323] step 350 loss: 0.1023
[Epoch 323] step 360 loss: 0.0766
[Epoch 323] step 370 loss: 0.1361
[Epoch 323] step 380 loss: 0.0933
[Epoch 323] step 390 loss: 0.1467
[Epoch 323] step 400 loss: 0.1410
[Epoch 323] step 410 loss: 0.1837
[Epoch 323] step 420 loss: 0.1879
[Epoch 323] step 430 loss: 0.0773
[Epoch 323] step 440 loss: 0.1305
[Epoch 323] step 450 loss: 0.1338
[Epoch 323] step 460 loss: 0.0830
[Epoch 323] step 470 loss: 0.0885
[Epoch 323] step 480 loss: 0.1256
[Epoch 323] step 490 loss: 0.1173
[Epoch 323] step 500 loss: 0.0955
[Epoch 323] step 510 loss: 0.1293
[Epoch 323] step 520 loss: 0.1121
[Epoch 323] step 530 loss: 0.1554
[Epoch 323] step 540 loss: 0.0740
[Epoch 323] step 550 loss: 0.1170
[Epoch 323] step 560 loss: 0.1083
[Epoch 323] step 570 loss: 0.0522
[Epoch 323] step 580 loss: 0.1026
[Epoch 323] step 590 loss: 0.1744
[Epoch 323] step 600 loss: 0.1174
[Epoch 323] step 610 loss: 0.0930
[Epoch 323] step 620 loss: 0.1677
[Epoch 323] step 630 loss: 0.1398
[Epoch 323] step 640 loss: 0.1661
[Epoch 323] step 650 loss: 0.0979
[Epoch 323] step 660 loss: 0.1471
[Epoch 323] step 670 loss: 0.0999
[Epoch 323] step 680 loss: 0.0872
[Epoch 323] step 690 loss: 0.1681
[Epoch 323] step 700 loss: 0.1503
[Epoch 323] step 710 loss: 0.0939
[Epoch 323] step 720 loss: 0.0992
[Epoch 323] step 730 loss: 0.0878
[Epoch 323] step 740 loss: 0.1613
[Epoch 323] step 750 loss: 0.1666
[Epoch 323] step 760 loss: 0.1763
[Epoch 323] step 770 loss: 0.1135
[Epoch 323] step 780 loss: 0.0566
[Epoch 323] step 790 loss: 0.0774
[Epoch 323] step 800 loss: 0.1146
[Epoch 323] step 810 loss: 0.0729
==== Epoch 323 avg loss: 0.1127 ====
[Epoch 324] step 0 loss: 0.0817
[Epoch 324] step 10 loss: 0.0751
[Epoch 324] step 20 loss: 0.0922
[Epoch 324] step 30 loss: 0.1301
[Epoch 324] step 40 loss: 0.0852
[Epoch 324] step 50 loss: 0.1075
[Epoch 324] step 60 loss: 0.1686
[Epoch 324] step 70 loss: 0.1388
[Epoch 324] step 80 loss: 0.1233
[Epoch 324] step 90 loss: 0.1835
[Epoch 324] step 100 loss: 0.1031
[Epoch 324] step 110 loss: 0.0986
[Epoch 324] step 120 loss: 0.1053
[Epoch 324] step 130 loss: 0.1005
[Epoch 324] step 140 loss: 0.1281
[Epoch 324] step 150 loss: 0.0710
[Epoch 324] step 160 loss: 0.1555
[Epoch 324] step 170 loss: 0.0871
[Epoch 324] step 180 loss: 0.0891
[Epoch 324] step 190 loss: 0.1451
[Epoch 324] step 200 loss: 0.0716
[Epoch 324] step 210 loss: 0.0846
[Epoch 324] step 220 loss: 0.1482
[Epoch 324] step 230 loss: 0.1101
[Epoch 324] step 240 loss: 0.1239
[Epoch 324] step 250 loss: 0.1007
[Epoch 324] step 260 loss: 0.1082
[Epoch 324] step 270 loss: 0.1098
