nohup: ignoring input
device: cuda
[Epoch 82] step 0 loss: 0.1867
[Epoch 82] step 10 loss: 0.1460
[Epoch 82] step 20 loss: 0.0923
[Epoch 82] step 30 loss: 0.1287
[Epoch 82] step 40 loss: 0.1456
[Epoch 82] step 50 loss: 0.1716
[Epoch 82] step 60 loss: 0.2439
[Epoch 82] step 70 loss: 0.1784
[Epoch 82] step 80 loss: 0.1404
[Epoch 82] step 90 loss: 0.1941
[Epoch 82] step 100 loss: 0.2159
[Epoch 82] step 110 loss: 0.2148
[Epoch 82] step 120 loss: 0.1756
[Epoch 82] step 130 loss: 0.1811
[Epoch 82] step 140 loss: 0.1668
[Epoch 82] step 150 loss: 0.1855
[Epoch 82] step 160 loss: 0.0887
[Epoch 82] step 170 loss: 0.2743
[Epoch 82] step 180 loss: 0.1144
[Epoch 82] step 190 loss: 0.2217
[Epoch 82] step 200 loss: 0.1420
[Epoch 82] step 210 loss: 0.1304
[Epoch 82] step 220 loss: 0.1245
[Epoch 82] step 230 loss: 0.2134
[Epoch 82] step 240 loss: 0.2042
[Epoch 82] step 250 loss: 0.1111
[Epoch 82] step 260 loss: 0.2013
[Epoch 82] step 270 loss: 0.1679
[Epoch 82] step 280 loss: 0.1153
[Epoch 82] step 290 loss: 0.1829
[Epoch 82] step 300 loss: 0.2457
[Epoch 82] step 310 loss: 0.0852
[Epoch 82] step 320 loss: 0.2528
[Epoch 82] step 330 loss: 0.1179
[Epoch 82] step 340 loss: 0.1945
[Epoch 82] step 350 loss: 0.1542
[Epoch 82] step 360 loss: 0.1635
[Epoch 82] step 370 loss: 0.0835
[Epoch 82] step 380 loss: 0.1836
[Epoch 82] step 390 loss: 0.1691
[Epoch 82] step 400 loss: 0.0922
[Epoch 82] step 410 loss: 0.1657
[Epoch 82] step 420 loss: 0.1296
[Epoch 82] step 430 loss: 0.1745
[Epoch 82] step 440 loss: 0.2467
[Epoch 82] step 450 loss: 0.2259
[Epoch 82] step 460 loss: 0.1781
[Epoch 82] step 470 loss: 0.2471
[Epoch 82] step 480 loss: 0.2281
[Epoch 82] step 490 loss: 0.1749
[Epoch 82] step 500 loss: 0.1464
[Epoch 82] step 510 loss: 0.2052
[Epoch 82] step 520 loss: 0.1611
[Epoch 82] step 530 loss: 0.1571
[Epoch 82] step 540 loss: 0.1587
[Epoch 82] step 550 loss: 0.2259
[Epoch 82] step 560 loss: 0.1297
[Epoch 82] step 570 loss: 0.1124
[Epoch 82] step 580 loss: 0.1743
[Epoch 82] step 590 loss: 0.1743
[Epoch 82] step 600 loss: 0.1476
[Epoch 82] step 610 loss: 0.1648
[Epoch 82] step 620 loss: 0.1458
[Epoch 82] step 630 loss: 0.1299
[Epoch 82] step 640 loss: 0.2004
[Epoch 82] step 650 loss: 0.1187
[Epoch 82] step 660 loss: 0.1619
[Epoch 82] step 670 loss: 0.2139
[Epoch 82] step 680 loss: 0.1486
[Epoch 82] step 690 loss: 0.1784
[Epoch 82] step 700 loss: 0.1737
[Epoch 82] step 710 loss: 0.1196
[Epoch 82] step 720 loss: 0.1280
[Epoch 82] step 730 loss: 0.1518
[Epoch 82] step 740 loss: 0.1876
==== Epoch 82 avg loss: 0.1637 ====
[Epoch 83] step 0 loss: 0.1296
[Epoch 83] step 10 loss: 0.1131
[Epoch 83] step 20 loss: 0.1526
[Epoch 83] step 30 loss: 0.1246
[Epoch 83] step 40 loss: 0.1247
[Epoch 83] step 50 loss: 0.1982
[Epoch 83] step 60 loss: 0.1607
[Epoch 83] step 70 loss: 0.1092
[Epoch 83] step 80 loss: 0.1555
[Epoch 83] step 90 loss: 0.1724
[Epoch 83] step 100 loss: 0.1216
[Epoch 83] step 110 loss: 0.1324
[Epoch 83] step 120 loss: 0.1412
[Epoch 83] step 130 loss: 0.1685
[Epoch 83] step 140 loss: 0.1075
[Epoch 83] step 150 loss: 0.1001
[Epoch 83] step 160 loss: 0.1332
[Epoch 83] step 170 loss: 0.1840
[Epoch 83] step 180 loss: 0.1613
[Epoch 83] step 190 loss: 0.1481
[Epoch 83] step 200 loss: 0.1434
[Epoch 83] step 210 loss: 0.1602
[Epoch 83] step 220 loss: 0.1606
[Epoch 83] step 230 loss: 0.1424
[Epoch 83] step 240 loss: 0.1747
[Epoch 83] step 250 loss: 0.2336
[Epoch 83] step 260 loss: 0.1660
[Epoch 83] step 270 loss: 0.1106
[Epoch 83] step 280 loss: 0.1467
[Epoch 83] step 290 loss: 0.1428
[Epoch 83] step 300 loss: 0.1638
[Epoch 83] step 310 loss: 0.1604
[Epoch 83] step 320 loss: 0.1441
[Epoch 83] step 330 loss: 0.1624
[Epoch 83] step 340 loss: 0.1340
[Epoch 83] step 350 loss: 0.1246
[Epoch 83] step 360 loss: 0.1875
[Epoch 83] step 370 loss: 0.1794
[Epoch 83] step 380 loss: 0.2332
[Epoch 83] step 390 loss: 0.0982
[Epoch 83] step 400 loss: 0.1089
[Epoch 83] step 410 loss: 0.2134
[Epoch 83] step 420 loss: 0.1479
[Epoch 83] step 430 loss: 0.2185
[Epoch 83] step 440 loss: 0.1267
[Epoch 83] step 450 loss: 0.2142
[Epoch 83] step 460 loss: 0.1427
[Epoch 83] step 470 loss: 0.1812
[Epoch 83] step 480 loss: 0.1299
[Epoch 83] step 490 loss: 0.1639
[Epoch 83] step 500 loss: 0.1443
[Epoch 83] step 510 loss: 0.1365
[Epoch 83] step 520 loss: 0.1572
[Epoch 83] step 530 loss: 0.2005
[Epoch 83] step 540 loss: 0.2077
[Epoch 83] step 550 loss: 0.1270
[Epoch 83] step 560 loss: 0.1635
[Epoch 83] step 570 loss: 0.1715
[Epoch 83] step 580 loss: 0.0999
[Epoch 83] step 590 loss: 0.1802
[Epoch 83] step 600 loss: 0.1671
[Epoch 83] step 610 loss: 0.1204
[Epoch 83] step 620 loss: 0.1263
[Epoch 83] step 630 loss: 0.1363
[Epoch 83] step 640 loss: 0.2230
[Epoch 83] step 650 loss: 0.1283
[Epoch 83] step 660 loss: 0.1283
[Epoch 83] step 670 loss: 0.1451
[Epoch 83] step 680 loss: 0.1311
[Epoch 83] step 690 loss: 0.1252
[Epoch 83] step 700 loss: 0.1510
[Epoch 83] step 710 loss: 0.1225
[Epoch 83] step 720 loss: 0.1380
[Epoch 83] step 730 loss: 0.1377
[Epoch 83] step 740 loss: 0.2141
==== Epoch 83 avg loss: 0.1469 ====
[Epoch 84] step 0 loss: 0.0833
[Epoch 84] step 10 loss: 0.1480
[Epoch 84] step 20 loss: 0.1325
[Epoch 84] step 30 loss: 0.1112
[Epoch 84] step 40 loss: 0.0928
[Epoch 84] step 50 loss: 0.1083
[Epoch 84] step 60 loss: 0.0948
[Epoch 84] step 70 loss: 0.1107
[Epoch 84] step 80 loss: 0.1304
[Epoch 84] step 90 loss: 0.1253
[Epoch 84] step 100 loss: 0.1341
[Epoch 84] step 110 loss: 0.1428
[Epoch 84] step 120 loss: 0.1706
[Epoch 84] step 130 loss: 0.1249
[Epoch 84] step 140 loss: 0.1392
[Epoch 84] step 150 loss: 0.1589
[Epoch 84] step 160 loss: 0.1073
[Epoch 84] step 170 loss: 0.0856
[Epoch 84] step 180 loss: 0.2225
[Epoch 84] step 190 loss: 0.1246
[Epoch 84] step 200 loss: 0.1991
[Epoch 84] step 210 loss: 0.1659
[Epoch 84] step 220 loss: 0.1827
[Epoch 84] step 230 loss: 0.1293
[Epoch 84] step 240 loss: 0.1233
[Epoch 84] step 250 loss: 0.1549
[Epoch 84] step 260 loss: 0.1214
[Epoch 84] step 270 loss: 0.1657
[Epoch 84] step 280 loss: 0.1599
[Epoch 84] step 290 loss: 0.1450
[Epoch 84] step 300 loss: 0.1612
[Epoch 84] step 310 loss: 0.0706
[Epoch 84] step 320 loss: 0.1459
[Epoch 84] step 330 loss: 0.1367
[Epoch 84] step 340 loss: 0.1565
[Epoch 84] step 350 loss: 0.1952
[Epoch 84] step 360 loss: 0.0970
[Epoch 84] step 370 loss: 0.1752
[Epoch 84] step 380 loss: 0.1207
[Epoch 84] step 390 loss: 0.1214
[Epoch 84] step 400 loss: 0.1696
[Epoch 84] step 410 loss: 0.0960
[Epoch 84] step 420 loss: 0.1563
[Epoch 84] step 430 loss: 0.1297
[Epoch 84] step 440 loss: 0.1098
[Epoch 84] step 450 loss: 0.1633
[Epoch 84] step 460 loss: 0.1327
[Epoch 84] step 470 loss: 0.1592
[Epoch 84] step 480 loss: 0.1189
[Epoch 84] step 490 loss: 0.1268
[Epoch 84] step 500 loss: 0.1293
[Epoch 84] step 510 loss: 0.1593
[Epoch 84] step 520 loss: 0.2250
[Epoch 84] step 530 loss: 0.2128
[Epoch 84] step 540 loss: 0.1199
[Epoch 84] step 550 loss: 0.1822
[Epoch 84] step 560 loss: 0.2119
[Epoch 84] step 570 loss: 0.1142
[Epoch 84] step 580 loss: 0.1189
[Epoch 84] step 590 loss: 0.1228
[Epoch 84] step 600 loss: 0.1035
[Epoch 84] step 610 loss: 0.0984
[Epoch 84] step 620 loss: 0.1324
[Epoch 84] step 630 loss: 0.1739
[Epoch 84] step 640 loss: 0.1366
[Epoch 84] step 650 loss: 0.1823
[Epoch 84] step 660 loss: 0.0976
[Epoch 84] step 670 loss: 0.1539
[Epoch 84] step 680 loss: 0.1000
[Epoch 84] step 690 loss: 0.1651
[Epoch 84] step 700 loss: 0.0991
[Epoch 84] step 710 loss: 0.1284
[Epoch 84] step 720 loss: 0.1086
[Epoch 84] step 730 loss: 0.1538
[Epoch 84] step 740 loss: 0.1667
==== Epoch 84 avg loss: 0.1381 ====
[Epoch 85] step 0 loss: 0.1282
[Epoch 85] step 10 loss: 0.1510
[Epoch 85] step 20 loss: 0.1003
[Epoch 85] step 30 loss: 0.1169
[Epoch 85] step 40 loss: 0.0982
[Epoch 85] step 50 loss: 0.0962
[Epoch 85] step 60 loss: 0.1236
[Epoch 85] step 70 loss: 0.1592
[Epoch 85] step 80 loss: 0.0656
[Epoch 85] step 90 loss: 0.1329
[Epoch 85] step 100 loss: 0.1408
[Epoch 85] step 110 loss: 0.0679
[Epoch 85] step 120 loss: 0.1362
[Epoch 85] step 130 loss: 0.1445
[Epoch 85] step 140 loss: 0.0896
[Epoch 85] step 150 loss: 0.0975
[Epoch 85] step 160 loss: 0.1296
[Epoch 85] step 170 loss: 0.1588
[Epoch 85] step 180 loss: 0.0997
[Epoch 85] step 190 loss: 0.0787
[Epoch 85] step 200 loss: 0.1126
[Epoch 85] step 210 loss: 0.1485
[Epoch 85] step 220 loss: 0.1349
[Epoch 85] step 230 loss: 0.1507
[Epoch 85] step 240 loss: 0.1073
[Epoch 85] step 250 loss: 0.1721
[Epoch 85] step 260 loss: 0.1028
[Epoch 85] step 270 loss: 0.1656
[Epoch 85] step 280 loss: 0.1088
[Epoch 85] step 290 loss: 0.0919
[Epoch 85] step 300 loss: 0.1164
[Epoch 85] step 310 loss: 0.1016
[Epoch 85] step 320 loss: 0.1059
[Epoch 85] step 330 loss: 0.1417
[Epoch 85] step 340 loss: 0.0944
[Epoch 85] step 350 loss: 0.1074
[Epoch 85] step 360 loss: 0.0837
[Epoch 85] step 370 loss: 0.1393
[Epoch 85] step 380 loss: 0.1055
[Epoch 85] step 390 loss: 0.1077
[Epoch 85] step 400 loss: 0.1376
[Epoch 85] step 410 loss: 0.1021
[Epoch 85] step 420 loss: 0.1384
[Epoch 85] step 430 loss: 0.0593
[Epoch 85] step 440 loss: 0.1368
[Epoch 85] step 450 loss: 0.1025
[Epoch 85] step 460 loss: 0.0968
[Epoch 85] step 470 loss: 0.1121
[Epoch 85] step 480 loss: 0.1401
[Epoch 85] step 490 loss: 0.1435
[Epoch 85] step 500 loss: 0.1070
[Epoch 85] step 510 loss: 0.1008
[Epoch 85] step 520 loss: 0.1607
[Epoch 85] step 530 loss: 0.1338
[Epoch 85] step 540 loss: 0.0893
[Epoch 85] step 550 loss: 0.1621
[Epoch 85] step 560 loss: 0.1315
[Epoch 85] step 570 loss: 0.1213
[Epoch 85] step 580 loss: 0.1286
[Epoch 85] step 590 loss: 0.1295
[Epoch 85] step 600 loss: 0.1302
[Epoch 85] step 610 loss: 0.1619
[Epoch 85] step 620 loss: 0.1685
[Epoch 85] step 630 loss: 0.1618
[Epoch 85] step 640 loss: 0.1478
[Epoch 85] step 650 loss: 0.1153
[Epoch 85] step 660 loss: 0.0955
[Epoch 85] step 670 loss: 0.1415
[Epoch 85] step 680 loss: 0.1196
[Epoch 85] step 690 loss: 0.0952
[Epoch 85] step 700 loss: 0.1080
[Epoch 85] step 710 loss: 0.1260
[Epoch 85] step 720 loss: 0.1425
[Epoch 85] step 730 loss: 0.1278
[Epoch 85] step 740 loss: 0.1048
==== Epoch 85 avg loss: 0.1226 ====
[Epoch 86] step 0 loss: 0.0973
[Epoch 86] step 10 loss: 0.1224
[Epoch 86] step 20 loss: 0.0928
[Epoch 86] step 30 loss: 0.1131
[Epoch 86] step 40 loss: 0.1053
[Epoch 86] step 50 loss: 0.1180
[Epoch 86] step 60 loss: 0.0845
[Epoch 86] step 70 loss: 0.0988
[Epoch 86] step 80 loss: 0.1186
[Epoch 86] step 90 loss: 0.1397
[Epoch 86] step 100 loss: 0.1251
[Epoch 86] step 110 loss: 0.1021
[Epoch 86] step 120 loss: 0.1317
[Epoch 86] step 130 loss: 0.0552
[Epoch 86] step 140 loss: 0.1231
[Epoch 86] step 150 loss: 0.1576
[Epoch 86] step 160 loss: 0.1196
[Epoch 86] step 170 loss: 0.1739
[Epoch 86] step 180 loss: 0.2069
[Epoch 86] step 190 loss: 0.1019
[Epoch 86] step 200 loss: 0.0992
[Epoch 86] step 210 loss: 0.1829
[Epoch 86] step 220 loss: 0.1496
[Epoch 86] step 230 loss: 0.1074
[Epoch 86] step 240 loss: 0.1169
[Epoch 86] step 250 loss: 0.1322
[Epoch 86] step 260 loss: 0.1275
[Epoch 86] step 270 loss: 0.0856
[Epoch 86] step 280 loss: 0.1203
[Epoch 86] step 290 loss: 0.0838
[Epoch 86] step 300 loss: 0.0984
[Epoch 86] step 310 loss: 0.1159
[Epoch 86] step 320 loss: 0.0788
[Epoch 86] step 330 loss: 0.1564
[Epoch 86] step 340 loss: 0.1149
[Epoch 86] step 350 loss: 0.2027
[Epoch 86] step 360 loss: 0.0949
[Epoch 86] step 370 loss: 0.1370
[Epoch 86] step 380 loss: 0.1367
[Epoch 86] step 390 loss: 0.0912
[Epoch 86] step 400 loss: 0.1096
[Epoch 86] step 410 loss: 0.0890
[Epoch 86] step 420 loss: 0.1323
[Epoch 86] step 430 loss: 0.1074
[Epoch 86] step 440 loss: 0.1352
[Epoch 86] step 450 loss: 0.1000
[Epoch 86] step 460 loss: 0.0730
[Epoch 86] step 470 loss: 0.1371
[Epoch 86] step 480 loss: 0.1440
[Epoch 86] step 490 loss: 0.0972
[Epoch 86] step 500 loss: 0.1363
[Epoch 86] step 510 loss: 0.1056
[Epoch 86] step 520 loss: 0.1974
[Epoch 86] step 530 loss: 0.0807
[Epoch 86] step 540 loss: 0.1563
[Epoch 86] step 550 loss: 0.1302
[Epoch 86] step 560 loss: 0.0958
[Epoch 86] step 570 loss: 0.1155
[Epoch 86] step 580 loss: 0.1279
[Epoch 86] step 590 loss: 0.1854
[Epoch 86] step 600 loss: 0.1684
[Epoch 86] step 610 loss: 0.1296
[Epoch 86] step 620 loss: 0.1165
[Epoch 86] step 630 loss: 0.1200
[Epoch 86] step 640 loss: 0.1549
[Epoch 86] step 650 loss: 0.1200
[Epoch 86] step 660 loss: 0.1054
[Epoch 86] step 670 loss: 0.1144
[Epoch 86] step 680 loss: 0.1131
[Epoch 86] step 690 loss: 0.1304
[Epoch 86] step 700 loss: 0.1686
[Epoch 86] step 710 loss: 0.1302
[Epoch 86] step 720 loss: 0.1708
[Epoch 86] step 730 loss: 0.1401
[Epoch 86] step 740 loss: 0.0883
==== Epoch 86 avg loss: 0.1187 ====
[Epoch 87] step 0 loss: 0.1265
[Epoch 87] step 10 loss: 0.0770
[Epoch 87] step 20 loss: 0.1010
[Epoch 87] step 30 loss: 0.1179
[Epoch 87] step 40 loss: 0.0716
[Epoch 87] step 50 loss: 0.0997
[Epoch 87] step 60 loss: 0.0965
[Epoch 87] step 70 loss: 0.0701
[Epoch 87] step 80 loss: 0.1627
[Epoch 87] step 90 loss: 0.0927
[Epoch 87] step 100 loss: 0.0961
[Epoch 87] step 110 loss: 0.1185
[Epoch 87] step 120 loss: 0.1305
[Epoch 87] step 130 loss: 0.0904
[Epoch 87] step 140 loss: 0.1283
[Epoch 87] step 150 loss: 0.1144
[Epoch 87] step 160 loss: 0.1273
[Epoch 87] step 170 loss: 0.0851
[Epoch 87] step 180 loss: 0.1725
[Epoch 87] step 190 loss: 0.1463
[Epoch 87] step 200 loss: 0.1014
[Epoch 87] step 210 loss: 0.1054
[Epoch 87] step 220 loss: 0.1199
[Epoch 87] step 230 loss: 0.0959
[Epoch 87] step 240 loss: 0.0700
[Epoch 87] step 250 loss: 0.2295
[Epoch 87] step 260 loss: 0.1905
[Epoch 87] step 270 loss: 0.1007
[Epoch 87] step 280 loss: 0.0934
[Epoch 87] step 290 loss: 0.1504
[Epoch 87] step 300 loss: 0.1041
[Epoch 87] step 310 loss: 0.1522
[Epoch 87] step 320 loss: 0.1036
[Epoch 87] step 330 loss: 0.1387
[Epoch 87] step 340 loss: 0.0559
[Epoch 87] step 350 loss: 0.1097
[Epoch 87] step 360 loss: 0.1210
[Epoch 87] step 370 loss: 0.1166
[Epoch 87] step 380 loss: 0.1280
[Epoch 87] step 390 loss: 0.0687
[Epoch 87] step 400 loss: 0.1744
[Epoch 87] step 410 loss: 0.0849
[Epoch 87] step 420 loss: 0.0523
[Epoch 87] step 430 loss: 0.1316
[Epoch 87] step 440 loss: 0.1413
[Epoch 87] step 450 loss: 0.1247
[Epoch 87] step 460 loss: 0.1034
[Epoch 87] step 470 loss: 0.1615
[Epoch 87] step 480 loss: 0.1527
[Epoch 87] step 490 loss: 0.1290
[Epoch 87] step 500 loss: 0.1284
[Epoch 87] step 510 loss: 0.0925
[Epoch 87] step 520 loss: 0.0992
[Epoch 87] step 530 loss: 0.0904
[Epoch 87] step 540 loss: 0.1381
[Epoch 87] step 550 loss: 0.1597
[Epoch 87] step 560 loss: 0.0980
[Epoch 87] step 570 loss: 0.1035
[Epoch 87] step 580 loss: 0.1173
[Epoch 87] step 590 loss: 0.1146
[Epoch 87] step 600 loss: 0.1108
[Epoch 87] step 610 loss: 0.1950
[Epoch 87] step 620 loss: 0.0849
[Epoch 87] step 630 loss: 0.1044
[Epoch 87] step 640 loss: 0.1308
[Epoch 87] step 650 loss: 0.1455
[Epoch 87] step 660 loss: 0.1043
[Epoch 87] step 670 loss: 0.1343
[Epoch 87] step 680 loss: 0.1037
[Epoch 87] step 690 loss: 0.1253
[Epoch 87] step 700 loss: 0.1465
[Epoch 87] step 710 loss: 0.1021
[Epoch 87] step 720 loss: 0.1264
[Epoch 87] step 730 loss: 0.1307
[Epoch 87] step 740 loss: 0.1885
==== Epoch 87 avg loss: 0.1153 ====
[Epoch 88] step 0 loss: 0.0493
[Epoch 88] step 10 loss: 0.0968
[Epoch 88] step 20 loss: 0.1283
[Epoch 88] step 30 loss: 0.1276
[Epoch 88] step 40 loss: 0.0882
[Epoch 88] step 50 loss: 0.1188
[Epoch 88] step 60 loss: 0.1038
[Epoch 88] step 70 loss: 0.0907
[Epoch 88] step 80 loss: 0.1300
[Epoch 88] step 90 loss: 0.1091
[Epoch 88] step 100 loss: 0.1227
[Epoch 88] step 110 loss: 0.0662
[Epoch 88] step 120 loss: 0.0857
[Epoch 88] step 130 loss: 0.1564
[Epoch 88] step 140 loss: 0.1052
[Epoch 88] step 150 loss: 0.1128
[Epoch 88] step 160 loss: 0.1268
[Epoch 88] step 170 loss: 0.1565
[Epoch 88] step 180 loss: 0.1304
[Epoch 88] step 190 loss: 0.1414
[Epoch 88] step 200 loss: 0.0790
[Epoch 88] step 210 loss: 0.0872
[Epoch 88] step 220 loss: 0.0910
[Epoch 88] step 230 loss: 0.1117
[Epoch 88] step 240 loss: 0.1152
[Epoch 88] step 250 loss: 0.1034
[Epoch 88] step 260 loss: 0.1533
[Epoch 88] step 270 loss: 0.1306
[Epoch 88] step 280 loss: 0.0762
[Epoch 88] step 290 loss: 0.1389
[Epoch 88] step 300 loss: 0.1445
[Epoch 88] step 310 loss: 0.1120
[Epoch 88] step 320 loss: 0.0868
[Epoch 88] step 330 loss: 0.1100
[Epoch 88] step 340 loss: 0.0993
[Epoch 88] step 350 loss: 0.1257
[Epoch 88] step 360 loss: 0.0887
[Epoch 88] step 370 loss: 0.0887
[Epoch 88] step 380 loss: 0.0779
[Epoch 88] step 390 loss: 0.1225
[Epoch 88] step 400 loss: 0.0561
[Epoch 88] step 410 loss: 0.1276
[Epoch 88] step 420 loss: 0.1235
[Epoch 88] step 430 loss: 0.1102
[Epoch 88] step 440 loss: 0.1062
[Epoch 88] step 450 loss: 0.1422
[Epoch 88] step 460 loss: 0.1033
[Epoch 88] step 470 loss: 0.0744
[Epoch 88] step 480 loss: 0.0866
[Epoch 88] step 490 loss: 0.0678
[Epoch 88] step 500 loss: 0.1364
[Epoch 88] step 510 loss: 0.0929
[Epoch 88] step 520 loss: 0.1438
[Epoch 88] step 530 loss: 0.0937
[Epoch 88] step 540 loss: 0.2350
[Epoch 88] step 550 loss: 0.1441
[Epoch 88] step 560 loss: 0.0729
[Epoch 88] step 570 loss: 0.1322
[Epoch 88] step 580 loss: 0.1466
[Epoch 88] step 590 loss: 0.1246
[Epoch 88] step 600 loss: 0.1082
[Epoch 88] step 610 loss: 0.1609
[Epoch 88] step 620 loss: 0.1141
[Epoch 88] step 630 loss: 0.0941
[Epoch 88] step 640 loss: 0.1280
[Epoch 88] step 650 loss: 0.1372
[Epoch 88] step 660 loss: 0.0763
[Epoch 88] step 670 loss: 0.1303
[Epoch 88] step 680 loss: 0.1266
[Epoch 88] step 690 loss: 0.0913
[Epoch 88] step 700 loss: 0.1176
[Epoch 88] step 710 loss: 0.1037
[Epoch 88] step 720 loss: 0.1351
[Epoch 88] step 730 loss: 0.0837
[Epoch 88] step 740 loss: 0.0718
==== Epoch 88 avg loss: 0.1125 ====
[Epoch 89] step 0 loss: 0.1096
[Epoch 89] step 10 loss: 0.0804
[Epoch 89] step 20 loss: 0.0830
[Epoch 89] step 30 loss: 0.1257
[Epoch 89] step 40 loss: 0.0865
[Epoch 89] step 50 loss: 0.0761
[Epoch 89] step 60 loss: 0.0841
[Epoch 89] step 70 loss: 0.1332
[Epoch 89] step 80 loss: 0.0655
[Epoch 89] step 90 loss: 0.0886
[Epoch 89] step 100 loss: 0.0985
[Epoch 89] step 110 loss: 0.1069
[Epoch 89] step 120 loss: 0.1195
[Epoch 89] step 130 loss: 0.1069
[Epoch 89] step 140 loss: 0.1045
[Epoch 89] step 150 loss: 0.1262
[Epoch 89] step 160 loss: 0.0758
[Epoch 89] step 170 loss: 0.1469
[Epoch 89] step 180 loss: 0.1366
[Epoch 89] step 190 loss: 0.0638
[Epoch 89] step 200 loss: 0.1263
[Epoch 89] step 210 loss: 0.0842
[Epoch 89] step 220 loss: 0.0862
[Epoch 89] step 230 loss: 0.1080
[Epoch 89] step 240 loss: 0.1502
[Epoch 89] step 250 loss: 0.1149
[Epoch 89] step 260 loss: 0.1583
[Epoch 89] step 270 loss: 0.1405
[Epoch 89] step 280 loss: 0.1140
[Epoch 89] step 290 loss: 0.1057
[Epoch 89] step 300 loss: 0.0961
[Epoch 89] step 310 loss: 0.0641
[Epoch 89] step 320 loss: 0.0743
[Epoch 89] step 330 loss: 0.0698
[Epoch 89] step 340 loss: 0.0595
[Epoch 89] step 350 loss: 0.1396
[Epoch 89] step 360 loss: 0.1116
[Epoch 89] step 370 loss: 0.1562
[Epoch 89] step 380 loss: 0.0785
[Epoch 89] step 390 loss: 0.1112
[Epoch 89] step 400 loss: 0.1019
[Epoch 89] step 410 loss: 0.0865
[Epoch 89] step 420 loss: 0.1288
[Epoch 89] step 430 loss: 0.1336
[Epoch 89] step 440 loss: 0.1274
[Epoch 89] step 450 loss: 0.1290
[Epoch 89] step 460 loss: 0.0837
[Epoch 89] step 470 loss: 0.1022
[Epoch 89] step 480 loss: 0.0815
[Epoch 89] step 490 loss: 0.1044
[Epoch 89] step 500 loss: 0.1228
[Epoch 89] step 510 loss: 0.0792
[Epoch 89] step 520 loss: 0.1049
[Epoch 89] step 530 loss: 0.1244
[Epoch 89] step 540 loss: 0.1494
[Epoch 89] step 550 loss: 0.1306
[Epoch 89] step 560 loss: 0.1161
[Epoch 89] step 570 loss: 0.0990
[Epoch 89] step 580 loss: 0.1389
[Epoch 89] step 590 loss: 0.0800
[Epoch 89] step 600 loss: 0.1592
[Epoch 89] step 610 loss: 0.1334
[Epoch 89] step 620 loss: 0.0968
[Epoch 89] step 630 loss: 0.1037
[Epoch 89] step 640 loss: 0.1388
[Epoch 89] step 650 loss: 0.1434
[Epoch 89] step 660 loss: 0.1358
[Epoch 89] step 670 loss: 0.1302
[Epoch 89] step 680 loss: 0.1394
[Epoch 89] step 690 loss: 0.1340
[Epoch 89] step 700 loss: 0.1687
[Epoch 89] step 710 loss: 0.1204
[Epoch 89] step 720 loss: 0.1264
[Epoch 89] step 730 loss: 0.1399
[Epoch 89] step 740 loss: 0.1426
==== Epoch 89 avg loss: 0.1147 ====
[Epoch 90] step 0 loss: 0.1032
[Epoch 90] step 10 loss: 0.1121
[Epoch 90] step 20 loss: 0.1449
[Epoch 90] step 30 loss: 0.1160
[Epoch 90] step 40 loss: 0.1002
[Epoch 90] step 50 loss: 0.0900
[Epoch 90] step 60 loss: 0.1249
[Epoch 90] step 70 loss: 0.1074
[Epoch 90] step 80 loss: 0.1082
[Epoch 90] step 90 loss: 0.1216
[Epoch 90] step 100 loss: 0.1363
[Epoch 90] step 110 loss: 0.1874
[Epoch 90] step 120 loss: 0.1248
[Epoch 90] step 130 loss: 0.1345
[Epoch 90] step 140 loss: 0.1563
[Epoch 90] step 150 loss: 0.0813
[Epoch 90] step 160 loss: 0.1499
[Epoch 90] step 170 loss: 0.1487
[Epoch 90] step 180 loss: 0.0808
[Epoch 90] step 190 loss: 0.1182
[Epoch 90] step 200 loss: 0.1769
[Epoch 90] step 210 loss: 0.1310
[Epoch 90] step 220 loss: 0.1148
[Epoch 90] step 230 loss: 0.1132
[Epoch 90] step 240 loss: 0.1095
[Epoch 90] step 250 loss: 0.1190
[Epoch 90] step 260 loss: 0.0840
[Epoch 90] step 270 loss: 0.1247
[Epoch 90] step 280 loss: 0.1772
[Epoch 90] step 290 loss: 0.1382
[Epoch 90] step 300 loss: 0.1710
[Epoch 90] step 310 loss: 0.0767
[Epoch 90] step 320 loss: 0.1331
[Epoch 90] step 330 loss: 0.1217
[Epoch 90] step 340 loss: 0.1077
[Epoch 90] step 350 loss: 0.1405
[Epoch 90] step 360 loss: 0.1675
[Epoch 90] step 370 loss: 0.1130
[Epoch 90] step 380 loss: 0.1354
[Epoch 90] step 390 loss: 0.1227
[Epoch 90] step 400 loss: 0.2248
[Epoch 90] step 410 loss: 0.1182
[Epoch 90] step 420 loss: 0.1432
[Epoch 90] step 430 loss: 0.1840
[Epoch 90] step 440 loss: 0.1342
[Epoch 90] step 450 loss: 0.0863
[Epoch 90] step 460 loss: 0.1182
[Epoch 90] step 470 loss: 0.1235
[Epoch 90] step 480 loss: 0.1606
[Epoch 90] step 490 loss: 0.0886
[Epoch 90] step 500 loss: 0.1153
[Epoch 90] step 510 loss: 0.0643
[Epoch 90] step 520 loss: 0.0823
[Epoch 90] step 530 loss: 0.0877
[Epoch 90] step 540 loss: 0.1319
[Epoch 90] step 550 loss: 0.1230
[Epoch 90] step 560 loss: 0.1104
[Epoch 90] step 570 loss: 0.1631
[Epoch 90] step 580 loss: 0.1076
[Epoch 90] step 590 loss: 0.1091
[Epoch 90] step 600 loss: 0.1078
[Epoch 90] step 610 loss: 0.1316
[Epoch 90] step 620 loss: 0.1506
[Epoch 90] step 630 loss: 0.1629
[Epoch 90] step 640 loss: 0.1359
[Epoch 90] step 650 loss: 0.1463
[Epoch 90] step 660 loss: 0.1614
[Epoch 90] step 670 loss: 0.1827
[Epoch 90] step 680 loss: 0.1539
[Epoch 90] step 690 loss: 0.1530
[Epoch 90] step 700 loss: 0.0986
[Epoch 90] step 710 loss: 0.1066
[Epoch 90] step 720 loss: 0.1091
[Epoch 90] step 730 loss: 0.1510
[Epoch 90] step 740 loss: 0.1397
==== Epoch 90 avg loss: 0.1215 ====
[Epoch 91] step 0 loss: 0.0869
[Epoch 91] step 10 loss: 0.1177
[Epoch 91] step 20 loss: 0.1266
[Epoch 91] step 30 loss: 0.1520
[Epoch 91] step 40 loss: 0.1032
[Epoch 91] step 50 loss: 0.0928
[Epoch 91] step 60 loss: 0.1269
[Epoch 91] step 70 loss: 0.1240
[Epoch 91] step 80 loss: 0.0914
[Epoch 91] step 90 loss: 0.0907
[Epoch 91] step 100 loss: 0.1110
[Epoch 91] step 110 loss: 0.1179
[Epoch 91] step 120 loss: 0.0656
[Epoch 91] step 130 loss: 0.0986
[Epoch 91] step 140 loss: 0.1634
[Epoch 91] step 150 loss: 0.1391
[Epoch 91] step 160 loss: 0.1189
[Epoch 91] step 170 loss: 0.1695
[Epoch 91] step 180 loss: 0.0848
[Epoch 91] step 190 loss: 0.0976
[Epoch 91] step 200 loss: 0.1168
[Epoch 91] step 210 loss: 0.1136
[Epoch 91] step 220 loss: 0.0941
[Epoch 91] step 230 loss: 0.1118
[Epoch 91] step 240 loss: 0.1116
[Epoch 91] step 250 loss: 0.1247
[Epoch 91] step 260 loss: 0.0627
[Epoch 91] step 270 loss: 0.0987
[Epoch 91] step 280 loss: 0.0729
[Epoch 91] step 290 loss: 0.1180
[Epoch 91] step 300 loss: 0.0547
[Epoch 91] step 310 loss: 0.1064
[Epoch 91] step 320 loss: 0.0947
[Epoch 91] step 330 loss: 0.1119
[Epoch 91] step 340 loss: 0.1219
[Epoch 91] step 350 loss: 0.0899
[Epoch 91] step 360 loss: 0.0980
[Epoch 91] step 370 loss: 0.1531
[Epoch 91] step 380 loss: 0.0954
[Epoch 91] step 390 loss: 0.1453
[Epoch 91] step 400 loss: 0.0725
[Epoch 91] step 410 loss: 0.1108
[Epoch 91] step 420 loss: 0.1379
[Epoch 91] step 430 loss: 0.1444
[Epoch 91] step 440 loss: 0.0887
[Epoch 91] step 450 loss: 0.1320
[Epoch 91] step 460 loss: 0.1071
[Epoch 91] step 470 loss: 0.1439
[Epoch 91] step 480 loss: 0.0725
[Epoch 91] step 490 loss: 0.1366
[Epoch 91] step 500 loss: 0.1084
[Epoch 91] step 510 loss: 0.1416
[Epoch 91] step 520 loss: 0.0971
[Epoch 91] step 530 loss: 0.1141
[Epoch 91] step 540 loss: 0.1055
[Epoch 91] step 550 loss: 0.1199
[Epoch 91] step 560 loss: 0.1413
[Epoch 91] step 570 loss: 0.1064
[Epoch 91] step 580 loss: 0.1262
[Epoch 91] step 590 loss: 0.0840
[Epoch 91] step 600 loss: 0.1156
[Epoch 91] step 610 loss: 0.0986
[Epoch 91] step 620 loss: 0.1204
[Epoch 91] step 630 loss: 0.1142
[Epoch 91] step 640 loss: 0.1110
[Epoch 91] step 650 loss: 0.1455
[Epoch 91] step 660 loss: 0.1455
[Epoch 91] step 670 loss: 0.1398
[Epoch 91] step 680 loss: 0.0557
[Epoch 91] step 690 loss: 0.1187
[Epoch 91] step 700 loss: 0.1933
[Epoch 91] step 710 loss: 0.1578
[Epoch 91] step 720 loss: 0.1380
[Epoch 91] step 730 loss: 0.1123
[Epoch 91] step 740 loss: 0.1102
==== Epoch 91 avg loss: 0.1135 ====
[Epoch 92] step 0 loss: 0.1511
[Epoch 92] step 10 loss: 0.1587
[Epoch 92] step 20 loss: 0.1014
[Epoch 92] step 30 loss: 0.1316
[Epoch 92] step 40 loss: 0.1085
[Epoch 92] step 50 loss: 0.0911
[Epoch 92] step 60 loss: 0.1420
[Epoch 92] step 70 loss: 0.0949
[Epoch 92] step 80 loss: 0.0827
[Epoch 92] step 90 loss: 0.0660
[Epoch 92] step 100 loss: 0.0861
[Epoch 92] step 110 loss: 0.0780
[Epoch 92] step 120 loss: 0.0939
[Epoch 92] step 130 loss: 0.0668
[Epoch 92] step 140 loss: 0.0906
[Epoch 92] step 150 loss: 0.0618
[Epoch 92] step 160 loss: 0.1407
[Epoch 92] step 170 loss: 0.0780
[Epoch 92] step 180 loss: 0.1419
[Epoch 92] step 190 loss: 0.1174
[Epoch 92] step 200 loss: 0.0977
[Epoch 92] step 210 loss: 0.0813
[Epoch 92] step 220 loss: 0.1056
[Epoch 92] step 230 loss: 0.1325
[Epoch 92] step 240 loss: 0.0984
[Epoch 92] step 250 loss: 0.1427
[Epoch 92] step 260 loss: 0.0836
[Epoch 92] step 270 loss: 0.1016
[Epoch 92] step 280 loss: 0.1195
[Epoch 92] step 290 loss: 0.0940
[Epoch 92] step 300 loss: 0.1119
[Epoch 92] step 310 loss: 0.0792
[Epoch 92] step 320 loss: 0.1263
[Epoch 92] step 330 loss: 0.1172
[Epoch 92] step 340 loss: 0.1194
[Epoch 92] step 350 loss: 0.1251
[Epoch 92] step 360 loss: 0.1308
[Epoch 92] step 370 loss: 0.0976
[Epoch 92] step 380 loss: 0.1082
[Epoch 92] step 390 loss: 0.1008
[Epoch 92] step 400 loss: 0.0819
[Epoch 92] step 410 loss: 0.1207
[Epoch 92] step 420 loss: 0.1019
[Epoch 92] step 430 loss: 0.1046
[Epoch 92] step 440 loss: 0.0887
[Epoch 92] step 450 loss: 0.0985
[Epoch 92] step 460 loss: 0.0708
[Epoch 92] step 470 loss: 0.0884
[Epoch 92] step 480 loss: 0.0679
[Epoch 92] step 490 loss: 0.1026
[Epoch 92] step 500 loss: 0.1012
[Epoch 92] step 510 loss: 0.0910
[Epoch 92] step 520 loss: 0.1078
[Epoch 92] step 530 loss: 0.1215
[Epoch 92] step 540 loss: 0.1119
[Epoch 92] step 550 loss: 0.0703
[Epoch 92] step 560 loss: 0.1169
[Epoch 92] step 570 loss: 0.1386
[Epoch 92] step 580 loss: 0.0969
[Epoch 92] step 590 loss: 0.0468
[Epoch 92] step 600 loss: 0.0644
[Epoch 92] step 610 loss: 0.1205
[Epoch 92] step 620 loss: 0.1746
[Epoch 92] step 630 loss: 0.1242
[Epoch 92] step 640 loss: 0.0722
[Epoch 92] step 650 loss: 0.0896
[Epoch 92] step 660 loss: 0.0784
[Epoch 92] step 670 loss: 0.1006
[Epoch 92] step 680 loss: 0.0934
[Epoch 92] step 690 loss: 0.0894
[Epoch 92] step 700 loss: 0.1263
[Epoch 92] step 710 loss: 0.0709
[Epoch 92] step 720 loss: 0.0770
[Epoch 92] step 730 loss: 0.1117
[Epoch 92] step 740 loss: 0.0761
==== Epoch 92 avg loss: 0.1002 ====
[Epoch 93] step 0 loss: 0.0830
[Epoch 93] step 10 loss: 0.0593
[Epoch 93] step 20 loss: 0.1140
[Epoch 93] step 30 loss: 0.0875
[Epoch 93] step 40 loss: 0.0848
[Epoch 93] step 50 loss: 0.1067
[Epoch 93] step 60 loss: 0.0776
[Epoch 93] step 70 loss: 0.0913
[Epoch 93] step 80 loss: 0.0922
[Epoch 93] step 90 loss: 0.0787
[Epoch 93] step 100 loss: 0.0524
[Epoch 93] step 110 loss: 0.0700
[Epoch 93] step 120 loss: 0.0981
[Epoch 93] step 130 loss: 0.0971
[Epoch 93] step 140 loss: 0.1387
[Epoch 93] step 150 loss: 0.1144
[Epoch 93] step 160 loss: 0.1247
[Epoch 93] step 170 loss: 0.0839
[Epoch 93] step 180 loss: 0.0648
[Epoch 93] step 190 loss: 0.0848
[Epoch 93] step 200 loss: 0.0625
[Epoch 93] step 210 loss: 0.0876
[Epoch 93] step 220 loss: 0.0435
[Epoch 93] step 230 loss: 0.0775
[Epoch 93] step 240 loss: 0.0921
[Epoch 93] step 250 loss: 0.0991
[Epoch 93] step 260 loss: 0.0572
[Epoch 93] step 270 loss: 0.0937
[Epoch 93] step 280 loss: 0.0560
[Epoch 93] step 290 loss: 0.1478
[Epoch 93] step 300 loss: 0.0802
[Epoch 93] step 310 loss: 0.0759
[Epoch 93] step 320 loss: 0.0815
[Epoch 93] step 330 loss: 0.0911
[Epoch 93] step 340 loss: 0.0384
[Epoch 93] step 350 loss: 0.1075
[Epoch 93] step 360 loss: 0.1053
[Epoch 93] step 370 loss: 0.1058
[Epoch 93] step 380 loss: 0.1105
[Epoch 93] step 390 loss: 0.1311
[Epoch 93] step 400 loss: 0.1647
[Epoch 93] step 410 loss: 0.0898
[Epoch 93] step 420 loss: 0.0911
[Epoch 93] step 430 loss: 0.0930
[Epoch 93] step 440 loss: 0.1138
[Epoch 93] step 450 loss: 0.1171
[Epoch 93] step 460 loss: 0.1001
[Epoch 93] step 470 loss: 0.1217
[Epoch 93] step 480 loss: 0.0742
[Epoch 93] step 490 loss: 0.1059
[Epoch 93] step 500 loss: 0.0619
[Epoch 93] step 510 loss: 0.0623
[Epoch 93] step 520 loss: 0.0684
[Epoch 93] step 530 loss: 0.0680
[Epoch 93] step 540 loss: 0.0553
[Epoch 93] step 550 loss: 0.0682
[Epoch 93] step 560 loss: 0.0694
[Epoch 93] step 570 loss: 0.0996
[Epoch 93] step 580 loss: 0.0795
[Epoch 93] step 590 loss: 0.0955
[Epoch 93] step 600 loss: 0.0812
[Epoch 93] step 610 loss: 0.1142
[Epoch 93] step 620 loss: 0.1330
[Epoch 93] step 630 loss: 0.0817
[Epoch 93] step 640 loss: 0.0889
[Epoch 93] step 650 loss: 0.0785
[Epoch 93] step 660 loss: 0.0768
[Epoch 93] step 670 loss: 0.0687
[Epoch 93] step 680 loss: 0.0673
[Epoch 93] step 690 loss: 0.0610
[Epoch 93] step 700 loss: 0.1228
[Epoch 93] step 710 loss: 0.0835
[Epoch 93] step 720 loss: 0.0897
[Epoch 93] step 730 loss: 0.0997
[Epoch 93] step 740 loss: 0.1259
==== Epoch 93 avg loss: 0.0904 ====
[Epoch 94] step 0 loss: 0.0744
[Epoch 94] step 10 loss: 0.0745
[Epoch 94] step 20 loss: 0.0663
[Epoch 94] step 30 loss: 0.1011
[Epoch 94] step 40 loss: 0.0719
[Epoch 94] step 50 loss: 0.0557
[Epoch 94] step 60 loss: 0.0641
[Epoch 94] step 70 loss: 0.0955
[Epoch 94] step 80 loss: 0.1025
[Epoch 94] step 90 loss: 0.0843
[Epoch 94] step 100 loss: 0.0709
[Epoch 94] step 110 loss: 0.0761
[Epoch 94] step 120 loss: 0.0682
[Epoch 94] step 130 loss: 0.0605
[Epoch 94] step 140 loss: 0.1076
[Epoch 94] step 150 loss: 0.0804
[Epoch 94] step 160 loss: 0.0757
[Epoch 94] step 170 loss: 0.0562
[Epoch 94] step 180 loss: 0.1331
[Epoch 94] step 190 loss: 0.0679
[Epoch 94] step 200 loss: 0.0755
[Epoch 94] step 210 loss: 0.0642
[Epoch 94] step 220 loss: 0.0962
[Epoch 94] step 230 loss: 0.0794
[Epoch 94] step 240 loss: 0.0978
[Epoch 94] step 250 loss: 0.0737
[Epoch 94] step 260 loss: 0.0656
[Epoch 94] step 270 loss: 0.0752
[Epoch 94] step 280 loss: 0.0607
[Epoch 94] step 290 loss: 0.0865
[Epoch 94] step 300 loss: 0.0563
[Epoch 94] step 310 loss: 0.0513
[Epoch 94] step 320 loss: 0.0624
[Epoch 94] step 330 loss: 0.0966
[Epoch 94] step 340 loss: 0.0586
[Epoch 94] step 350 loss: 0.0867
[Epoch 94] step 360 loss: 0.0686
[Epoch 94] step 370 loss: 0.0423
[Epoch 94] step 380 loss: 0.0903
[Epoch 94] step 390 loss: 0.0811
[Epoch 94] step 400 loss: 0.0455
[Epoch 94] step 410 loss: 0.0783
[Epoch 94] step 420 loss: 0.0907
[Epoch 94] step 430 loss: 0.0878
[Epoch 94] step 440 loss: 0.0691
[Epoch 94] step 450 loss: 0.0729
[Epoch 94] step 460 loss: 0.0964
[Epoch 94] step 470 loss: 0.0385
[Epoch 94] step 480 loss: 0.1150
[Epoch 94] step 490 loss: 0.0558
[Epoch 94] step 500 loss: 0.0728
[Epoch 94] step 510 loss: 0.0595
[Epoch 94] step 520 loss: 0.0619
[Epoch 94] step 530 loss: 0.0853
[Epoch 94] step 540 loss: 0.0942
[Epoch 94] step 550 loss: 0.0970
[Epoch 94] step 560 loss: 0.0629
[Epoch 94] step 570 loss: 0.0726
[Epoch 94] step 580 loss: 0.0840
[Epoch 94] step 590 loss: 0.0919
[Epoch 94] step 600 loss: 0.1138
[Epoch 94] step 610 loss: 0.1296
[Epoch 94] step 620 loss: 0.0699
[Epoch 94] step 630 loss: 0.1098
[Epoch 94] step 640 loss: 0.0745
[Epoch 94] step 650 loss: 0.1087
[Epoch 94] step 660 loss: 0.1365
[Epoch 94] step 670 loss: 0.1731
[Epoch 94] step 680 loss: 0.1339
[Epoch 94] step 690 loss: 0.1056
[Epoch 94] step 700 loss: 0.0793
[Epoch 94] step 710 loss: 0.0875
[Epoch 94] step 720 loss: 0.0763
[Epoch 94] step 730 loss: 0.1072
[Epoch 94] step 740 loss: 0.0994
==== Epoch 94 avg loss: 0.0892 ====
[Epoch 95] step 0 loss: 0.0807
[Epoch 95] step 10 loss: 0.0887
[Epoch 95] step 20 loss: 0.1034
[Epoch 95] step 30 loss: 0.1166
[Epoch 95] step 40 loss: 0.2131
[Epoch 95] step 50 loss: 0.0995
[Epoch 95] step 60 loss: 0.0784
[Epoch 95] step 70 loss: 0.0588
[Epoch 95] step 80 loss: 0.1199
[Epoch 95] step 90 loss: 0.1272
[Epoch 95] step 100 loss: 0.0482
[Epoch 95] step 110 loss: 0.1254
[Epoch 95] step 120 loss: 0.1295
[Epoch 95] step 130 loss: 0.0469
[Epoch 95] step 140 loss: 0.1432
[Epoch 95] step 150 loss: 0.1337
[Epoch 95] step 160 loss: 0.1276
[Epoch 95] step 170 loss: 0.0918
[Epoch 95] step 180 loss: 0.0921
[Epoch 95] step 190 loss: 0.1136
[Epoch 95] step 200 loss: 0.0895
[Epoch 95] step 210 loss: 0.1165
[Epoch 95] step 220 loss: 0.0613
[Epoch 95] step 230 loss: 0.1247
[Epoch 95] step 240 loss: 0.0799
[Epoch 95] step 250 loss: 0.1280
[Epoch 95] step 260 loss: 0.0517
[Epoch 95] step 270 loss: 0.0692
[Epoch 95] step 280 loss: 0.1076
[Epoch 95] step 290 loss: 0.0989
[Epoch 95] step 300 loss: 0.2144
[Epoch 95] step 310 loss: 0.0643
[Epoch 95] step 320 loss: 0.0790
[Epoch 95] step 330 loss: 0.1412
[Epoch 95] step 340 loss: 0.0829
[Epoch 95] step 350 loss: 0.1292
[Epoch 95] step 360 loss: 0.0725
[Epoch 95] step 370 loss: 0.0802
[Epoch 95] step 380 loss: 0.0896
[Epoch 95] step 390 loss: 0.1032
[Epoch 95] step 400 loss: 0.0745
[Epoch 95] step 410 loss: 0.1216
[Epoch 95] step 420 loss: 0.0995
[Epoch 95] step 430 loss: 0.0629
[Epoch 95] step 440 loss: 0.0918
[Epoch 95] step 450 loss: 0.1260
[Epoch 95] step 460 loss: 0.0720
[Epoch 95] step 470 loss: 0.0578
[Epoch 95] step 480 loss: 0.0884
[Epoch 95] step 490 loss: 0.1112
[Epoch 95] step 500 loss: 0.1199
[Epoch 95] step 510 loss: 0.1637
[Epoch 95] step 520 loss: 0.0860
[Epoch 95] step 530 loss: 0.1444
[Epoch 95] step 540 loss: 0.0867
[Epoch 95] step 550 loss: 0.0847
[Epoch 95] step 560 loss: 0.0911
[Epoch 95] step 570 loss: 0.1366
[Epoch 95] step 580 loss: 0.1139
[Epoch 95] step 590 loss: 0.1003
[Epoch 95] step 600 loss: 0.0973
[Epoch 95] step 610 loss: 0.0650
[Epoch 95] step 620 loss: 0.0805
[Epoch 95] step 630 loss: 0.1179
[Epoch 95] step 640 loss: 0.0860
[Epoch 95] step 650 loss: 0.0955
[Epoch 95] step 660 loss: 0.1248
[Epoch 95] step 670 loss: 0.1757
[Epoch 95] step 680 loss: 0.0618
[Epoch 95] step 690 loss: 0.0807
[Epoch 95] step 700 loss: 0.0828
[Epoch 95] step 710 loss: 0.1558
[Epoch 95] step 720 loss: 0.1311
[Epoch 95] step 730 loss: 0.1212
[Epoch 95] step 740 loss: 0.1008
==== Epoch 95 avg loss: 0.1037 ====
[Epoch 96] step 0 loss: 0.1747
[Epoch 96] step 10 loss: 0.1064
[Epoch 96] step 20 loss: 0.1595
[Epoch 96] step 30 loss: 0.1118
[Epoch 96] step 40 loss: 0.0673
[Epoch 96] step 50 loss: 0.1168
[Epoch 96] step 60 loss: 0.1159
[Epoch 96] step 70 loss: 0.1365
[Epoch 96] step 80 loss: 0.2185
[Epoch 96] step 90 loss: 0.0680
[Epoch 96] step 100 loss: 0.1105
[Epoch 96] step 110 loss: 0.1011
[Epoch 96] step 120 loss: 0.0811
[Epoch 96] step 130 loss: 0.1098
[Epoch 96] step 140 loss: 0.0686
[Epoch 96] step 150 loss: 0.0888
[Epoch 96] step 160 loss: 0.0835
[Epoch 96] step 170 loss: 0.1186
[Epoch 96] step 180 loss: 0.0845
[Epoch 96] step 190 loss: 0.0899
[Epoch 96] step 200 loss: 0.0916
[Epoch 96] step 210 loss: 0.0798
[Epoch 96] step 220 loss: 0.0801
[Epoch 96] step 230 loss: 0.0785
[Epoch 96] step 240 loss: 0.1317
[Epoch 96] step 250 loss: 0.1157
[Epoch 96] step 260 loss: 0.1174
[Epoch 96] step 270 loss: 0.0838
[Epoch 96] step 280 loss: 0.0894
[Epoch 96] step 290 loss: 0.0657
[Epoch 96] step 300 loss: 0.0881
[Epoch 96] step 310 loss: 0.0892
[Epoch 96] step 320 loss: 0.1182
[Epoch 96] step 330 loss: 0.0970
[Epoch 96] step 340 loss: 0.1087
[Epoch 96] step 350 loss: 0.1184
[Epoch 96] step 360 loss: 0.0710
[Epoch 96] step 370 loss: 0.1126
[Epoch 96] step 380 loss: 0.0865
[Epoch 96] step 390 loss: 0.0993
[Epoch 96] step 400 loss: 0.0759
[Epoch 96] step 410 loss: 0.1006
[Epoch 96] step 420 loss: 0.1331
[Epoch 96] step 430 loss: 0.0868
[Epoch 96] step 440 loss: 0.0937
[Epoch 96] step 450 loss: 0.0971
[Epoch 96] step 460 loss: 0.0892
[Epoch 96] step 470 loss: 0.1240
[Epoch 96] step 480 loss: 0.0930
[Epoch 96] step 490 loss: 0.1109
[Epoch 96] step 500 loss: 0.1083
[Epoch 96] step 510 loss: 0.1177
[Epoch 96] step 520 loss: 0.0886
[Epoch 96] step 530 loss: 0.1155
[Epoch 96] step 540 loss: 0.0511
[Epoch 96] step 550 loss: 0.0777
[Epoch 96] step 560 loss: 0.0980
[Epoch 96] step 570 loss: 0.1227
[Epoch 96] step 580 loss: 0.1252
[Epoch 96] step 590 loss: 0.0832
[Epoch 96] step 600 loss: 0.1284
[Epoch 96] step 610 loss: 0.1058
[Epoch 96] step 620 loss: 0.1279
[Epoch 96] step 630 loss: 0.1655
[Epoch 96] step 640 loss: 0.1562
[Epoch 96] step 650 loss: 0.1388
[Epoch 96] step 660 loss: 0.1224
[Epoch 96] step 670 loss: 0.1438
[Epoch 96] step 680 loss: 0.0965
[Epoch 96] step 690 loss: 0.0694
[Epoch 96] step 700 loss: 0.0761
[Epoch 96] step 710 loss: 0.1014
[Epoch 96] step 720 loss: 0.1158
[Epoch 96] step 730 loss: 0.1314
[Epoch 96] step 740 loss: 0.1183
==== Epoch 96 avg loss: 0.0985 ====
[Epoch 97] step 0 loss: 0.1026
[Epoch 97] step 10 loss: 0.0613
[Epoch 97] step 20 loss: 0.0923
[Epoch 97] step 30 loss: 0.1058
[Epoch 97] step 40 loss: 0.0854
[Epoch 97] step 50 loss: 0.0752
[Epoch 97] step 60 loss: 0.0921
[Epoch 97] step 70 loss: 0.0420
[Epoch 97] step 80 loss: 0.0477
[Epoch 97] step 90 loss: 0.0888
[Epoch 97] step 100 loss: 0.0658
[Epoch 97] step 110 loss: 0.0704
[Epoch 97] step 120 loss: 0.0661
[Epoch 97] step 130 loss: 0.1145
[Epoch 97] step 140 loss: 0.0672
[Epoch 97] step 150 loss: 0.1130
[Epoch 97] step 160 loss: 0.0940
[Epoch 97] step 170 loss: 0.0982
[Epoch 97] step 180 loss: 0.0650
[Epoch 97] step 190 loss: 0.1684
[Epoch 97] step 200 loss: 0.0660
[Epoch 97] step 210 loss: 0.0908
[Epoch 97] step 220 loss: 0.0669
[Epoch 97] step 230 loss: 0.1147
[Epoch 97] step 240 loss: 0.1139
[Epoch 97] step 250 loss: 0.0613
[Epoch 97] step 260 loss: 0.0800
[Epoch 97] step 270 loss: 0.0777
[Epoch 97] step 280 loss: 0.1044
[Epoch 97] step 290 loss: 0.0781
[Epoch 97] step 300 loss: 0.0880
[Epoch 97] step 310 loss: 0.0964
[Epoch 97] step 320 loss: 0.0769
[Epoch 97] step 330 loss: 0.1073
[Epoch 97] step 340 loss: 0.1060
[Epoch 97] step 350 loss: 0.1113
[Epoch 97] step 360 loss: 0.0877
[Epoch 97] step 370 loss: 0.0839
[Epoch 97] step 380 loss: 0.1228
[Epoch 97] step 390 loss: 0.1637
[Epoch 97] step 400 loss: 0.0881
[Epoch 97] step 410 loss: 0.1431
[Epoch 97] step 420 loss: 0.0804
[Epoch 97] step 430 loss: 0.1686
[Epoch 97] step 440 loss: 0.0352
[Epoch 97] step 450 loss: 0.1210
[Epoch 97] step 460 loss: 0.0761
[Epoch 97] step 470 loss: 0.1079
[Epoch 97] step 480 loss: 0.0715
[Epoch 97] step 490 loss: 0.0987
[Epoch 97] step 500 loss: 0.0798
[Epoch 97] step 510 loss: 0.0550
[Epoch 97] step 520 loss: 0.0390
[Epoch 97] step 530 loss: 0.0622
[Epoch 97] step 540 loss: 0.0527
[Epoch 97] step 550 loss: 0.0779
[Epoch 97] step 560 loss: 0.0816
[Epoch 97] step 570 loss: 0.0644
[Epoch 97] step 580 loss: 0.0578
[Epoch 97] step 590 loss: 0.0876
[Epoch 97] step 600 loss: 0.0558
[Epoch 97] step 610 loss: 0.1141
[Epoch 97] step 620 loss: 0.0835
[Epoch 97] step 630 loss: 0.0878
[Epoch 97] step 640 loss: 0.0694
[Epoch 97] step 650 loss: 0.0592
[Epoch 97] step 660 loss: 0.0809
[Epoch 97] step 670 loss: 0.1039
[Epoch 97] step 680 loss: 0.1057
[Epoch 97] step 690 loss: 0.1308
[Epoch 97] step 700 loss: 0.0929
[Epoch 97] step 710 loss: 0.0677
[Epoch 97] step 720 loss: 0.0929
[Epoch 97] step 730 loss: 0.0782
[Epoch 97] step 740 loss: 0.0834
==== Epoch 97 avg loss: 0.0889 ====
[Epoch 98] step 0 loss: 0.1065
[Epoch 98] step 10 loss: 0.0610
[Epoch 98] step 20 loss: 0.1148
[Epoch 98] step 30 loss: 0.1103
[Epoch 98] step 40 loss: 0.0445
[Epoch 98] step 50 loss: 0.0957
[Epoch 98] step 60 loss: 0.0505
[Epoch 98] step 70 loss: 0.0765
[Epoch 98] step 80 loss: 0.0630
[Epoch 98] step 90 loss: 0.0774
[Epoch 98] step 100 loss: 0.0334
[Epoch 98] step 110 loss: 0.0779
[Epoch 98] step 120 loss: 0.0629
[Epoch 98] step 130 loss: 0.0405
[Epoch 98] step 140 loss: 0.0739
[Epoch 98] step 150 loss: 0.0711
[Epoch 98] step 160 loss: 0.1267
[Epoch 98] step 170 loss: 0.0756
[Epoch 98] step 180 loss: 0.1321
[Epoch 98] step 190 loss: 0.0551
[Epoch 98] step 200 loss: 0.0831
[Epoch 98] step 210 loss: 0.0488
[Epoch 98] step 220 loss: 0.0528
[Epoch 98] step 230 loss: 0.0386
[Epoch 98] step 240 loss: 0.1084
[Epoch 98] step 250 loss: 0.0592
[Epoch 98] step 260 loss: 0.0472
[Epoch 98] step 270 loss: 0.1023
[Epoch 98] step 280 loss: 0.0651
[Epoch 98] step 290 loss: 0.1123
[Epoch 98] step 300 loss: 0.0866
[Epoch 98] step 310 loss: 0.0399
[Epoch 98] step 320 loss: 0.0693
[Epoch 98] step 330 loss: 0.0610
[Epoch 98] step 340 loss: 0.1039
[Epoch 98] step 350 loss: 0.0632
[Epoch 98] step 360 loss: 0.0483
[Epoch 98] step 370 loss: 0.0732
[Epoch 98] step 380 loss: 0.0800
[Epoch 98] step 390 loss: 0.1086
[Epoch 98] step 400 loss: 0.0608
[Epoch 98] step 410 loss: 0.0627
[Epoch 98] step 420 loss: 0.1066
[Epoch 98] step 430 loss: 0.1263
[Epoch 98] step 440 loss: 0.0983
[Epoch 98] step 450 loss: 0.0879
[Epoch 98] step 460 loss: 0.0464
[Epoch 98] step 470 loss: 0.0951
[Epoch 98] step 480 loss: 0.1114
[Epoch 98] step 490 loss: 0.0851
[Epoch 98] step 500 loss: 0.1007
[Epoch 98] step 510 loss: 0.0739
[Epoch 98] step 520 loss: 0.0730
[Epoch 98] step 530 loss: 0.0592
[Epoch 98] step 540 loss: 0.0648
[Epoch 98] step 550 loss: 0.0794
[Epoch 98] step 560 loss: 0.0474
[Epoch 98] step 570 loss: 0.1129
[Epoch 98] step 580 loss: 0.0818
[Epoch 98] step 590 loss: 0.0913
[Epoch 98] step 600 loss: 0.0943
[Epoch 98] step 610 loss: 0.0761
[Epoch 98] step 620 loss: 0.0770
[Epoch 98] step 630 loss: 0.0583
[Epoch 98] step 640 loss: 0.0805
[Epoch 98] step 650 loss: 0.0955
[Epoch 98] step 660 loss: 0.1031
[Epoch 98] step 670 loss: 0.0843
[Epoch 98] step 680 loss: 0.0692
[Epoch 98] step 690 loss: 0.0801
[Epoch 98] step 700 loss: 0.0931
[Epoch 98] step 710 loss: 0.0726
[Epoch 98] step 720 loss: 0.0802
[Epoch 98] step 730 loss: 0.0880
[Epoch 98] step 740 loss: 0.0533
==== Epoch 98 avg loss: 0.0795 ====
[Epoch 99] step 0 loss: 0.0938
[Epoch 99] step 10 loss: 0.0414
[Epoch 99] step 20 loss: 0.0742
[Epoch 99] step 30 loss: 0.0851
[Epoch 99] step 40 loss: 0.1049
[Epoch 99] step 50 loss: 0.0911
[Epoch 99] step 60 loss: 0.0646
[Epoch 99] step 70 loss: 0.0963
[Epoch 99] step 80 loss: 0.0776
[Epoch 99] step 90 loss: 0.0594
[Epoch 99] step 100 loss: 0.1152
[Epoch 99] step 110 loss: 0.0858
[Epoch 99] step 120 loss: 0.0960
[Epoch 99] step 130 loss: 0.1462
[Epoch 99] step 140 loss: 0.0865
[Epoch 99] step 150 loss: 0.0350
[Epoch 99] step 160 loss: 0.0855
[Epoch 99] step 170 loss: 0.0937
[Epoch 99] step 180 loss: 0.0997
[Epoch 99] step 190 loss: 0.0803
[Epoch 99] step 200 loss: 0.0687
[Epoch 99] step 210 loss: 0.1579
[Epoch 99] step 220 loss: 0.0921
[Epoch 99] step 230 loss: 0.0690
[Epoch 99] step 240 loss: 0.0949
[Epoch 99] step 250 loss: 0.0688
[Epoch 99] step 260 loss: 0.0528
[Epoch 99] step 270 loss: 0.0531
[Epoch 99] step 280 loss: 0.0896
[Epoch 99] step 290 loss: 0.0731
[Epoch 99] step 300 loss: 0.0686
[Epoch 99] step 310 loss: 0.1202
[Epoch 99] step 320 loss: 0.0634
[Epoch 99] step 330 loss: 0.0995
[Epoch 99] step 340 loss: 0.0728
[Epoch 99] step 350 loss: 0.0562
[Epoch 99] step 360 loss: 0.0816
[Epoch 99] step 370 loss: 0.0702
[Epoch 99] step 380 loss: 0.1006
[Epoch 99] step 390 loss: 0.0814
[Epoch 99] step 400 loss: 0.0850
[Epoch 99] step 410 loss: 0.1744
[Epoch 99] step 420 loss: 0.0840
[Epoch 99] step 430 loss: 0.1012
[Epoch 99] step 440 loss: 0.1129
[Epoch 99] step 450 loss: 0.0848
[Epoch 99] step 460 loss: 0.1077
[Epoch 99] step 470 loss: 0.0523
[Epoch 99] step 480 loss: 0.0748
[Epoch 99] step 490 loss: 0.0680
[Epoch 99] step 500 loss: 0.1022
[Epoch 99] step 510 loss: 0.0845
[Epoch 99] step 520 loss: 0.1010
[Epoch 99] step 530 loss: 0.1180
[Epoch 99] step 540 loss: 0.1812
[Epoch 99] step 550 loss: 0.0925
[Epoch 99] step 560 loss: 0.0865
[Epoch 99] step 570 loss: 0.0709
[Epoch 99] step 580 loss: 0.0753
[Epoch 99] step 590 loss: 0.1076
[Epoch 99] step 600 loss: 0.0886
[Epoch 99] step 610 loss: 0.0984
[Epoch 99] step 620 loss: 0.1075
[Epoch 99] step 630 loss: 0.1411
[Epoch 99] step 640 loss: 0.1761
[Epoch 99] step 650 loss: 0.1099
[Epoch 99] step 660 loss: 0.0930
[Epoch 99] step 670 loss: 0.1126
[Epoch 99] step 680 loss: 0.0800
[Epoch 99] step 690 loss: 0.0841
[Epoch 99] step 700 loss: 0.1045
[Epoch 99] step 710 loss: 0.0843
[Epoch 99] step 720 loss: 0.0832
[Epoch 99] step 730 loss: 0.0908
[Epoch 99] step 740 loss: 0.0883
==== Epoch 99 avg loss: 0.0913 ====
[Epoch 100] step 0 loss: 0.0366
[Epoch 100] step 10 loss: 0.0592
[Epoch 100] step 20 loss: 0.0998
[Epoch 100] step 30 loss: 0.0780
[Epoch 100] step 40 loss: 0.1470
[Epoch 100] step 50 loss: 0.1060
[Epoch 100] step 60 loss: 0.1173
[Epoch 100] step 70 loss: 0.0567
[Epoch 100] step 80 loss: 0.0682
[Epoch 100] step 90 loss: 0.0842
[Epoch 100] step 100 loss: 0.0610
[Epoch 100] step 110 loss: 0.0823
[Epoch 100] step 120 loss: 0.1210
[Epoch 100] step 130 loss: 0.0835
[Epoch 100] step 140 loss: 0.0966
[Epoch 100] step 150 loss: 0.1629
[Epoch 100] step 160 loss: 0.0733
[Epoch 100] step 170 loss: 0.0970
[Epoch 100] step 180 loss: 0.0631
[Epoch 100] step 190 loss: 0.1006
[Epoch 100] step 200 loss: 0.0488
[Epoch 100] step 210 loss: 0.0642
[Epoch 100] step 220 loss: 0.1184
[Epoch 100] step 230 loss: 0.0539
[Epoch 100] step 240 loss: 0.0910
[Epoch 100] step 250 loss: 0.0870
[Epoch 100] step 260 loss: 0.0472
[Epoch 100] step 270 loss: 0.1000
[Epoch 100] step 280 loss: 0.0726
[Epoch 100] step 290 loss: 0.0646
[Epoch 100] step 300 loss: 0.0473
[Epoch 100] step 310 loss: 0.0923
[Epoch 100] step 320 loss: 0.0965
[Epoch 100] step 330 loss: 0.0587
[Epoch 100] step 340 loss: 0.0477
[Epoch 100] step 350 loss: 0.1032
[Epoch 100] step 360 loss: 0.0862
[Epoch 100] step 370 loss: 0.1013
[Epoch 100] step 380 loss: 0.0953
[Epoch 100] step 390 loss: 0.0780
[Epoch 100] step 400 loss: 0.0727
[Epoch 100] step 410 loss: 0.0983
[Epoch 100] step 420 loss: 0.1312
[Epoch 100] step 430 loss: 0.0833
[Epoch 100] step 440 loss: 0.1273
[Epoch 100] step 450 loss: 0.0609
[Epoch 100] step 460 loss: 0.0656
[Epoch 100] step 470 loss: 0.1014
[Epoch 100] step 480 loss: 0.0865
[Epoch 100] step 490 loss: 0.0914
[Epoch 100] step 500 loss: 0.1301
[Epoch 100] step 510 loss: 0.0837
[Epoch 100] step 520 loss: 0.0626
[Epoch 100] step 530 loss: 0.0551
[Epoch 100] step 540 loss: 0.1252
[Epoch 100] step 550 loss: 0.1317
[Epoch 100] step 560 loss: 0.1015
[Epoch 100] step 570 loss: 0.0935
[Epoch 100] step 580 loss: 0.1799
[Epoch 100] step 590 loss: 0.0537
[Epoch 100] step 600 loss: 0.0782
[Epoch 100] step 610 loss: 0.0721
[Epoch 100] step 620 loss: 0.0924
[Epoch 100] step 630 loss: 0.0962
[Epoch 100] step 640 loss: 0.0864
[Epoch 100] step 650 loss: 0.0697
[Epoch 100] step 660 loss: 0.1142
[Epoch 100] step 670 loss: 0.0785
[Epoch 100] step 680 loss: 0.1385
[Epoch 100] step 690 loss: 0.0660
[Epoch 100] step 700 loss: 0.0687
[Epoch 100] step 710 loss: 0.0901
[Epoch 100] step 720 loss: 0.0673
[Epoch 100] step 730 loss: 0.1127
[Epoch 100] step 740 loss: 0.1237
==== Epoch 100 avg loss: 0.0880 ====
[Epoch 101] step 0 loss: 0.0773
[Epoch 101] step 10 loss: 0.1096
[Epoch 101] step 20 loss: 0.0617
[Epoch 101] step 30 loss: 0.0841
[Epoch 101] step 40 loss: 0.0737
[Epoch 101] step 50 loss: 0.0483
[Epoch 101] step 60 loss: 0.1043
[Epoch 101] step 70 loss: 0.0744
[Epoch 101] step 80 loss: 0.0499
[Epoch 101] step 90 loss: 0.0896
[Epoch 101] step 100 loss: 0.0779
[Epoch 101] step 110 loss: 0.0898
[Epoch 101] step 120 loss: 0.0637
[Epoch 101] step 130 loss: 0.0591
[Epoch 101] step 140 loss: 0.0774
[Epoch 101] step 150 loss: 0.0765
[Epoch 101] step 160 loss: 0.0645
[Epoch 101] step 170 loss: 0.0720
[Epoch 101] step 180 loss: 0.0753
[Epoch 101] step 190 loss: 0.0979
[Epoch 101] step 200 loss: 0.0836
[Epoch 101] step 210 loss: 0.0621
[Epoch 101] step 220 loss: 0.0702
[Epoch 101] step 230 loss: 0.0921
[Epoch 101] step 240 loss: 0.1284
[Epoch 101] step 250 loss: 0.0736
[Epoch 101] step 260 loss: 0.0933
[Epoch 101] step 270 loss: 0.0874
[Epoch 101] step 280 loss: 0.0627
[Epoch 101] step 290 loss: 0.0601
[Epoch 101] step 300 loss: 0.0886
[Epoch 101] step 310 loss: 0.0971
[Epoch 101] step 320 loss: 0.0757
[Epoch 101] step 330 loss: 0.0737
[Epoch 101] step 340 loss: 0.0682
[Epoch 101] step 350 loss: 0.0811
[Epoch 101] step 360 loss: 0.1099
[Epoch 101] step 370 loss: 0.0708
[Epoch 101] step 380 loss: 0.0894
[Epoch 101] step 390 loss: 0.0575
[Epoch 101] step 400 loss: 0.0776
[Epoch 101] step 410 loss: 0.0747
[Epoch 101] step 420 loss: 0.0785
[Epoch 101] step 430 loss: 0.0770
[Epoch 101] step 440 loss: 0.1600
[Epoch 101] step 450 loss: 0.0697
[Epoch 101] step 460 loss: 0.0641
[Epoch 101] step 470 loss: 0.0801
[Epoch 101] step 480 loss: 0.0828
[Epoch 101] step 490 loss: 0.0787
[Epoch 101] step 500 loss: 0.0803
[Epoch 101] step 510 loss: 0.0755
[Epoch 101] step 520 loss: 0.1049
[Epoch 101] step 530 loss: 0.0875
[Epoch 101] step 540 loss: 0.0513
[Epoch 101] step 550 loss: 0.0764
[Epoch 101] step 560 loss: 0.0733
[Epoch 101] step 570 loss: 0.1179
[Epoch 101] step 580 loss: 0.0732
[Epoch 101] step 590 loss: 0.0863
[Epoch 101] step 600 loss: 0.0888
[Epoch 101] step 610 loss: 0.0846
[Epoch 101] step 620 loss: 0.0836
[Epoch 101] step 630 loss: 0.0676
[Epoch 101] step 640 loss: 0.1002
[Epoch 101] step 650 loss: 0.1093
[Epoch 101] step 660 loss: 0.1032
[Epoch 101] step 670 loss: 0.0355
[Epoch 101] step 680 loss: 0.0871
[Epoch 101] step 690 loss: 0.0793
[Epoch 101] step 700 loss: 0.0815
[Epoch 101] step 710 loss: 0.0732
[Epoch 101] step 720 loss: 0.0606
[Epoch 101] step 730 loss: 0.1514
[Epoch 101] step 740 loss: 0.0850
==== Epoch 101 avg loss: 0.0837 ====
[Epoch 102] step 0 loss: 0.0618
[Epoch 102] step 10 loss: 0.0446
[Epoch 102] step 20 loss: 0.0504
[Epoch 102] step 30 loss: 0.0916
[Epoch 102] step 40 loss: 0.0657
[Epoch 102] step 50 loss: 0.0654
[Epoch 102] step 60 loss: 0.0940
[Epoch 102] step 70 loss: 0.0858
[Epoch 102] step 80 loss: 0.1118
[Epoch 102] step 90 loss: 0.1315
[Epoch 102] step 100 loss: 0.0508
[Epoch 102] step 110 loss: 0.0699
[Epoch 102] step 120 loss: 0.0677
[Epoch 102] step 130 loss: 0.0676
[Epoch 102] step 140 loss: 0.1082
[Epoch 102] step 150 loss: 0.0355
[Epoch 102] step 160 loss: 0.0710
[Epoch 102] step 170 loss: 0.0656
[Epoch 102] step 180 loss: 0.0890
[Epoch 102] step 190 loss: 0.0317
[Epoch 102] step 200 loss: 0.1159
[Epoch 102] step 210 loss: 0.0782
[Epoch 102] step 220 loss: 0.0659
[Epoch 102] step 230 loss: 0.0613
[Epoch 102] step 240 loss: 0.0700
[Epoch 102] step 250 loss: 0.0617
[Epoch 102] step 260 loss: 0.0673
[Epoch 102] step 270 loss: 0.1294
[Epoch 102] step 280 loss: 0.0576
[Epoch 102] step 290 loss: 0.0971
[Epoch 102] step 300 loss: 0.0806
[Epoch 102] step 310 loss: 0.1056
[Epoch 102] step 320 loss: 0.1021
[Epoch 102] step 330 loss: 0.0643
[Epoch 102] step 340 loss: 0.0419
[Epoch 102] step 350 loss: 0.0740
[Epoch 102] step 360 loss: 0.0672
[Epoch 102] step 370 loss: 0.0544
[Epoch 102] step 380 loss: 0.1030
[Epoch 102] step 390 loss: 0.0510
[Epoch 102] step 400 loss: 0.1338
[Epoch 102] step 410 loss: 0.0914
[Epoch 102] step 420 loss: 0.0874
[Epoch 102] step 430 loss: 0.0372
[Epoch 102] step 440 loss: 0.1168
[Epoch 102] step 450 loss: 0.1137
[Epoch 102] step 460 loss: 0.0628
[Epoch 102] step 470 loss: 0.0407
[Epoch 102] step 480 loss: 0.0859
[Epoch 102] step 490 loss: 0.0445
[Epoch 102] step 500 loss: 0.0579
[Epoch 102] step 510 loss: 0.0654
[Epoch 102] step 520 loss: 0.0533
[Epoch 102] step 530 loss: 0.0587
[Epoch 102] step 540 loss: 0.0810
[Epoch 102] step 550 loss: 0.1658
[Epoch 102] step 560 loss: 0.0562
[Epoch 102] step 570 loss: 0.0767
[Epoch 102] step 580 loss: 0.0444
[Epoch 102] step 590 loss: 0.0884
[Epoch 102] step 600 loss: 0.0861
[Epoch 102] step 610 loss: 0.0510
[Epoch 102] step 620 loss: 0.0815
[Epoch 102] step 630 loss: 0.0930
[Epoch 102] step 640 loss: 0.1171
[Epoch 102] step 650 loss: 0.2583
[Epoch 102] step 660 loss: 0.1140
[Epoch 102] step 670 loss: 0.1098
[Epoch 102] step 680 loss: 0.1116
[Epoch 102] step 690 loss: 0.0897
[Epoch 102] step 700 loss: 0.0992
[Epoch 102] step 710 loss: 0.1317
[Epoch 102] step 720 loss: 0.1659
[Epoch 102] step 730 loss: 0.0985
[Epoch 102] step 740 loss: 0.0633
==== Epoch 102 avg loss: 0.0813 ====
[Epoch 103] step 0 loss: 0.0587
[Epoch 103] step 10 loss: 0.0674
[Epoch 103] step 20 loss: 0.0752
[Epoch 103] step 30 loss: 0.0787
[Epoch 103] step 40 loss: 0.0438
[Epoch 103] step 50 loss: 0.1230
[Epoch 103] step 60 loss: 0.0701
[Epoch 103] step 70 loss: 0.0390
[Epoch 103] step 80 loss: 0.0965
[Epoch 103] step 90 loss: 0.0728
[Epoch 103] step 100 loss: 0.0760
[Epoch 103] step 110 loss: 0.0473
[Epoch 103] step 120 loss: 0.0620
[Epoch 103] step 130 loss: 0.1173
[Epoch 103] step 140 loss: 0.0686
[Epoch 103] step 150 loss: 0.0641
[Epoch 103] step 160 loss: 0.1194
[Epoch 103] step 170 loss: 0.0716
[Epoch 103] step 180 loss: 0.0816
[Epoch 103] step 190 loss: 0.0552
[Epoch 103] step 200 loss: 0.0841
[Epoch 103] step 210 loss: 0.0709
[Epoch 103] step 220 loss: 0.0741
[Epoch 103] step 230 loss: 0.0418
[Epoch 103] step 240 loss: 0.0786
[Epoch 103] step 250 loss: 0.0365
[Epoch 103] step 260 loss: 0.0663
[Epoch 103] step 270 loss: 0.0686
[Epoch 103] step 280 loss: 0.0724
[Epoch 103] step 290 loss: 0.0746
[Epoch 103] step 300 loss: 0.1250
[Epoch 103] step 310 loss: 0.0576
[Epoch 103] step 320 loss: 0.0947
[Epoch 103] step 330 loss: 0.0802
[Epoch 103] step 340 loss: 0.0629
[Epoch 103] step 350 loss: 0.0599
[Epoch 103] step 360 loss: 0.0739
[Epoch 103] step 370 loss: 0.0676
[Epoch 103] step 380 loss: 0.1186
[Epoch 103] step 390 loss: 0.0519
[Epoch 103] step 400 loss: 0.0806
[Epoch 103] step 410 loss: 0.1130
[Epoch 103] step 420 loss: 0.0862
[Epoch 103] step 430 loss: 0.0814
[Epoch 103] step 440 loss: 0.0758
[Epoch 103] step 450 loss: 0.1167
[Epoch 103] step 460 loss: 0.1080
[Epoch 103] step 470 loss: 0.0721
[Epoch 103] step 480 loss: 0.0847
[Epoch 103] step 490 loss: 0.0588
[Epoch 103] step 500 loss: 0.0363
[Epoch 103] step 510 loss: 0.0779
[Epoch 103] step 520 loss: 0.0827
[Epoch 103] step 530 loss: 0.1522
[Epoch 103] step 540 loss: 0.0619
[Epoch 103] step 550 loss: 0.1106
[Epoch 103] step 560 loss: 0.0840
[Epoch 103] step 570 loss: 0.0936
[Epoch 103] step 580 loss: 0.0610
[Epoch 103] step 590 loss: 0.0518
[Epoch 103] step 600 loss: 0.0652
[Epoch 103] step 610 loss: 0.0922
[Epoch 103] step 620 loss: 0.0951
[Epoch 103] step 630 loss: 0.0706
[Epoch 103] step 640 loss: 0.0552
[Epoch 103] step 650 loss: 0.0986
[Epoch 103] step 660 loss: 0.0471
[Epoch 103] step 670 loss: 0.0801
[Epoch 103] step 680 loss: 0.1301
[Epoch 103] step 690 loss: 0.0334
[Epoch 103] step 700 loss: 0.0689
[Epoch 103] step 710 loss: 0.1095
[Epoch 103] step 720 loss: 0.1031
[Epoch 103] step 730 loss: 0.0849
[Epoch 103] step 740 loss: 0.0700
==== Epoch 103 avg loss: 0.0802 ====
[Epoch 104] step 0 loss: 0.0614
[Epoch 104] step 10 loss: 0.0470
[Epoch 104] step 20 loss: 0.0652
[Epoch 104] step 30 loss: 0.0502
[Epoch 104] step 40 loss: 0.0552
[Epoch 104] step 50 loss: 0.0665
[Epoch 104] step 60 loss: 0.0517
[Epoch 104] step 70 loss: 0.0753
[Epoch 104] step 80 loss: 0.0718
[Epoch 104] step 90 loss: 0.0851
[Epoch 104] step 100 loss: 0.1180
[Epoch 104] step 110 loss: 0.0692
[Epoch 104] step 120 loss: 0.0799
[Epoch 104] step 130 loss: 0.0611
[Epoch 104] step 140 loss: 0.0507
[Epoch 104] step 150 loss: 0.0788
[Epoch 104] step 160 loss: 0.0887
[Epoch 104] step 170 loss: 0.1000
[Epoch 104] step 180 loss: 0.0601
[Epoch 104] step 190 loss: 0.0578
[Epoch 104] step 200 loss: 0.0832
[Epoch 104] step 210 loss: 0.0494
[Epoch 104] step 220 loss: 0.0966
[Epoch 104] step 230 loss: 0.0586
[Epoch 104] step 240 loss: 0.0787
[Epoch 104] step 250 loss: 0.0841
[Epoch 104] step 260 loss: 0.1093
[Epoch 104] step 270 loss: 0.0818
[Epoch 104] step 280 loss: 0.0589
[Epoch 104] step 290 loss: 0.0716
[Epoch 104] step 300 loss: 0.0914
[Epoch 104] step 310 loss: 0.1440
[Epoch 104] step 320 loss: 0.0535
[Epoch 104] step 330 loss: 0.0593
[Epoch 104] step 340 loss: 0.0730
[Epoch 104] step 350 loss: 0.0426
[Epoch 104] step 360 loss: 0.0776
[Epoch 104] step 370 loss: 0.0672
[Epoch 104] step 380 loss: 0.0927
[Epoch 104] step 390 loss: 0.0606
[Epoch 104] step 400 loss: 0.0600
[Epoch 104] step 410 loss: 0.0431
[Epoch 104] step 420 loss: 0.0522
[Epoch 104] step 430 loss: 0.1020
[Epoch 104] step 440 loss: 0.0464
[Epoch 104] step 450 loss: 0.1005
[Epoch 104] step 460 loss: 0.0705
[Epoch 104] step 470 loss: 0.0647
[Epoch 104] step 480 loss: 0.0997
[Epoch 104] step 490 loss: 0.0979
[Epoch 104] step 500 loss: 0.0759
[Epoch 104] step 510 loss: 0.0995
[Epoch 104] step 520 loss: 0.1026
[Epoch 104] step 530 loss: 0.0485
[Epoch 104] step 540 loss: 0.0666
[Epoch 104] step 550 loss: 0.0920
[Epoch 104] step 560 loss: 0.0737
[Epoch 104] step 570 loss: 0.0500
[Epoch 104] step 580 loss: 0.0530
[Epoch 104] step 590 loss: 0.1276
[Epoch 104] step 600 loss: 0.1124
[Epoch 104] step 610 loss: 0.0626
[Epoch 104] step 620 loss: 0.0792
[Epoch 104] step 630 loss: 0.0928
[Epoch 104] step 640 loss: 0.1719
[Epoch 104] step 650 loss: 0.0726
[Epoch 104] step 660 loss: 0.0620
[Epoch 104] step 670 loss: 0.0890
[Epoch 104] step 680 loss: 0.0697
[Epoch 104] step 690 loss: 0.1038
[Epoch 104] step 700 loss: 0.0762
[Epoch 104] step 710 loss: 0.1196
[Epoch 104] step 720 loss: 0.0662
[Epoch 104] step 730 loss: 0.0646
[Epoch 104] step 740 loss: 0.0773
==== Epoch 104 avg loss: 0.0762 ====
[Epoch 105] step 0 loss: 0.2015
[Epoch 105] step 10 loss: 0.0649
[Epoch 105] step 20 loss: 0.0996
[Epoch 105] step 30 loss: 0.2462
[Epoch 105] step 40 loss: 0.0781
[Epoch 105] step 50 loss: 0.0597
[Epoch 105] step 60 loss: 0.0325
[Epoch 105] step 70 loss: 0.0333
[Epoch 105] step 80 loss: 0.1121
[Epoch 105] step 90 loss: 0.0257
[Epoch 105] step 100 loss: 0.0493
[Epoch 105] step 110 loss: 0.0917
[Epoch 105] step 120 loss: 0.0894
[Epoch 105] step 130 loss: 0.0632
[Epoch 105] step 140 loss: 0.0349
[Epoch 105] step 150 loss: 0.0767
[Epoch 105] step 160 loss: 0.0851
[Epoch 105] step 170 loss: 0.0808
[Epoch 105] step 180 loss: 0.0743
[Epoch 105] step 190 loss: 0.0191
[Epoch 105] step 200 loss: 0.0707
[Epoch 105] step 210 loss: 0.0459
[Epoch 105] step 220 loss: 0.0667
[Epoch 105] step 230 loss: 0.0383
[Epoch 105] step 240 loss: 0.0774
[Epoch 105] step 250 loss: 0.0421
[Epoch 105] step 260 loss: 0.0502
[Epoch 105] step 270 loss: 0.0457
[Epoch 105] step 280 loss: 0.1048
[Epoch 105] step 290 loss: 0.1130
[Epoch 105] step 300 loss: 0.0763
[Epoch 105] step 310 loss: 0.1051
[Epoch 105] step 320 loss: 0.1020
[Epoch 105] step 330 loss: 0.0675
[Epoch 105] step 340 loss: 0.0565
[Epoch 105] step 350 loss: 0.0665
[Epoch 105] step 360 loss: 0.0903
[Epoch 105] step 370 loss: 0.1083
[Epoch 105] step 380 loss: 0.0959
[Epoch 105] step 390 loss: 0.0549
[Epoch 105] step 400 loss: 0.0848
[Epoch 105] step 410 loss: 0.0699
[Epoch 105] step 420 loss: 0.0891
[Epoch 105] step 430 loss: 0.0727
[Epoch 105] step 440 loss: 0.0640
[Epoch 105] step 450 loss: 0.0823
[Epoch 105] step 460 loss: 0.0534
[Epoch 105] step 470 loss: 0.0924
[Epoch 105] step 480 loss: 0.0539
[Epoch 105] step 490 loss: 0.1298
[Epoch 105] step 500 loss: 0.0795
[Epoch 105] step 510 loss: 0.0941
[Epoch 105] step 520 loss: 0.0462
[Epoch 105] step 530 loss: 0.0447
[Epoch 105] step 540 loss: 0.0679
[Epoch 105] step 550 loss: 0.1141
[Epoch 105] step 560 loss: 0.0819
[Epoch 105] step 570 loss: 0.0696
[Epoch 105] step 580 loss: 0.0917
[Epoch 105] step 590 loss: 0.0735
[Epoch 105] step 600 loss: 0.0999
[Epoch 105] step 610 loss: 0.0703
[Epoch 105] step 620 loss: 0.0548
[Epoch 105] step 630 loss: 0.0550
[Epoch 105] step 640 loss: 0.1242
[Epoch 105] step 650 loss: 0.0505
[Epoch 105] step 660 loss: 0.0880
[Epoch 105] step 670 loss: 0.0980
[Epoch 105] step 680 loss: 0.0735
[Epoch 105] step 690 loss: 0.0864
[Epoch 105] step 700 loss: 0.0717
[Epoch 105] step 710 loss: 0.0475
[Epoch 105] step 720 loss: 0.2030
[Epoch 105] step 730 loss: 0.0643
[Epoch 105] step 740 loss: 0.0965
==== Epoch 105 avg loss: 0.0755 ====
[Epoch 106] step 0 loss: 0.1369
[Epoch 106] step 10 loss: 0.0447
[Epoch 106] step 20 loss: 0.0503
[Epoch 106] step 30 loss: 0.0445
[Epoch 106] step 40 loss: 0.0485
[Epoch 106] step 50 loss: 0.0610
[Epoch 106] step 60 loss: 0.0424
[Epoch 106] step 70 loss: 0.1013
[Epoch 106] step 80 loss: 0.0539
[Epoch 106] step 90 loss: 0.1414
[Epoch 106] step 100 loss: 0.0388
[Epoch 106] step 110 loss: 0.0571
[Epoch 106] step 120 loss: 0.0906
[Epoch 106] step 130 loss: 0.0853
[Epoch 106] step 140 loss: 0.0877
[Epoch 106] step 150 loss: 0.0685
[Epoch 106] step 160 loss: 0.0633
[Epoch 106] step 170 loss: 0.0617
[Epoch 106] step 180 loss: 0.0428
[Epoch 106] step 190 loss: 0.0726
[Epoch 106] step 200 loss: 0.0665
[Epoch 106] step 210 loss: 0.0573
[Epoch 106] step 220 loss: 0.0675
[Epoch 106] step 230 loss: 0.0598
[Epoch 106] step 240 loss: 0.0501
[Epoch 106] step 250 loss: 0.0563
[Epoch 106] step 260 loss: 0.0960
[Epoch 106] step 270 loss: 0.1329
[Epoch 106] step 280 loss: 0.0831
[Epoch 106] step 290 loss: 0.1164
[Epoch 106] step 300 loss: 0.0806
[Epoch 106] step 310 loss: 0.0629
[Epoch 106] step 320 loss: 0.1237
[Epoch 106] step 330 loss: 0.0893
[Epoch 106] step 340 loss: 0.0828
[Epoch 106] step 350 loss: 0.0733
[Epoch 106] step 360 loss: 0.0538
[Epoch 106] step 370 loss: 0.0369
[Epoch 106] step 380 loss: 0.0781
[Epoch 106] step 390 loss: 0.0725
[Epoch 106] step 400 loss: 0.0660
[Epoch 106] step 410 loss: 0.0575
[Epoch 106] step 420 loss: 0.1230
[Epoch 106] step 430 loss: 0.0635
[Epoch 106] step 440 loss: 0.1005
[Epoch 106] step 450 loss: 0.0695
[Epoch 106] step 460 loss: 0.0665
[Epoch 106] step 470 loss: 0.0601
[Epoch 106] step 480 loss: 0.0987
[Epoch 106] step 490 loss: 0.0614
[Epoch 106] step 500 loss: 0.0771
[Epoch 106] step 510 loss: 0.0991
[Epoch 106] step 520 loss: 0.1106
[Epoch 106] step 530 loss: 0.0751
[Epoch 106] step 540 loss: 0.0441
[Epoch 106] step 550 loss: 0.0741
[Epoch 106] step 560 loss: 0.0572
[Epoch 106] step 570 loss: 0.0679
[Epoch 106] step 580 loss: 0.0983
[Epoch 106] step 590 loss: 0.0435
[Epoch 106] step 600 loss: 0.0623
[Epoch 106] step 610 loss: 0.0635
[Epoch 106] step 620 loss: 0.0904
[Epoch 106] step 630 loss: 0.1322
[Epoch 106] step 640 loss: 0.0843
[Epoch 106] step 650 loss: 0.0660
[Epoch 106] step 660 loss: 0.0817
[Epoch 106] step 670 loss: 0.0710
[Epoch 106] step 680 loss: 0.0479
[Epoch 106] step 690 loss: 0.0614
[Epoch 106] step 700 loss: 0.0494
[Epoch 106] step 710 loss: 0.1171
[Epoch 106] step 720 loss: 0.0546
[Epoch 106] step 730 loss: 0.1018
[Epoch 106] step 740 loss: 0.0491
==== Epoch 106 avg loss: 0.0746 ====
[Epoch 107] step 0 loss: 0.0674
[Epoch 107] step 10 loss: 0.0623
[Epoch 107] step 20 loss: 0.0722
[Epoch 107] step 30 loss: 0.0600
[Epoch 107] step 40 loss: 0.0465
[Epoch 107] step 50 loss: 0.0774
[Epoch 107] step 60 loss: 0.0598
[Epoch 107] step 70 loss: 0.0706
[Epoch 107] step 80 loss: 0.0427
[Epoch 107] step 90 loss: 0.0457
[Epoch 107] step 100 loss: 0.0641
[Epoch 107] step 110 loss: 0.0862
[Epoch 107] step 120 loss: 0.0638
[Epoch 107] step 130 loss: 0.0714
[Epoch 107] step 140 loss: 0.1140
[Epoch 107] step 150 loss: 0.0539
[Epoch 107] step 160 loss: 0.0430
[Epoch 107] step 170 loss: 0.0637
[Epoch 107] step 180 loss: 0.0547
[Epoch 107] step 190 loss: 0.0798
[Epoch 107] step 200 loss: 0.0717
[Epoch 107] step 210 loss: 0.0469
[Epoch 107] step 220 loss: 0.0920
[Epoch 107] step 230 loss: 0.0588
[Epoch 107] step 240 loss: 0.0461
[Epoch 107] step 250 loss: 0.0702
[Epoch 107] step 260 loss: 0.0619
[Epoch 107] step 270 loss: 0.0362
[Epoch 107] step 280 loss: 0.0526
[Epoch 107] step 290 loss: 0.0733
[Epoch 107] step 300 loss: 0.0567
[Epoch 107] step 310 loss: 0.1181
[Epoch 107] step 320 loss: 0.0521
[Epoch 107] step 330 loss: 0.0648
[Epoch 107] step 340 loss: 0.0384
[Epoch 107] step 350 loss: 0.0607
[Epoch 107] step 360 loss: 0.0574
[Epoch 107] step 370 loss: 0.0916
[Epoch 107] step 380 loss: 0.0782
[Epoch 107] step 390 loss: 0.1612
[Epoch 107] step 400 loss: 0.0456
[Epoch 107] step 410 loss: 0.0957
[Epoch 107] step 420 loss: 0.0442
[Epoch 107] step 430 loss: 0.1076
[Epoch 107] step 440 loss: 0.0600
[Epoch 107] step 450 loss: 0.0796
[Epoch 107] step 460 loss: 0.0686
[Epoch 107] step 470 loss: 0.0730
[Epoch 107] step 480 loss: 0.0930
[Epoch 107] step 490 loss: 0.0696
[Epoch 107] step 500 loss: 0.0340
[Epoch 107] step 510 loss: 0.0829
[Epoch 107] step 520 loss: 0.0417
[Epoch 107] step 530 loss: 0.0538
[Epoch 107] step 540 loss: 0.0969
[Epoch 107] step 550 loss: 0.1115
[Epoch 107] step 560 loss: 0.0618
[Epoch 107] step 570 loss: 0.0737
[Epoch 107] step 580 loss: 0.0989
[Epoch 107] step 590 loss: 0.0843
[Epoch 107] step 600 loss: 0.0458
[Epoch 107] step 610 loss: 0.0694
[Epoch 107] step 620 loss: 0.0690
[Epoch 107] step 630 loss: 0.0723
[Epoch 107] step 640 loss: 0.0786
[Epoch 107] step 650 loss: 0.0479
[Epoch 107] step 660 loss: 0.0539
[Epoch 107] step 670 loss: 0.0995
[Epoch 107] step 680 loss: 0.0831
[Epoch 107] step 690 loss: 0.0710
[Epoch 107] step 700 loss: 0.0902
[Epoch 107] step 710 loss: 0.1341
[Epoch 107] step 720 loss: 0.0653
[Epoch 107] step 730 loss: 0.0921
[Epoch 107] step 740 loss: 0.0691
==== Epoch 107 avg loss: 0.0729 ====
[Epoch 108] step 0 loss: 0.0368
[Epoch 108] step 10 loss: 0.0577
[Epoch 108] step 20 loss: 0.0341
[Epoch 108] step 30 loss: 0.0437
[Epoch 108] step 40 loss: 0.0532
[Epoch 108] step 50 loss: 0.0273
[Epoch 108] step 60 loss: 0.0760
[Epoch 108] step 70 loss: 0.0671
[Epoch 108] step 80 loss: 0.0946
[Epoch 108] step 90 loss: 0.0626
[Epoch 108] step 100 loss: 0.0502
[Epoch 108] step 110 loss: 0.0588
[Epoch 108] step 120 loss: 0.0624
[Epoch 108] step 130 loss: 0.0367
[Epoch 108] step 140 loss: 0.0644
[Epoch 108] step 150 loss: 0.0486
[Epoch 108] step 160 loss: 0.0986
[Epoch 108] step 170 loss: 0.0708
[Epoch 108] step 180 loss: 0.0868
[Epoch 108] step 190 loss: 0.0440
[Epoch 108] step 200 loss: 0.0770
[Epoch 108] step 210 loss: 0.0575
[Epoch 108] step 220 loss: 0.0458
[Epoch 108] step 230 loss: 0.0870
[Epoch 108] step 240 loss: 0.0453
[Epoch 108] step 250 loss: 0.0761
[Epoch 108] step 260 loss: 0.0606
[Epoch 108] step 270 loss: 0.1035
[Epoch 108] step 280 loss: 0.0652
[Epoch 108] step 290 loss: 0.0681
[Epoch 108] step 300 loss: 0.0560
[Epoch 108] step 310 loss: 0.0513
[Epoch 108] step 320 loss: 0.0496
[Epoch 108] step 330 loss: 0.0454
[Epoch 108] step 340 loss: 0.0750
[Epoch 108] step 350 loss: 0.0739
[Epoch 108] step 360 loss: 0.0804
[Epoch 108] step 370 loss: 0.0698
[Epoch 108] step 380 loss: 0.0864
[Epoch 108] step 390 loss: 0.0594
[Epoch 108] step 400 loss: 0.1392
[Epoch 108] step 410 loss: 0.0785
[Epoch 108] step 420 loss: 0.0432
[Epoch 108] step 430 loss: 0.0692
[Epoch 108] step 440 loss: 0.0685
[Epoch 108] step 450 loss: 0.0794
[Epoch 108] step 460 loss: 0.0328
[Epoch 108] step 470 loss: 0.0826
[Epoch 108] step 480 loss: 0.1084
[Epoch 108] step 490 loss: 0.0575
[Epoch 108] step 500 loss: 0.0798
[Epoch 108] step 510 loss: 0.0512
[Epoch 108] step 520 loss: 0.0284
[Epoch 108] step 530 loss: 0.0635
[Epoch 108] step 540 loss: 0.1150
[Epoch 108] step 550 loss: 0.0813
[Epoch 108] step 560 loss: 0.0597
[Epoch 108] step 570 loss: 0.1320
[Epoch 108] step 580 loss: 0.0669
[Epoch 108] step 590 loss: 0.0792
[Epoch 108] step 600 loss: 0.0727
[Epoch 108] step 610 loss: 0.0303
[Epoch 108] step 620 loss: 0.0627
[Epoch 108] step 630 loss: 0.0500
[Epoch 108] step 640 loss: 0.0664
[Epoch 108] step 650 loss: 0.1131
[Epoch 108] step 660 loss: 0.0786
[Epoch 108] step 670 loss: 0.0724
[Epoch 108] step 680 loss: 0.0766
[Epoch 108] step 690 loss: 0.1368
[Epoch 108] step 700 loss: 0.0848
[Epoch 108] step 710 loss: 0.0829
[Epoch 108] step 720 loss: 0.0516
[Epoch 108] step 730 loss: 0.0540
[Epoch 108] step 740 loss: 0.1280
==== Epoch 108 avg loss: 0.0699 ====
[Epoch 109] step 0 loss: 0.0774
[Epoch 109] step 10 loss: 0.0826
[Epoch 109] step 20 loss: 0.0153
[Epoch 109] step 30 loss: 0.0533
[Epoch 109] step 40 loss: 0.0193
[Epoch 109] step 50 loss: 0.0644
[Epoch 109] step 60 loss: 0.0865
[Epoch 109] step 70 loss: 0.0681
[Epoch 109] step 80 loss: 0.1219
[Epoch 109] step 90 loss: 0.0580
[Epoch 109] step 100 loss: 0.0426
[Epoch 109] step 110 loss: 0.0964
[Epoch 109] step 120 loss: 0.0548
[Epoch 109] step 130 loss: 0.0179
[Epoch 109] step 140 loss: 0.0653
[Epoch 109] step 150 loss: 0.0670
[Epoch 109] step 160 loss: 0.0480
[Epoch 109] step 170 loss: 0.0908
[Epoch 109] step 180 loss: 0.0655
[Epoch 109] step 190 loss: 0.0867
[Epoch 109] step 200 loss: 0.1506
[Epoch 109] step 210 loss: 0.0530
[Epoch 109] step 220 loss: 0.0425
[Epoch 109] step 230 loss: 0.0524
[Epoch 109] step 240 loss: 0.0920
[Epoch 109] step 250 loss: 0.0678
[Epoch 109] step 260 loss: 0.0755
[Epoch 109] step 270 loss: 0.0471
[Epoch 109] step 280 loss: 0.0619
[Epoch 109] step 290 loss: 0.0368
[Epoch 109] step 300 loss: 0.0743
[Epoch 109] step 310 loss: 0.1146
[Epoch 109] step 320 loss: 0.0416
[Epoch 109] step 330 loss: 0.0437
[Epoch 109] step 340 loss: 0.0555
[Epoch 109] step 350 loss: 0.0491
[Epoch 109] step 360 loss: 0.0548
[Epoch 109] step 370 loss: 0.0670
[Epoch 109] step 380 loss: 0.0545
[Epoch 109] step 390 loss: 0.0581
[Epoch 109] step 400 loss: 0.0660
[Epoch 109] step 410 loss: 0.0629
[Epoch 109] step 420 loss: 0.0551
[Epoch 109] step 430 loss: 0.0568
[Epoch 109] step 440 loss: 0.0931
[Epoch 109] step 450 loss: 0.0647
[Epoch 109] step 460 loss: 0.0606
[Epoch 109] step 470 loss: 0.0701
[Epoch 109] step 480 loss: 0.0559
[Epoch 109] step 490 loss: 0.0345
[Epoch 109] step 500 loss: 0.0471
[Epoch 109] step 510 loss: 0.0700
[Epoch 109] step 520 loss: 0.0762
[Epoch 109] step 530 loss: 0.0807
[Epoch 109] step 540 loss: 0.0373
[Epoch 109] step 550 loss: 0.0562
[Epoch 109] step 560 loss: 0.0685
[Epoch 109] step 570 loss: 0.0590
[Epoch 109] step 580 loss: 0.0815
[Epoch 109] step 590 loss: 0.0660
[Epoch 109] step 600 loss: 0.0718
[Epoch 109] step 610 loss: 0.0593
[Epoch 109] step 620 loss: 0.0898
[Epoch 109] step 630 loss: 0.0601
[Epoch 109] step 640 loss: 0.0507
[Epoch 109] step 650 loss: 0.0520
[Epoch 109] step 660 loss: 0.0807
[Epoch 109] step 670 loss: 0.0965
[Epoch 109] step 680 loss: 0.0992
[Epoch 109] step 690 loss: 0.0636
[Epoch 109] step 700 loss: 0.0325
[Epoch 109] step 710 loss: 0.0939
[Epoch 109] step 720 loss: 0.0582
[Epoch 109] step 730 loss: 0.0773
[Epoch 109] step 740 loss: 0.0499
==== Epoch 109 avg loss: 0.0661 ====
[Epoch 110] step 0 loss: 0.0579
[Epoch 110] step 10 loss: 0.0544
[Epoch 110] step 20 loss: 0.0755
[Epoch 110] step 30 loss: 0.0787
[Epoch 110] step 40 loss: 0.0636
[Epoch 110] step 50 loss: 0.0515
[Epoch 110] step 60 loss: 0.0777
[Epoch 110] step 70 loss: 0.0623
[Epoch 110] step 80 loss: 0.0722
[Epoch 110] step 90 loss: 0.0535
[Epoch 110] step 100 loss: 0.0965
[Epoch 110] step 110 loss: 0.0301
[Epoch 110] step 120 loss: 0.0531
[Epoch 110] step 130 loss: 0.0522
[Epoch 110] step 140 loss: 0.0370
[Epoch 110] step 150 loss: 0.0354
[Epoch 110] step 160 loss: 0.0393
[Epoch 110] step 170 loss: 0.1161
[Epoch 110] step 180 loss: 0.0594
[Epoch 110] step 190 loss: 0.0473
[Epoch 110] step 200 loss: 0.0920
[Epoch 110] step 210 loss: 0.0759
[Epoch 110] step 220 loss: 0.0436
[Epoch 110] step 230 loss: 0.0430
[Epoch 110] step 240 loss: 0.0423
[Epoch 110] step 250 loss: 0.0327
[Epoch 110] step 260 loss: 0.1193
[Epoch 110] step 270 loss: 0.0397
[Epoch 110] step 280 loss: 0.1239
[Epoch 110] step 290 loss: 0.0558
[Epoch 110] step 300 loss: 0.0986
[Epoch 110] step 310 loss: 0.0586
[Epoch 110] step 320 loss: 0.0650
[Epoch 110] step 330 loss: 0.0803
[Epoch 110] step 340 loss: 0.0427
[Epoch 110] step 350 loss: 0.0469
[Epoch 110] step 360 loss: 0.0461
[Epoch 110] step 370 loss: 0.0551
[Epoch 110] step 380 loss: 0.0579
[Epoch 110] step 390 loss: 0.0783
[Epoch 110] step 400 loss: 0.0954
[Epoch 110] step 410 loss: 0.0866
[Epoch 110] step 420 loss: 0.0889
[Epoch 110] step 430 loss: 0.0738
[Epoch 110] step 440 loss: 0.0703
[Epoch 110] step 450 loss: 0.0456
[Epoch 110] step 460 loss: 0.0418
[Epoch 110] step 470 loss: 0.1136
[Epoch 110] step 480 loss: 0.1452
[Epoch 110] step 490 loss: 0.0741
[Epoch 110] step 500 loss: 0.0438
[Epoch 110] step 510 loss: 0.0619
[Epoch 110] step 520 loss: 0.1730
[Epoch 110] step 530 loss: 0.0564
[Epoch 110] step 540 loss: 0.0883
[Epoch 110] step 550 loss: 0.0716
[Epoch 110] step 560 loss: 0.0817
[Epoch 110] step 570 loss: 0.0728
[Epoch 110] step 580 loss: 0.0540
[Epoch 110] step 590 loss: 0.1660
[Epoch 110] step 600 loss: 0.0650
[Epoch 110] step 610 loss: 0.1409
[Epoch 110] step 620 loss: 0.0742
[Epoch 110] step 630 loss: 0.0703
[Epoch 110] step 640 loss: 0.0868
[Epoch 110] step 650 loss: 0.1140
[Epoch 110] step 660 loss: 0.1064
[Epoch 110] step 670 loss: 0.0624
[Epoch 110] step 680 loss: 0.0920
[Epoch 110] step 690 loss: 0.0957
[Epoch 110] step 700 loss: 0.1121
[Epoch 110] step 710 loss: 0.0439
[Epoch 110] step 720 loss: 0.0861
[Epoch 110] step 730 loss: 0.3450
[Epoch 110] step 740 loss: 0.1078
==== Epoch 110 avg loss: 0.0679 ====
[Epoch 111] step 0 loss: 0.0674
[Epoch 111] step 10 loss: 0.0325
[Epoch 111] step 20 loss: 0.0187
[Epoch 111] step 30 loss: 0.0582
[Epoch 111] step 40 loss: 0.0563
[Epoch 111] step 50 loss: 0.0537
[Epoch 111] step 60 loss: 0.0333
[Epoch 111] step 70 loss: 0.0680
[Epoch 111] step 80 loss: 0.0308
[Epoch 111] step 90 loss: 0.0434
[Epoch 111] step 100 loss: 0.0631
[Epoch 111] step 110 loss: 0.0417
[Epoch 111] step 120 loss: 0.0369
[Epoch 111] step 130 loss: 0.0910
[Epoch 111] step 140 loss: 0.0639
[Epoch 111] step 150 loss: 0.0925
[Epoch 111] step 160 loss: 0.0238
[Epoch 111] step 170 loss: 0.0794
[Epoch 111] step 180 loss: 0.0792
[Epoch 111] step 190 loss: 0.0812
[Epoch 111] step 200 loss: 0.0906
[Epoch 111] step 210 loss: 0.0408
[Epoch 111] step 220 loss: 0.1084
[Epoch 111] step 230 loss: 0.0663
[Epoch 111] step 240 loss: 0.0881
[Epoch 111] step 250 loss: 0.0480
[Epoch 111] step 260 loss: 0.0685
[Epoch 111] step 270 loss: 0.0749
[Epoch 111] step 280 loss: 0.0540
[Epoch 111] step 290 loss: 0.0792
[Epoch 111] step 300 loss: 0.0734
[Epoch 111] step 310 loss: 0.0786
[Epoch 111] step 320 loss: 0.0859
[Epoch 111] step 330 loss: 0.0371
[Epoch 111] step 340 loss: 0.0874
[Epoch 111] step 350 loss: 0.0363
[Epoch 111] step 360 loss: 0.0767
[Epoch 111] step 370 loss: 0.1055
[Epoch 111] step 380 loss: 0.0689
[Epoch 111] step 390 loss: 0.0885
[Epoch 111] step 400 loss: 0.0391
[Epoch 111] step 410 loss: 0.1292
[Epoch 111] step 420 loss: 0.0662
[Epoch 111] step 430 loss: 0.0614
[Epoch 111] step 440 loss: 0.1070
[Epoch 111] step 450 loss: 0.0622
[Epoch 111] step 460 loss: 0.0971
[Epoch 111] step 470 loss: 0.0758
[Epoch 111] step 480 loss: 0.0791
[Epoch 111] step 490 loss: 0.0805
[Epoch 111] step 500 loss: 0.0398
[Epoch 111] step 510 loss: 0.0630
[Epoch 111] step 520 loss: 0.0776
[Epoch 111] step 530 loss: 0.0597
[Epoch 111] step 540 loss: 0.0692
[Epoch 111] step 550 loss: 0.1158
[Epoch 111] step 560 loss: 0.1166
[Epoch 111] step 570 loss: 0.0989
[Epoch 111] step 580 loss: 0.0655
[Epoch 111] step 590 loss: 0.0628
[Epoch 111] step 600 loss: 0.0399
[Epoch 111] step 610 loss: 0.0510
[Epoch 111] step 620 loss: 0.0477
[Epoch 111] step 630 loss: 0.0626
[Epoch 111] step 640 loss: 0.0432
[Epoch 111] step 650 loss: 0.0356
[Epoch 111] step 660 loss: 0.0749
[Epoch 111] step 670 loss: 0.0284
[Epoch 111] step 680 loss: 0.0733
[Epoch 111] step 690 loss: 0.0972
[Epoch 111] step 700 loss: 0.0387
[Epoch 111] step 710 loss: 0.0690
[Epoch 111] step 720 loss: 0.0977
[Epoch 111] step 730 loss: 0.2976
[Epoch 111] step 740 loss: 0.0675
==== Epoch 111 avg loss: 0.0671 ====
[Epoch 112] step 0 loss: 0.0712
[Epoch 112] step 10 loss: 0.0325
[Epoch 112] step 20 loss: 0.0592
[Epoch 112] step 30 loss: 0.0681
[Epoch 112] step 40 loss: 0.0702
[Epoch 112] step 50 loss: 0.1103
[Epoch 112] step 60 loss: 0.0809
[Epoch 112] step 70 loss: 0.0273
[Epoch 112] step 80 loss: 0.0329
[Epoch 112] step 90 loss: 0.0744
[Epoch 112] step 100 loss: 0.0754
[Epoch 112] step 110 loss: 0.0474
[Epoch 112] step 120 loss: 0.0332
[Epoch 112] step 130 loss: 0.0701
[Epoch 112] step 140 loss: 0.1000
[Epoch 112] step 150 loss: 0.0725
[Epoch 112] step 160 loss: 0.0661
[Epoch 112] step 170 loss: 0.0770
[Epoch 112] step 180 loss: 0.0618
[Epoch 112] step 190 loss: 0.0574
[Epoch 112] step 200 loss: 0.0633
[Epoch 112] step 210 loss: 0.0345
[Epoch 112] step 220 loss: 0.0790
[Epoch 112] step 230 loss: 0.0625
[Epoch 112] step 240 loss: 0.0856
[Epoch 112] step 250 loss: 0.0416
[Epoch 112] step 260 loss: 0.0358
[Epoch 112] step 270 loss: 0.0483
[Epoch 112] step 280 loss: 0.0765
[Epoch 112] step 290 loss: 0.0386
[Epoch 112] step 300 loss: 0.0538
[Epoch 112] step 310 loss: 0.0870
[Epoch 112] step 320 loss: 0.0856
[Epoch 112] step 330 loss: 0.0440
[Epoch 112] step 340 loss: 0.0994
[Epoch 112] step 350 loss: 0.0415
[Epoch 112] step 360 loss: 0.0887
[Epoch 112] step 370 loss: 0.0277
[Epoch 112] step 380 loss: 0.0754
[Epoch 112] step 390 loss: 0.0288
[Epoch 112] step 400 loss: 0.0680
[Epoch 112] step 410 loss: 0.0402
[Epoch 112] step 420 loss: 0.0524
[Epoch 112] step 430 loss: 0.0884
[Epoch 112] step 440 loss: 0.0393
[Epoch 112] step 450 loss: 0.0778
[Epoch 112] step 460 loss: 0.0621
[Epoch 112] step 470 loss: 0.0546
[Epoch 112] step 480 loss: 0.1100
[Epoch 112] step 490 loss: 0.0490
[Epoch 112] step 500 loss: 0.0943
[Epoch 112] step 510 loss: 0.0806
[Epoch 112] step 520 loss: 0.0351
[Epoch 112] step 530 loss: 0.0719
[Epoch 112] step 540 loss: 0.0343
[Epoch 112] step 550 loss: 0.0617
[Epoch 112] step 560 loss: 0.0199
[Epoch 112] step 570 loss: 0.0461
[Epoch 112] step 580 loss: 0.0639
[Epoch 112] step 590 loss: 0.1270
[Epoch 112] step 600 loss: 0.0515
[Epoch 112] step 610 loss: 0.0376
[Epoch 112] step 620 loss: 0.0543
[Epoch 112] step 630 loss: 0.1181
[Epoch 112] step 640 loss: 0.0485
[Epoch 112] step 650 loss: 0.0610
[Epoch 112] step 660 loss: 0.0606
[Epoch 112] step 670 loss: 0.0331
[Epoch 112] step 680 loss: 0.0451
[Epoch 112] step 690 loss: 0.0555
[Epoch 112] step 700 loss: 0.0801
[Epoch 112] step 710 loss: 0.0448
[Epoch 112] step 720 loss: 0.0311
[Epoch 112] step 730 loss: 0.0482
[Epoch 112] step 740 loss: 0.0101
==== Epoch 112 avg loss: 0.0622 ====
[Epoch 113] step 0 loss: 0.0245
[Epoch 113] step 10 loss: 0.0441
[Epoch 113] step 20 loss: 0.0645
[Epoch 113] step 30 loss: 0.0546
[Epoch 113] step 40 loss: 0.0422
[Epoch 113] step 50 loss: 0.0563
[Epoch 113] step 60 loss: 0.0672
[Epoch 113] step 70 loss: 0.0273
[Epoch 113] step 80 loss: 0.0617
[Epoch 113] step 90 loss: 0.0279
[Epoch 113] step 100 loss: 0.0370
[Epoch 113] step 110 loss: 0.0427
[Epoch 113] step 120 loss: 0.0588
[Epoch 113] step 130 loss: 0.0169
[Epoch 113] step 140 loss: 0.0738
[Epoch 113] step 150 loss: 0.0627
[Epoch 113] step 160 loss: 0.0407
[Epoch 113] step 170 loss: 0.0364
[Epoch 113] step 180 loss: 0.0664
[Epoch 113] step 190 loss: 0.0367
[Epoch 113] step 200 loss: 0.0195
[Epoch 113] step 210 loss: 0.0228
[Epoch 113] step 220 loss: 0.0277
[Epoch 113] step 230 loss: 0.0658
[Epoch 113] step 240 loss: 0.0410
[Epoch 113] step 250 loss: 0.0656
[Epoch 113] step 260 loss: 0.0512
[Epoch 113] step 270 loss: 0.0557
[Epoch 113] step 280 loss: 0.0581
[Epoch 113] step 290 loss: 0.0603
[Epoch 113] step 300 loss: 0.1087
[Epoch 113] step 310 loss: 0.0528
[Epoch 113] step 320 loss: 0.0422
[Epoch 113] step 330 loss: 0.0497
[Epoch 113] step 340 loss: 0.0276
[Epoch 113] step 350 loss: 0.0604
[Epoch 113] step 360 loss: 0.0580
[Epoch 113] step 370 loss: 0.0430
[Epoch 113] step 380 loss: 0.0676
[Epoch 113] step 390 loss: 0.1002
[Epoch 113] step 400 loss: 0.0307
[Epoch 113] step 410 loss: 0.0320
[Epoch 113] step 420 loss: 0.0823
[Epoch 113] step 430 loss: 0.0727
[Epoch 113] step 440 loss: 0.0347
[Epoch 113] step 450 loss: 0.0630
[Epoch 113] step 460 loss: 0.0698
[Epoch 113] step 470 loss: 0.0630
[Epoch 113] step 480 loss: 0.1194
[Epoch 113] step 490 loss: 0.0603
[Epoch 113] step 500 loss: 0.0745
[Epoch 113] step 510 loss: 0.0331
[Epoch 113] step 520 loss: 0.0682
[Epoch 113] step 530 loss: 0.0386
[Epoch 113] step 540 loss: 0.0641
[Epoch 113] step 550 loss: 0.0519
[Epoch 113] step 560 loss: 0.0557
[Epoch 113] step 570 loss: 0.1008
[Epoch 113] step 580 loss: 0.1002
[Epoch 113] step 590 loss: 0.0481
[Epoch 113] step 600 loss: 0.0434
[Epoch 113] step 610 loss: 0.0298
[Epoch 113] step 620 loss: 0.0556
[Epoch 113] step 630 loss: 0.0461
[Epoch 113] step 640 loss: 0.1203
[Epoch 113] step 650 loss: 0.0467
[Epoch 113] step 660 loss: 0.0820
[Epoch 113] step 670 loss: 0.0441
[Epoch 113] step 680 loss: 0.0766
[Epoch 113] step 690 loss: 0.0602
[Epoch 113] step 700 loss: 0.0930
[Epoch 113] step 710 loss: 0.0870
[Epoch 113] step 720 loss: 0.0513
[Epoch 113] step 730 loss: 0.0732
[Epoch 113] step 740 loss: 0.0746
==== Epoch 113 avg loss: 0.0593 ====
[Epoch 114] step 0 loss: 0.0463
[Epoch 114] step 10 loss: 0.0707
[Epoch 114] step 20 loss: 0.0820
[Epoch 114] step 30 loss: 0.0674
[Epoch 114] step 40 loss: 0.1005
[Epoch 114] step 50 loss: 0.0511
[Epoch 114] step 60 loss: 0.0717
[Epoch 114] step 70 loss: 0.0584
[Epoch 114] step 80 loss: 0.0656
[Epoch 114] step 90 loss: 0.0478
[Epoch 114] step 100 loss: 0.0440
[Epoch 114] step 110 loss: 0.0351
[Epoch 114] step 120 loss: 0.0673
[Epoch 114] step 130 loss: 0.0960
[Epoch 114] step 140 loss: 0.0587
[Epoch 114] step 150 loss: 0.0638
[Epoch 114] step 160 loss: 0.0840
[Epoch 114] step 170 loss: 0.0352
[Epoch 114] step 180 loss: 0.0504
[Epoch 114] step 190 loss: 0.0538
[Epoch 114] step 200 loss: 0.0543
[Epoch 114] step 210 loss: 0.0377
[Epoch 114] step 220 loss: 0.0501
[Epoch 114] step 230 loss: 0.0846
[Epoch 114] step 240 loss: 0.0636
[Epoch 114] step 250 loss: 0.1235
[Epoch 114] step 260 loss: 0.0497
[Epoch 114] step 270 loss: 0.0751
[Epoch 114] step 280 loss: 0.0872
[Epoch 114] step 290 loss: 0.0312
[Epoch 114] step 300 loss: 0.0457
[Epoch 114] step 310 loss: 0.0747
[Epoch 114] step 320 loss: 0.0614
[Epoch 114] step 330 loss: 0.0543
[Epoch 114] step 340 loss: 0.0534
[Epoch 114] step 350 loss: 0.0568
[Epoch 114] step 360 loss: 0.0685
[Epoch 114] step 370 loss: 0.0514
[Epoch 114] step 380 loss: 0.0522
[Epoch 114] step 390 loss: 0.0305
[Epoch 114] step 400 loss: 0.0416
[Epoch 114] step 410 loss: 0.0544
[Epoch 114] step 420 loss: 0.1129
[Epoch 114] step 430 loss: 0.0941
[Epoch 114] step 440 loss: 0.0380
[Epoch 114] step 450 loss: 0.0382
[Epoch 114] step 460 loss: 0.0704
[Epoch 114] step 470 loss: 0.0676
[Epoch 114] step 480 loss: 0.0572
[Epoch 114] step 490 loss: 0.1166
[Epoch 114] step 500 loss: 0.0603
[Epoch 114] step 510 loss: 0.1057
[Epoch 114] step 520 loss: 0.0473
[Epoch 114] step 530 loss: 0.0391
[Epoch 114] step 540 loss: 0.0478
[Epoch 114] step 550 loss: 0.0537
[Epoch 114] step 560 loss: 0.0522
[Epoch 114] step 570 loss: 0.0759
[Epoch 114] step 580 loss: 0.0587
[Epoch 114] step 590 loss: 0.0667
[Epoch 114] step 600 loss: 0.1077
[Epoch 114] step 610 loss: 0.0621
[Epoch 114] step 620 loss: 0.0629
[Epoch 114] step 630 loss: 0.0592
[Epoch 114] step 640 loss: 0.0362
[Epoch 114] step 650 loss: 0.0767
[Epoch 114] step 660 loss: 0.0641
[Epoch 114] step 670 loss: 0.0652
[Epoch 114] step 680 loss: 0.1032
[Epoch 114] step 690 loss: 0.0675
[Epoch 114] step 700 loss: 0.0766
[Epoch 114] step 710 loss: 0.0806
[Epoch 114] step 720 loss: 0.1033
[Epoch 114] step 730 loss: 0.0781
[Epoch 114] step 740 loss: 0.0692
==== Epoch 114 avg loss: 0.0642 ====
[Epoch 115] step 0 loss: 0.0347
[Epoch 115] step 10 loss: 0.0556
[Epoch 115] step 20 loss: 0.0514
[Epoch 115] step 30 loss: 0.0760
[Epoch 115] step 40 loss: 0.0237
[Epoch 115] step 50 loss: 0.0447
[Epoch 115] step 60 loss: 0.0676
[Epoch 115] step 70 loss: 0.0314
[Epoch 115] step 80 loss: 0.0409
[Epoch 115] step 90 loss: 0.0753
[Epoch 115] step 100 loss: 0.0412
[Epoch 115] step 110 loss: 0.0590
[Epoch 115] step 120 loss: 0.0549
[Epoch 115] step 130 loss: 0.0503
[Epoch 115] step 140 loss: 0.0567
[Epoch 115] step 150 loss: 0.1047
[Epoch 115] step 160 loss: 0.0417
[Epoch 115] step 170 loss: 0.0911
[Epoch 115] step 180 loss: 0.0448
[Epoch 115] step 190 loss: 0.0518
[Epoch 115] step 200 loss: 0.0434
[Epoch 115] step 210 loss: 0.0319
[Epoch 115] step 220 loss: 0.0439
[Epoch 115] step 230 loss: 0.0707
[Epoch 115] step 240 loss: 0.0389
[Epoch 115] step 250 loss: 0.0544
[Epoch 115] step 260 loss: 0.0429
[Epoch 115] step 270 loss: 0.0780
[Epoch 115] step 280 loss: 0.0674
[Epoch 115] step 290 loss: 0.1452
[Epoch 115] step 300 loss: 0.0645
[Epoch 115] step 310 loss: 0.0327
[Epoch 115] step 320 loss: 0.0513
[Epoch 115] step 330 loss: 0.1195
[Epoch 115] step 340 loss: 0.0878
[Epoch 115] step 350 loss: 0.0411
[Epoch 115] step 360 loss: 0.0442
[Epoch 115] step 370 loss: 0.0470
[Epoch 115] step 380 loss: 0.0508
[Epoch 115] step 390 loss: 0.0400
[Epoch 115] step 400 loss: 0.0677
[Epoch 115] step 410 loss: 0.0570
[Epoch 115] step 420 loss: 0.0711
[Epoch 115] step 430 loss: 0.0491
[Epoch 115] step 440 loss: 0.0744
[Epoch 115] step 450 loss: 0.0460
[Epoch 115] step 460 loss: 0.1171
[Epoch 115] step 470 loss: 0.0793
[Epoch 115] step 480 loss: 0.0450
[Epoch 115] step 490 loss: 0.0646
[Epoch 115] step 500 loss: 0.0443
[Epoch 115] step 510 loss: 0.0613
[Epoch 115] step 520 loss: 0.0837
[Epoch 115] step 530 loss: 0.0780
[Epoch 115] step 540 loss: 0.0331
[Epoch 115] step 550 loss: 0.0473
[Epoch 115] step 560 loss: 0.0689
[Epoch 115] step 570 loss: 0.0949
[Epoch 115] step 580 loss: 0.0677
[Epoch 115] step 590 loss: 0.0833
[Epoch 115] step 600 loss: 0.0948
[Epoch 115] step 610 loss: 0.0350
[Epoch 115] step 620 loss: 0.1009
[Epoch 115] step 630 loss: 0.0717
[Epoch 115] step 640 loss: 0.0787
[Epoch 115] step 650 loss: 0.0826
[Epoch 115] step 660 loss: 0.0384
[Epoch 115] step 670 loss: 0.0857
[Epoch 115] step 680 loss: 0.0801
[Epoch 115] step 690 loss: 0.0227
[Epoch 115] step 700 loss: 0.0638
[Epoch 115] step 710 loss: 0.0568
[Epoch 115] step 720 loss: 0.0801
[Epoch 115] step 730 loss: 0.0467
[Epoch 115] step 740 loss: 0.0417
==== Epoch 115 avg loss: 0.0617 ====
[Epoch 116] step 0 loss: 0.0227
[Epoch 116] step 10 loss: 0.0367
[Epoch 116] step 20 loss: 0.0411
[Epoch 116] step 30 loss: 0.0725
[Epoch 116] step 40 loss: 0.0349
[Epoch 116] step 50 loss: 0.0303
[Epoch 116] step 60 loss: 0.0337
[Epoch 116] step 70 loss: 0.0437
[Epoch 116] step 80 loss: 0.0388
[Epoch 116] step 90 loss: 0.0451
[Epoch 116] step 100 loss: 0.0342
[Epoch 116] step 110 loss: 0.0382
[Epoch 116] step 120 loss: 0.0373
[Epoch 116] step 130 loss: 0.1191
[Epoch 116] step 140 loss: 0.1396
[Epoch 116] step 150 loss: 0.0649
[Epoch 116] step 160 loss: 0.0659
[Epoch 116] step 170 loss: 0.0634
[Epoch 116] step 180 loss: 0.0291
[Epoch 116] step 190 loss: 0.0474
[Epoch 116] step 200 loss: 0.0315
[Epoch 116] step 210 loss: 0.0437
[Epoch 116] step 220 loss: 0.0728
[Epoch 116] step 230 loss: 0.0481
[Epoch 116] step 240 loss: 0.0610
[Epoch 116] step 250 loss: 0.0244
[Epoch 116] step 260 loss: 0.0465
[Epoch 116] step 270 loss: 0.0538
[Epoch 116] step 280 loss: 0.0618
[Epoch 116] step 290 loss: 0.0810
[Epoch 116] step 300 loss: 0.0277
[Epoch 116] step 310 loss: 0.0554
[Epoch 116] step 320 loss: 0.0678
[Epoch 116] step 330 loss: 0.1591
[Epoch 116] step 340 loss: 0.0680
[Epoch 116] step 350 loss: 0.0634
[Epoch 116] step 360 loss: 0.0755
[Epoch 116] step 370 loss: 0.0257
[Epoch 116] step 380 loss: 0.0978
[Epoch 116] step 390 loss: 0.0708
[Epoch 116] step 400 loss: 0.0643
[Epoch 116] step 410 loss: 0.0733
[Epoch 116] step 420 loss: 0.0332
[Epoch 116] step 430 loss: 0.0716
[Epoch 116] step 440 loss: 0.0453
[Epoch 116] step 450 loss: 0.0833
[Epoch 116] step 460 loss: 0.0393
[Epoch 116] step 470 loss: 0.0505
[Epoch 116] step 480 loss: 0.0682
[Epoch 116] step 490 loss: 0.0392
[Epoch 116] step 500 loss: 0.0398
[Epoch 116] step 510 loss: 0.0351
[Epoch 116] step 520 loss: 0.0503
[Epoch 116] step 530 loss: 0.1252
[Epoch 116] step 540 loss: 0.0695
[Epoch 116] step 550 loss: 0.0348
[Epoch 116] step 560 loss: 0.0407
[Epoch 116] step 570 loss: 0.1139
[Epoch 116] step 580 loss: 0.1295
[Epoch 116] step 590 loss: 0.0639
[Epoch 116] step 600 loss: 0.0867
[Epoch 116] step 610 loss: 0.0354
[Epoch 116] step 620 loss: 0.0359
[Epoch 116] step 630 loss: 0.0954
[Epoch 116] step 640 loss: 0.0344
[Epoch 116] step 650 loss: 0.0581
[Epoch 116] step 660 loss: 0.0498
[Epoch 116] step 670 loss: 0.1299
[Epoch 116] step 680 loss: 0.1674
[Epoch 116] step 690 loss: 0.0819
[Epoch 116] step 700 loss: 0.0287
[Epoch 116] step 710 loss: 0.0764
[Epoch 116] step 720 loss: 0.0439
[Epoch 116] step 730 loss: 0.0304
[Epoch 116] step 740 loss: 0.0735
==== Epoch 116 avg loss: 0.0612 ====
[Epoch 117] step 0 loss: 0.0871
[Epoch 117] step 10 loss: 0.0546
[Epoch 117] step 20 loss: 0.0780
[Epoch 117] step 30 loss: 0.0614
[Epoch 117] step 40 loss: 0.0309
[Epoch 117] step 50 loss: 0.1045
[Epoch 117] step 60 loss: 0.0505
[Epoch 117] step 70 loss: 0.0263
[Epoch 117] step 80 loss: 0.0445
[Epoch 117] step 90 loss: 0.0593
[Epoch 117] step 100 loss: 0.0473
[Epoch 117] step 110 loss: 0.0313
[Epoch 117] step 120 loss: 0.0389
[Epoch 117] step 130 loss: 0.1355
[Epoch 117] step 140 loss: 0.0369
[Epoch 117] step 150 loss: 0.0584
[Epoch 117] step 160 loss: 0.0340
[Epoch 117] step 170 loss: 0.0584
[Epoch 117] step 180 loss: 0.0396
[Epoch 117] step 190 loss: 0.0261
[Epoch 117] step 200 loss: 0.0414
[Epoch 117] step 210 loss: 0.0333
[Epoch 117] step 220 loss: 0.0259
[Epoch 117] step 230 loss: 0.0512
[Epoch 117] step 240 loss: 0.0541
[Epoch 117] step 250 loss: 0.0780
[Epoch 117] step 260 loss: 0.0466
[Epoch 117] step 270 loss: 0.0256
[Epoch 117] step 280 loss: 0.0425
[Epoch 117] step 290 loss: 0.0547
[Epoch 117] step 300 loss: 0.0576
[Epoch 117] step 310 loss: 0.0370
[Epoch 117] step 320 loss: 0.0875
[Epoch 117] step 330 loss: 0.0535
[Epoch 117] step 340 loss: 0.0807
[Epoch 117] step 350 loss: 0.0967
[Epoch 117] step 360 loss: 0.0812
[Epoch 117] step 370 loss: 0.0682
[Epoch 117] step 380 loss: 0.0741
[Epoch 117] step 390 loss: 0.0583
[Epoch 117] step 400 loss: 0.0202
[Epoch 117] step 410 loss: 0.0262
[Epoch 117] step 420 loss: 0.0366
[Epoch 117] step 430 loss: 0.0385
[Epoch 117] step 440 loss: 0.0605
[Epoch 117] step 450 loss: 0.0347
[Epoch 117] step 460 loss: 0.0847
[Epoch 117] step 470 loss: 0.0509
[Epoch 117] step 480 loss: 0.0522
[Epoch 117] step 490 loss: 0.0615
[Epoch 117] step 500 loss: 0.0423
[Epoch 117] step 510 loss: 0.0792
[Epoch 117] step 520 loss: 0.1121
[Epoch 117] step 530 loss: 0.0849
[Epoch 117] step 540 loss: 0.0448
[Epoch 117] step 550 loss: 0.0712
[Epoch 117] step 560 loss: 0.0787
[Epoch 117] step 570 loss: 0.0792
[Epoch 117] step 580 loss: 0.1005
[Epoch 117] step 590 loss: 0.0640
[Epoch 117] step 600 loss: 0.0439
[Epoch 117] step 610 loss: 0.0659
[Epoch 117] step 620 loss: 0.0576
[Epoch 117] step 630 loss: 0.1000
[Epoch 117] step 640 loss: 0.0352
[Epoch 117] step 650 loss: 0.0543
[Epoch 117] step 660 loss: 0.1156
[Epoch 117] step 670 loss: 0.0484
[Epoch 117] step 680 loss: 0.0471
[Epoch 117] step 690 loss: 0.0458
[Epoch 117] step 700 loss: 0.0443
[Epoch 117] step 710 loss: 0.1782
[Epoch 117] step 720 loss: 0.0541
[Epoch 117] step 730 loss: 0.0747
[Epoch 117] step 740 loss: 0.0563
==== Epoch 117 avg loss: 0.0604 ====
[Epoch 118] step 0 loss: 0.0697
[Epoch 118] step 10 loss: 0.0476
[Epoch 118] step 20 loss: 0.0222
[Epoch 118] step 30 loss: 0.0281
[Epoch 118] step 40 loss: 0.0152
[Epoch 118] step 50 loss: 0.0404
[Epoch 118] step 60 loss: 0.0246
[Epoch 118] step 70 loss: 0.0305
[Epoch 118] step 80 loss: 0.0861
[Epoch 118] step 90 loss: 0.0496
[Epoch 118] step 100 loss: 0.0811
[Epoch 118] step 110 loss: 0.0490
[Epoch 118] step 120 loss: 0.0694
[Epoch 118] step 130 loss: 0.0656
[Epoch 118] step 140 loss: 0.0403
[Epoch 118] step 150 loss: 0.0535
[Epoch 118] step 160 loss: 0.0456
[Epoch 118] step 170 loss: 0.0539
[Epoch 118] step 180 loss: 0.0607
[Epoch 118] step 190 loss: 0.0755
[Epoch 118] step 200 loss: 0.0571
[Epoch 118] step 210 loss: 0.0506
[Epoch 118] step 220 loss: 0.0564
[Epoch 118] step 230 loss: 0.0465
[Epoch 118] step 240 loss: 0.0477
[Epoch 118] step 250 loss: 0.0940
[Epoch 118] step 260 loss: 0.0333
[Epoch 118] step 270 loss: 0.0515
[Epoch 118] step 280 loss: 0.0569
[Epoch 118] step 290 loss: 0.0245
[Epoch 118] step 300 loss: 0.1097
[Epoch 118] step 310 loss: 0.0773
[Epoch 118] step 320 loss: 0.0898
[Epoch 118] step 330 loss: 0.0431
[Epoch 118] step 340 loss: 0.0678
[Epoch 118] step 350 loss: 0.0578
[Epoch 118] step 360 loss: 0.0628
[Epoch 118] step 370 loss: 0.0674
[Epoch 118] step 380 loss: 0.0435
[Epoch 118] step 390 loss: 0.0444
[Epoch 118] step 400 loss: 0.0443
[Epoch 118] step 410 loss: 0.0775
[Epoch 118] step 420 loss: 0.0684
[Epoch 118] step 430 loss: 0.0750
[Epoch 118] step 440 loss: 0.0789
[Epoch 118] step 450 loss: 0.0410
[Epoch 118] step 460 loss: 0.0477
[Epoch 118] step 470 loss: 0.1433
[Epoch 118] step 480 loss: 0.0929
[Epoch 118] step 490 loss: 0.0744
[Epoch 118] step 500 loss: 0.0434
[Epoch 118] step 510 loss: 0.0717
[Epoch 118] step 520 loss: 0.0472
[Epoch 118] step 530 loss: 0.0534
[Epoch 118] step 540 loss: 0.0543
[Epoch 118] step 550 loss: 0.0817
[Epoch 118] step 560 loss: 0.0521
[Epoch 118] step 570 loss: 0.0900
[Epoch 118] step 580 loss: 0.0295
[Epoch 118] step 590 loss: 0.0396
[Epoch 118] step 600 loss: 0.0891
[Epoch 118] step 610 loss: 0.0219
[Epoch 118] step 620 loss: 0.0858
[Epoch 118] step 630 loss: 0.1034
[Epoch 118] step 640 loss: 0.0404
[Epoch 118] step 650 loss: 0.0665
[Epoch 118] step 660 loss: 0.0764
[Epoch 118] step 670 loss: 0.0320
[Epoch 118] step 680 loss: 0.0421
[Epoch 118] step 690 loss: 0.0568
[Epoch 118] step 700 loss: 0.1457
[Epoch 118] step 710 loss: 0.0332
[Epoch 118] step 720 loss: 0.0279
[Epoch 118] step 730 loss: 0.0691
[Epoch 118] step 740 loss: 0.0545
==== Epoch 118 avg loss: 0.0598 ====
[Epoch 119] step 0 loss: 0.0350
[Epoch 119] step 10 loss: 0.0608
[Epoch 119] step 20 loss: 0.0273
[Epoch 119] step 30 loss: 0.0305
[Epoch 119] step 40 loss: 0.0948
[Epoch 119] step 50 loss: 0.0492
[Epoch 119] step 60 loss: 0.0428
[Epoch 119] step 70 loss: 0.0249
[Epoch 119] step 80 loss: 0.0376
[Epoch 119] step 90 loss: 0.0807
[Epoch 119] step 100 loss: 0.0548
[Epoch 119] step 110 loss: 0.0519
[Epoch 119] step 120 loss: 0.0477
[Epoch 119] step 130 loss: 0.0443
[Epoch 119] step 140 loss: 0.0272
[Epoch 119] step 150 loss: 0.0505
[Epoch 119] step 160 loss: 0.0419
[Epoch 119] step 170 loss: 0.1211
[Epoch 119] step 180 loss: 0.0330
[Epoch 119] step 190 loss: 0.0432
[Epoch 119] step 200 loss: 0.0390
[Epoch 119] step 210 loss: 0.0220
[Epoch 119] step 220 loss: 0.0460
[Epoch 119] step 230 loss: 0.0401
[Epoch 119] step 240 loss: 0.0610
[Epoch 119] step 250 loss: 0.0471
[Epoch 119] step 260 loss: 0.0680
[Epoch 119] step 270 loss: 0.0705
[Epoch 119] step 280 loss: 0.0380
[Epoch 119] step 290 loss: 0.0551
[Epoch 119] step 300 loss: 0.0500
[Epoch 119] step 310 loss: 0.0571
[Epoch 119] step 320 loss: 0.1932
[Epoch 119] step 330 loss: 0.0557
[Epoch 119] step 340 loss: 0.1067
[Epoch 119] step 350 loss: 0.2585
[Epoch 119] step 360 loss: 0.0660
[Epoch 119] step 370 loss: 0.0440
[Epoch 119] step 380 loss: 0.0475
[Epoch 119] step 390 loss: 0.0675
[Epoch 119] step 400 loss: 0.1289
[Epoch 119] step 410 loss: 0.0588
[Epoch 119] step 420 loss: 0.0416
[Epoch 119] step 430 loss: 0.0235
[Epoch 119] step 440 loss: 0.0739
[Epoch 119] step 450 loss: 0.0906
[Epoch 119] step 460 loss: 0.0245
[Epoch 119] step 470 loss: 0.0926
[Epoch 119] step 480 loss: 0.0680
[Epoch 119] step 490 loss: 0.0474
[Epoch 119] step 500 loss: 0.0754
[Epoch 119] step 510 loss: 0.0363
[Epoch 119] step 520 loss: 0.0955
[Epoch 119] step 530 loss: 0.0766
[Epoch 119] step 540 loss: 0.0374
[Epoch 119] step 550 loss: 0.0667
[Epoch 119] step 560 loss: 0.0564
[Epoch 119] step 570 loss: 0.0528
[Epoch 119] step 580 loss: 0.0485
[Epoch 119] step 590 loss: 0.0685
[Epoch 119] step 600 loss: 0.0662
[Epoch 119] step 610 loss: 0.0659
[Epoch 119] step 620 loss: 0.0804
[Epoch 119] step 630 loss: 0.1144
[Epoch 119] step 640 loss: 0.0531
[Epoch 119] step 650 loss: 0.0286
[Epoch 119] step 660 loss: 0.1029
[Epoch 119] step 670 loss: 0.0606
[Epoch 119] step 680 loss: 0.1260
[Epoch 119] step 690 loss: 0.1082
[Epoch 119] step 700 loss: 0.0440
[Epoch 119] step 710 loss: 0.0631
[Epoch 119] step 720 loss: 0.1025
[Epoch 119] step 730 loss: 0.1167
[Epoch 119] step 740 loss: 0.0631
==== Epoch 119 avg loss: 0.0593 ====
[Epoch 120] step 0 loss: 0.0197
[Epoch 120] step 10 loss: 0.1043
[Epoch 120] step 20 loss: 0.0641
[Epoch 120] step 30 loss: 0.0375
[Epoch 120] step 40 loss: 0.0387
[Epoch 120] step 50 loss: 0.0427
[Epoch 120] step 60 loss: 0.0831
[Epoch 120] step 70 loss: 0.0617
[Epoch 120] step 80 loss: 0.0583
[Epoch 120] step 90 loss: 0.0599
[Epoch 120] step 100 loss: 0.0896
[Epoch 120] step 110 loss: 0.0458
[Epoch 120] step 120 loss: 0.0534
[Epoch 120] step 130 loss: 0.0407
[Epoch 120] step 140 loss: 0.1408
[Epoch 120] step 150 loss: 0.0352
[Epoch 120] step 160 loss: 0.0420
[Epoch 120] step 170 loss: 0.0466
[Epoch 120] step 180 loss: 0.0361
[Epoch 120] step 190 loss: 0.0713
[Epoch 120] step 200 loss: 0.0277
[Epoch 120] step 210 loss: 0.0579
[Epoch 120] step 220 loss: 0.1467
[Epoch 120] step 230 loss: 0.0402
[Epoch 120] step 240 loss: 0.0892
[Epoch 120] step 250 loss: 0.0855
[Epoch 120] step 260 loss: 0.0196
[Epoch 120] step 270 loss: 0.0318
[Epoch 120] step 280 loss: 0.0620
[Epoch 120] step 290 loss: 0.0496
[Epoch 120] step 300 loss: 0.0394
[Epoch 120] step 310 loss: 0.0487
[Epoch 120] step 320 loss: 0.0679
[Epoch 120] step 330 loss: 0.0432
[Epoch 120] step 340 loss: 0.1079
[Epoch 120] step 350 loss: 0.0671
[Epoch 120] step 360 loss: 0.0420
[Epoch 120] step 370 loss: 0.0730
[Epoch 120] step 380 loss: 0.0274
[Epoch 120] step 390 loss: 0.0453
[Epoch 120] step 400 loss: 0.0441
[Epoch 120] step 410 loss: 0.0629
[Epoch 120] step 420 loss: 0.0574
[Epoch 120] step 430 loss: 0.0658
[Epoch 120] step 440 loss: 0.0581
[Epoch 120] step 450 loss: 0.0375
[Epoch 120] step 460 loss: 0.0713
[Epoch 120] step 470 loss: 0.0369
[Epoch 120] step 480 loss: 0.0265
[Epoch 120] step 490 loss: 0.0250
[Epoch 120] step 500 loss: 0.0364
[Epoch 120] step 510 loss: 0.0720
[Epoch 120] step 520 loss: 0.0318
[Epoch 120] step 530 loss: 0.0725
[Epoch 120] step 540 loss: 0.0432
[Epoch 120] step 550 loss: 0.0605
[Epoch 120] step 560 loss: 0.0602
[Epoch 120] step 570 loss: 0.0334
[Epoch 120] step 580 loss: 0.0526
[Epoch 120] step 590 loss: 0.0720
[Epoch 120] step 600 loss: 0.0727
[Epoch 120] step 610 loss: 0.1020
[Epoch 120] step 620 loss: 0.0730
[Epoch 120] step 630 loss: 0.0486
[Epoch 120] step 640 loss: 0.0347
[Epoch 120] step 650 loss: 0.0548
[Epoch 120] step 660 loss: 0.0424
[Epoch 120] step 670 loss: 0.1430
[Epoch 120] step 680 loss: 0.0526
[Epoch 120] step 690 loss: 0.0730
[Epoch 120] step 700 loss: 0.0367
[Epoch 120] step 710 loss: 0.0531
[Epoch 120] step 720 loss: 0.0651
[Epoch 120] step 730 loss: 0.0515
[Epoch 120] step 740 loss: 0.0441
==== Epoch 120 avg loss: 0.0575 ====
[Epoch 121] step 0 loss: 0.0314
[Epoch 121] step 10 loss: 0.0889
[Epoch 121] step 20 loss: 0.0328
[Epoch 121] step 30 loss: 0.0440
[Epoch 121] step 40 loss: 0.0335
[Epoch 121] step 50 loss: 0.0849
[Epoch 121] step 60 loss: 0.0468
[Epoch 121] step 70 loss: 0.0514
[Epoch 121] step 80 loss: 0.0330
[Epoch 121] step 90 loss: 0.0854
[Epoch 121] step 100 loss: 0.0214
[Epoch 121] step 110 loss: 0.0551
[Epoch 121] step 120 loss: 0.0288
[Epoch 121] step 130 loss: 0.0279
[Epoch 121] step 140 loss: 0.0462
[Epoch 121] step 150 loss: 0.0464
[Epoch 121] step 160 loss: 0.0460
[Epoch 121] step 170 loss: 0.0545
[Epoch 121] step 180 loss: 0.0413
[Epoch 121] step 190 loss: 0.0220
[Epoch 121] step 200 loss: 0.0247
[Epoch 121] step 210 loss: 0.0698
[Epoch 121] step 220 loss: 0.0608
[Epoch 121] step 230 loss: 0.0286
[Epoch 121] step 240 loss: 0.0511
[Epoch 121] step 250 loss: 0.0349
[Epoch 121] step 260 loss: 0.0775
[Epoch 121] step 270 loss: 0.0328
[Epoch 121] step 280 loss: 0.1196
[Epoch 121] step 290 loss: 0.0741
[Epoch 121] step 300 loss: 0.0335
[Epoch 121] step 310 loss: 0.0572
[Epoch 121] step 320 loss: 0.0344
[Epoch 121] step 330 loss: 0.0550
[Epoch 121] step 340 loss: 0.0295
[Epoch 121] step 350 loss: 0.0357
[Epoch 121] step 360 loss: 0.0373
[Epoch 121] step 370 loss: 0.0429
[Epoch 121] step 380 loss: 0.0417
[Epoch 121] step 390 loss: 0.1562
[Epoch 121] step 400 loss: 0.0461
[Epoch 121] step 410 loss: 0.0426
[Epoch 121] step 420 loss: 0.0407
[Epoch 121] step 430 loss: 0.0267
[Epoch 121] step 440 loss: 0.0434
[Epoch 121] step 450 loss: 0.0585
[Epoch 121] step 460 loss: 0.0529
[Epoch 121] step 470 loss: 0.0489
[Epoch 121] step 480 loss: 0.0475
[Epoch 121] step 490 loss: 0.1033
[Epoch 121] step 500 loss: 0.1042
[Epoch 121] step 510 loss: 0.0452
[Epoch 121] step 520 loss: 0.0504
[Epoch 121] step 530 loss: 0.1957
[Epoch 121] step 540 loss: 0.0400
[Epoch 121] step 550 loss: 0.0350
[Epoch 121] step 560 loss: 0.0332
[Epoch 121] step 570 loss: 0.0667
[Epoch 121] step 580 loss: 0.0638
[Epoch 121] step 590 loss: 0.0832
[Epoch 121] step 600 loss: 0.0561
[Epoch 121] step 610 loss: 0.1191
[Epoch 121] step 620 loss: 0.0239
[Epoch 121] step 630 loss: 0.0553
[Epoch 121] step 640 loss: 0.0514
[Epoch 121] step 650 loss: 0.0379
[Epoch 121] step 660 loss: 0.0572
[Epoch 121] step 670 loss: 0.0720
[Epoch 121] step 680 loss: 0.0565
[Epoch 121] step 690 loss: 0.0524
[Epoch 121] step 700 loss: 0.0337
[Epoch 121] step 710 loss: 0.1135
[Epoch 121] step 720 loss: 0.0803
[Epoch 121] step 730 loss: 0.0860
[Epoch 121] step 740 loss: 0.0492
==== Epoch 121 avg loss: 0.0557 ====
[Epoch 122] step 0 loss: 0.0259
[Epoch 122] step 10 loss: 0.0523
[Epoch 122] step 20 loss: 0.0615
[Epoch 122] step 30 loss: 0.1379
[Epoch 122] step 40 loss: 0.0912
[Epoch 122] step 50 loss: 0.0859
[Epoch 122] step 60 loss: 0.1205
[Epoch 122] step 70 loss: 0.0237
[Epoch 122] step 80 loss: 0.0433
[Epoch 122] step 90 loss: 0.0876
[Epoch 122] step 100 loss: 0.0632
[Epoch 122] step 110 loss: 0.0368
[Epoch 122] step 120 loss: 0.0291
[Epoch 122] step 130 loss: 0.0560
[Epoch 122] step 140 loss: 0.0516
[Epoch 122] step 150 loss: 0.0492
[Epoch 122] step 160 loss: 0.0551
[Epoch 122] step 170 loss: 0.0289
[Epoch 122] step 180 loss: 0.0781
[Epoch 122] step 190 loss: 0.0326
[Epoch 122] step 200 loss: 0.0642
[Epoch 122] step 210 loss: 0.1750
[Epoch 122] step 220 loss: 0.0328
[Epoch 122] step 230 loss: 0.0415
[Epoch 122] step 240 loss: 0.0536
[Epoch 122] step 250 loss: 0.0563
[Epoch 122] step 260 loss: 0.0567
[Epoch 122] step 270 loss: 0.0624
[Epoch 122] step 280 loss: 0.0245
[Epoch 122] step 290 loss: 0.1120
[Epoch 122] step 300 loss: 0.0523
[Epoch 122] step 310 loss: 0.0433
[Epoch 122] step 320 loss: 0.0686
[Epoch 122] step 330 loss: 0.0194
[Epoch 122] step 340 loss: 0.0338
[Epoch 122] step 350 loss: 0.0525
[Epoch 122] step 360 loss: 0.0790
[Epoch 122] step 370 loss: 0.0375
[Epoch 122] step 380 loss: 0.0626
[Epoch 122] step 390 loss: 0.0217
[Epoch 122] step 400 loss: 0.0575
[Epoch 122] step 410 loss: 0.0311
[Epoch 122] step 420 loss: 0.0602
[Epoch 122] step 430 loss: 0.0485
[Epoch 122] step 440 loss: 0.0366
[Epoch 122] step 450 loss: 0.0492
[Epoch 122] step 460 loss: 0.0417
[Epoch 122] step 470 loss: 0.0973
[Epoch 122] step 480 loss: 0.0421
[Epoch 122] step 490 loss: 0.0750
[Epoch 122] step 500 loss: 0.0322
[Epoch 122] step 510 loss: 0.0515
[Epoch 122] step 520 loss: 0.0480
[Epoch 122] step 530 loss: 0.0729
[Epoch 122] step 540 loss: 0.0704
[Epoch 122] step 550 loss: 0.0498
[Epoch 122] step 560 loss: 0.0664
[Epoch 122] step 570 loss: 0.1596
[Epoch 122] step 580 loss: 0.0319
[Epoch 122] step 590 loss: 0.0663
[Epoch 122] step 600 loss: 0.0349
[Epoch 122] step 610 loss: 0.0809
[Epoch 122] step 620 loss: 0.0361
[Epoch 122] step 630 loss: 0.1173
[Epoch 122] step 640 loss: 0.0399
[Epoch 122] step 650 loss: 0.0469
[Epoch 122] step 660 loss: 0.0816
[Epoch 122] step 670 loss: 0.0630
[Epoch 122] step 680 loss: 0.0474
[Epoch 122] step 690 loss: 0.0832
[Epoch 122] step 700 loss: 0.0336
[Epoch 122] step 710 loss: 0.0418
[Epoch 122] step 720 loss: 0.0283
[Epoch 122] step 730 loss: 0.0200
[Epoch 122] step 740 loss: 0.0267
==== Epoch 122 avg loss: 0.0564 ====
[Epoch 123] step 0 loss: 0.1218
[Epoch 123] step 10 loss: 0.0679
[Epoch 123] step 20 loss: 0.0402
[Epoch 123] step 30 loss: 0.0636
[Epoch 123] step 40 loss: 0.0984
[Epoch 123] step 50 loss: 0.0275
[Epoch 123] step 60 loss: 0.0484
[Epoch 123] step 70 loss: 0.0524
[Epoch 123] step 80 loss: 0.0280
[Epoch 123] step 90 loss: 0.0471
[Epoch 123] step 100 loss: 0.0827
[Epoch 123] step 110 loss: 0.0231
[Epoch 123] step 120 loss: 0.0331
[Epoch 123] step 130 loss: 0.0227
[Epoch 123] step 140 loss: 0.0610
[Epoch 123] step 150 loss: 0.0549
[Epoch 123] step 160 loss: 0.0333
[Epoch 123] step 170 loss: 0.0927
[Epoch 123] step 180 loss: 0.0787
[Epoch 123] step 190 loss: 0.0623
[Epoch 123] step 200 loss: 0.0311
[Epoch 123] step 210 loss: 0.0454
[Epoch 123] step 220 loss: 0.0924
[Epoch 123] step 230 loss: 0.0627
[Epoch 123] step 240 loss: 0.0351
[Epoch 123] step 250 loss: 0.0385
[Epoch 123] step 260 loss: 0.0647
[Epoch 123] step 270 loss: 0.0858
[Epoch 123] step 280 loss: 0.0480
[Epoch 123] step 290 loss: 0.1092
[Epoch 123] step 300 loss: 0.0791
[Epoch 123] step 310 loss: 0.0637
[Epoch 123] step 320 loss: 0.0340
[Epoch 123] step 330 loss: 0.0330
[Epoch 123] step 340 loss: 0.0970
[Epoch 123] step 350 loss: 0.0376
[Epoch 123] step 360 loss: 0.0506
[Epoch 123] step 370 loss: 0.0474
[Epoch 123] step 380 loss: 0.0546
[Epoch 123] step 390 loss: 0.0624
[Epoch 123] step 400 loss: 0.0731
[Epoch 123] step 410 loss: 0.0613
[Epoch 123] step 420 loss: 0.0531
[Epoch 123] step 430 loss: 0.0457
[Epoch 123] step 440 loss: 0.0340
[Epoch 123] step 450 loss: 0.0582
[Epoch 123] step 460 loss: 0.0712
[Epoch 123] step 470 loss: 0.0497
[Epoch 123] step 480 loss: 0.0512
[Epoch 123] step 490 loss: 0.0462
[Epoch 123] step 500 loss: 0.0814
[Epoch 123] step 510 loss: 0.0428
[Epoch 123] step 520 loss: 0.0340
[Epoch 123] step 530 loss: 0.1154
[Epoch 123] step 540 loss: 0.0947
[Epoch 123] step 550 loss: 0.0773
[Epoch 123] step 560 loss: 0.0531
[Epoch 123] step 570 loss: 0.0285
[Epoch 123] step 580 loss: 0.0357
[Epoch 123] step 590 loss: 0.0410
[Epoch 123] step 600 loss: 0.0590
[Epoch 123] step 610 loss: 0.1095
[Epoch 123] step 620 loss: 0.0424
[Epoch 123] step 630 loss: 0.0498
[Epoch 123] step 640 loss: 0.0998
[Epoch 123] step 650 loss: 0.0726
[Epoch 123] step 660 loss: 0.1088
[Epoch 123] step 670 loss: 0.0765
[Epoch 123] step 680 loss: 0.0598
[Epoch 123] step 690 loss: 0.0408
[Epoch 123] step 700 loss: 0.0497
[Epoch 123] step 710 loss: 0.0389
[Epoch 123] step 720 loss: 0.0790
[Epoch 123] step 730 loss: 0.0593
[Epoch 123] step 740 loss: 0.0683
==== Epoch 123 avg loss: 0.0556 ====
[Epoch 124] step 0 loss: 0.0529
[Epoch 124] step 10 loss: 0.0688
[Epoch 124] step 20 loss: 0.0277
[Epoch 124] step 30 loss: 0.0304
[Epoch 124] step 40 loss: 0.0222
[Epoch 124] step 50 loss: 0.0717
[Epoch 124] step 60 loss: 0.0867
[Epoch 124] step 70 loss: 0.0525
[Epoch 124] step 80 loss: 0.0191
[Epoch 124] step 90 loss: 0.0570
[Epoch 124] step 100 loss: 0.0494
[Epoch 124] step 110 loss: 0.1105
[Epoch 124] step 120 loss: 0.0845
[Epoch 124] step 130 loss: 0.0722
[Epoch 124] step 140 loss: 0.0596
[Epoch 124] step 150 loss: 0.0464
[Epoch 124] step 160 loss: 0.1219
[Epoch 124] step 170 loss: 0.0317
[Epoch 124] step 180 loss: 0.0261
[Epoch 124] step 190 loss: 0.0271
[Epoch 124] step 200 loss: 0.1360
[Epoch 124] step 210 loss: 0.0166
[Epoch 124] step 220 loss: 0.0512
[Epoch 124] step 230 loss: 0.0465
[Epoch 124] step 240 loss: 0.0269
[Epoch 124] step 250 loss: 0.0457
[Epoch 124] step 260 loss: 0.0507
[Epoch 124] step 270 loss: 0.0559
[Epoch 124] step 280 loss: 0.0366
[Epoch 124] step 290 loss: 0.0305
[Epoch 124] step 300 loss: 0.0433
[Epoch 124] step 310 loss: 0.1083
[Epoch 124] step 320 loss: 0.0336
[Epoch 124] step 330 loss: 0.0582
[Epoch 124] step 340 loss: 0.0593
[Epoch 124] step 350 loss: 0.0544
[Epoch 124] step 360 loss: 0.0375
[Epoch 124] step 370 loss: 0.0409
[Epoch 124] step 380 loss: 0.0436
[Epoch 124] step 390 loss: 0.0834
[Epoch 124] step 400 loss: 0.0425
[Epoch 124] step 410 loss: 0.0348
[Epoch 124] step 420 loss: 0.0501
[Epoch 124] step 430 loss: 0.0692
[Epoch 124] step 440 loss: 0.0519
[Epoch 124] step 450 loss: 0.0927
[Epoch 124] step 460 loss: 0.0746
[Epoch 124] step 470 loss: 0.0251
[Epoch 124] step 480 loss: 0.0587
[Epoch 124] step 490 loss: 0.0475
[Epoch 124] step 500 loss: 0.0745
[Epoch 124] step 510 loss: 0.0252
[Epoch 124] step 520 loss: 0.0358
[Epoch 124] step 530 loss: 0.1184
[Epoch 124] step 540 loss: 0.0274
[Epoch 124] step 550 loss: 0.0591
[Epoch 124] step 560 loss: 0.0569
[Epoch 124] step 570 loss: 0.0408
[Epoch 124] step 580 loss: 0.0579
[Epoch 124] step 590 loss: 0.0596
[Epoch 124] step 600 loss: 0.0566
[Epoch 124] step 610 loss: 0.0364
[Epoch 124] step 620 loss: 0.0529
[Epoch 124] step 630 loss: 0.0522
[Epoch 124] step 640 loss: 0.0659
[Epoch 124] step 650 loss: 0.0648
[Epoch 124] step 660 loss: 0.0939
[Epoch 124] step 670 loss: 0.0566
[Epoch 124] step 680 loss: 0.0799
[Epoch 124] step 690 loss: 0.0311
[Epoch 124] step 700 loss: 0.0566
[Epoch 124] step 710 loss: 0.0386
[Epoch 124] step 720 loss: 0.0599
[Epoch 124] step 730 loss: 0.0399
[Epoch 124] step 740 loss: 0.0277
==== Epoch 124 avg loss: 0.0540 ====
[Epoch 125] step 0 loss: 0.0271
[Epoch 125] step 10 loss: 0.0961
[Epoch 125] step 20 loss: 0.0127
[Epoch 125] step 30 loss: 0.0313
[Epoch 125] step 40 loss: 0.0070
[Epoch 125] step 50 loss: 0.0327
[Epoch 125] step 60 loss: 0.0438
[Epoch 125] step 70 loss: 0.0450
[Epoch 125] step 80 loss: 0.0333
[Epoch 125] step 90 loss: 0.1039
[Epoch 125] step 100 loss: 0.0307
[Epoch 125] step 110 loss: 0.0600
[Epoch 125] step 120 loss: 0.0380
[Epoch 125] step 130 loss: 0.0534
[Epoch 125] step 140 loss: 0.0522
[Epoch 125] step 150 loss: 0.0596
[Epoch 125] step 160 loss: 0.0400
[Epoch 125] step 170 loss: 0.0960
[Epoch 125] step 180 loss: 0.0477
[Epoch 125] step 190 loss: 0.0461
[Epoch 125] step 200 loss: 0.0477
[Epoch 125] step 210 loss: 0.0476
[Epoch 125] step 220 loss: 0.0530
[Epoch 125] step 230 loss: 0.0670
[Epoch 125] step 240 loss: 0.0441
[Epoch 125] step 250 loss: 0.0609
[Epoch 125] step 260 loss: 0.0303
[Epoch 125] step 270 loss: 0.0339
[Epoch 125] step 280 loss: 0.0447
[Epoch 125] step 290 loss: 0.0346
[Epoch 125] step 300 loss: 0.1405
[Epoch 125] step 310 loss: 0.0174
[Epoch 125] step 320 loss: 0.0372
[Epoch 125] step 330 loss: 0.0465
[Epoch 125] step 340 loss: 0.0380
[Epoch 125] step 350 loss: 0.0411
[Epoch 125] step 360 loss: 0.0897
[Epoch 125] step 370 loss: 0.0812
[Epoch 125] step 380 loss: 0.0688
[Epoch 125] step 390 loss: 0.0341
[Epoch 125] step 400 loss: 0.0312
[Epoch 125] step 410 loss: 0.0430
[Epoch 125] step 420 loss: 0.0552
[Epoch 125] step 430 loss: 0.0316
[Epoch 125] step 440 loss: 0.1044
[Epoch 125] step 450 loss: 0.0604
[Epoch 125] step 460 loss: 0.0191
[Epoch 125] step 470 loss: 0.0272
[Epoch 125] step 480 loss: 0.0297
[Epoch 125] step 490 loss: 0.0327
[Epoch 125] step 500 loss: 0.0435
[Epoch 125] step 510 loss: 0.0197
[Epoch 125] step 520 loss: 0.0401
[Epoch 125] step 530 loss: 0.0527
[Epoch 125] step 540 loss: 0.0677
[Epoch 125] step 550 loss: 0.0229
[Epoch 125] step 560 loss: 0.0370
[Epoch 125] step 570 loss: 0.1602
[Epoch 125] step 580 loss: 0.0439
[Epoch 125] step 590 loss: 0.0514
[Epoch 125] step 600 loss: 0.0487
[Epoch 125] step 610 loss: 0.1309
[Epoch 125] step 620 loss: 0.0346
[Epoch 125] step 630 loss: 0.0580
[Epoch 125] step 640 loss: 0.0304
[Epoch 125] step 650 loss: 0.0275
[Epoch 125] step 660 loss: 0.0516
[Epoch 125] step 670 loss: 0.0330
[Epoch 125] step 680 loss: 0.0489
[Epoch 125] step 690 loss: 0.0498
[Epoch 125] step 700 loss: 0.0406
[Epoch 125] step 710 loss: 0.0185
[Epoch 125] step 720 loss: 0.0818
[Epoch 125] step 730 loss: 0.0463
[Epoch 125] step 740 loss: 0.0716
==== Epoch 125 avg loss: 0.0523 ====
[Epoch 126] step 0 loss: 0.0353
[Epoch 126] step 10 loss: 0.0196
[Epoch 126] step 20 loss: 0.0550
[Epoch 126] step 30 loss: 0.0453
[Epoch 126] step 40 loss: 0.0316
[Epoch 126] step 50 loss: 0.0696
[Epoch 126] step 60 loss: 0.0169
[Epoch 126] step 70 loss: 0.0686
[Epoch 126] step 80 loss: 0.0367
[Epoch 126] step 90 loss: 0.0378
[Epoch 126] step 100 loss: 0.0197
[Epoch 126] step 110 loss: 0.0344
[Epoch 126] step 120 loss: 0.0255
[Epoch 126] step 130 loss: 0.0192
[Epoch 126] step 140 loss: 0.0407
[Epoch 126] step 150 loss: 0.0558
[Epoch 126] step 160 loss: 0.0224
[Epoch 126] step 170 loss: 0.0470
[Epoch 126] step 180 loss: 0.0307
[Epoch 126] step 190 loss: 0.0204
[Epoch 126] step 200 loss: 0.0419
[Epoch 126] step 210 loss: 0.0319
[Epoch 126] step 220 loss: 0.0584
[Epoch 126] step 230 loss: 0.0610
[Epoch 126] step 240 loss: 0.0816
[Epoch 126] step 250 loss: 0.0360
[Epoch 126] step 260 loss: 0.0467
[Epoch 126] step 270 loss: 0.0377
[Epoch 126] step 280 loss: 0.0248
[Epoch 126] step 290 loss: 0.0195
[Epoch 126] step 300 loss: 0.0588
[Epoch 126] step 310 loss: 0.0222
[Epoch 126] step 320 loss: 0.0473
[Epoch 126] step 330 loss: 0.0466
[Epoch 126] step 340 loss: 0.0327
[Epoch 126] step 350 loss: 0.0558
[Epoch 126] step 360 loss: 0.0512
[Epoch 126] step 370 loss: 0.0409
[Epoch 126] step 380 loss: 0.0221
[Epoch 126] step 390 loss: 0.0473
[Epoch 126] step 400 loss: 0.0736
[Epoch 126] step 410 loss: 0.0142
[Epoch 126] step 420 loss: 0.0455
[Epoch 126] step 430 loss: 0.0392
[Epoch 126] step 440 loss: 0.0363
[Epoch 126] step 450 loss: 0.0635
[Epoch 126] step 460 loss: 0.0682
[Epoch 126] step 470 loss: 0.0579
[Epoch 126] step 480 loss: 0.0385
[Epoch 126] step 490 loss: 0.0351
[Epoch 126] step 500 loss: 0.0555
[Epoch 126] step 510 loss: 0.0631
[Epoch 126] step 520 loss: 0.0350
[Epoch 126] step 530 loss: 0.1302
[Epoch 126] step 540 loss: 0.0152
[Epoch 126] step 550 loss: 0.0206
[Epoch 126] step 560 loss: 0.0532
[Epoch 126] step 570 loss: 0.0369
[Epoch 126] step 580 loss: 0.0394
[Epoch 126] step 590 loss: 0.0256
[Epoch 126] step 600 loss: 0.0362
[Epoch 126] step 610 loss: 0.0857
[Epoch 126] step 620 loss: 0.0445
[Epoch 126] step 630 loss: 0.0265
[Epoch 126] step 640 loss: 0.0196
[Epoch 126] step 650 loss: 0.0344
[Epoch 126] step 660 loss: 0.0518
[Epoch 126] step 670 loss: 0.0513
[Epoch 126] step 680 loss: 0.0279
[Epoch 126] step 690 loss: 0.0264
[Epoch 126] step 700 loss: 0.0240
[Epoch 126] step 710 loss: 0.0518
[Epoch 126] step 720 loss: 0.0653
[Epoch 126] step 730 loss: 0.0502
[Epoch 126] step 740 loss: 0.0692
==== Epoch 126 avg loss: 0.0501 ====
[Epoch 127] step 0 loss: 0.0326
[Epoch 127] step 10 loss: 0.0584
[Epoch 127] step 20 loss: 0.0359
[Epoch 127] step 30 loss: 0.0233
[Epoch 127] step 40 loss: 0.0367
[Epoch 127] step 50 loss: 0.0285
[Epoch 127] step 60 loss: 0.0863
[Epoch 127] step 70 loss: 0.0398
[Epoch 127] step 80 loss: 0.0487
[Epoch 127] step 90 loss: 0.0689
[Epoch 127] step 100 loss: 0.0906
[Epoch 127] step 110 loss: 0.0472
[Epoch 127] step 120 loss: 0.0455
[Epoch 127] step 130 loss: 0.0441
[Epoch 127] step 140 loss: 0.0373
[Epoch 127] step 150 loss: 0.0168
[Epoch 127] step 160 loss: 0.0134
[Epoch 127] step 170 loss: 0.0974
[Epoch 127] step 180 loss: 0.0260
[Epoch 127] step 190 loss: 0.0499
[Epoch 127] step 200 loss: 0.0924
[Epoch 127] step 210 loss: 0.0585
[Epoch 127] step 220 loss: 0.0565
[Epoch 127] step 230 loss: 0.0515
[Epoch 127] step 240 loss: 0.0602
[Epoch 127] step 250 loss: 0.0510
[Epoch 127] step 260 loss: 0.0521
[Epoch 127] step 270 loss: 0.0217
[Epoch 127] step 280 loss: 0.0487
[Epoch 127] step 290 loss: 0.0458
[Epoch 127] step 300 loss: 0.0615
[Epoch 127] step 310 loss: 0.0893
[Epoch 127] step 320 loss: 0.0268
[Epoch 127] step 330 loss: 0.0220
[Epoch 127] step 340 loss: 0.0458
[Epoch 127] step 350 loss: 0.0459
[Epoch 127] step 360 loss: 0.1002
[Epoch 127] step 370 loss: 0.0376
[Epoch 127] step 380 loss: 0.0767
[Epoch 127] step 390 loss: 0.0174
[Epoch 127] step 400 loss: 0.0524
[Epoch 127] step 410 loss: 0.0818
[Epoch 127] step 420 loss: 0.0221
[Epoch 127] step 430 loss: 0.0677
[Epoch 127] step 440 loss: 0.0541
[Epoch 127] step 450 loss: 0.0357
[Epoch 127] step 460 loss: 0.2228
[Epoch 127] step 470 loss: 0.0978
[Epoch 127] step 480 loss: 0.0610
[Epoch 127] step 490 loss: 0.0749
[Epoch 127] step 500 loss: 0.0396
[Epoch 127] step 510 loss: 0.0535
[Epoch 127] step 520 loss: 0.0608
[Epoch 127] step 530 loss: 0.0522
[Epoch 127] step 540 loss: 0.0834
[Epoch 127] step 550 loss: 0.0383
[Epoch 127] step 560 loss: 0.0950
[Epoch 127] step 570 loss: 0.0940
[Epoch 127] step 580 loss: 0.0267
[Epoch 127] step 590 loss: 0.0432
[Epoch 127] step 600 loss: 0.0751
[Epoch 127] step 610 loss: 0.0396
[Epoch 127] step 620 loss: 0.0455
[Epoch 127] step 630 loss: 0.0537
[Epoch 127] step 640 loss: 0.0534
[Epoch 127] step 650 loss: 0.0445
[Epoch 127] step 660 loss: 0.1034
[Epoch 127] step 670 loss: 0.0999
[Epoch 127] step 680 loss: 0.0347
[Epoch 127] step 690 loss: 0.0293
[Epoch 127] step 700 loss: 0.0978
[Epoch 127] step 710 loss: 0.0492
[Epoch 127] step 720 loss: 0.0134
[Epoch 127] step 730 loss: 0.0325
[Epoch 127] step 740 loss: 0.0597
==== Epoch 127 avg loss: 0.0508 ====
[Epoch 128] step 0 loss: 0.0197
[Epoch 128] step 10 loss: 0.0822
[Epoch 128] step 20 loss: 0.0437
[Epoch 128] step 30 loss: 0.0653
[Epoch 128] step 40 loss: 0.0742
[Epoch 128] step 50 loss: 0.0642
[Epoch 128] step 60 loss: 0.0498
[Epoch 128] step 70 loss: 0.0419
[Epoch 128] step 80 loss: 0.0440
[Epoch 128] step 90 loss: 0.0245
[Epoch 128] step 100 loss: 0.0552
[Epoch 128] step 110 loss: 0.0259
[Epoch 128] step 120 loss: 0.0783
[Epoch 128] step 130 loss: 0.0681
[Epoch 128] step 140 loss: 0.0533
[Epoch 128] step 150 loss: 0.0378
[Epoch 128] step 160 loss: 0.0836
[Epoch 128] step 170 loss: 0.0674
[Epoch 128] step 180 loss: 0.0399
[Epoch 128] step 190 loss: 0.0661
[Epoch 128] step 200 loss: 0.0657
[Epoch 128] step 210 loss: 0.0633
[Epoch 128] step 220 loss: 0.0832
[Epoch 128] step 230 loss: 0.0536
[Epoch 128] step 240 loss: 0.0363
[Epoch 128] step 250 loss: 0.0440
[Epoch 128] step 260 loss: 0.0192
[Epoch 128] step 270 loss: 0.0734
[Epoch 128] step 280 loss: 0.0565
[Epoch 128] step 290 loss: 0.0211
[Epoch 128] step 300 loss: 0.0769
[Epoch 128] step 310 loss: 0.0383
[Epoch 128] step 320 loss: 0.0455
[Epoch 128] step 330 loss: 0.0460
[Epoch 128] step 340 loss: 0.0449
[Epoch 128] step 350 loss: 0.0396
[Epoch 128] step 360 loss: 0.0338
[Epoch 128] step 370 loss: 0.0651
[Epoch 128] step 380 loss: 0.1217
[Epoch 128] step 390 loss: 0.0387
[Epoch 128] step 400 loss: 0.0408
[Epoch 128] step 410 loss: 0.0431
[Epoch 128] step 420 loss: 0.0357
[Epoch 128] step 430 loss: 0.1035
[Epoch 128] step 440 loss: 0.0687
[Epoch 128] step 450 loss: 0.0675
[Epoch 128] step 460 loss: 0.0725
[Epoch 128] step 470 loss: 0.0578
[Epoch 128] step 480 loss: 0.0420
[Epoch 128] step 490 loss: 0.0456
[Epoch 128] step 500 loss: 0.0659
[Epoch 128] step 510 loss: 0.0393
[Epoch 128] step 520 loss: 0.0447
[Epoch 128] step 530 loss: 0.0717
[Epoch 128] step 540 loss: 0.0429
[Epoch 128] step 550 loss: 0.0620
[Epoch 128] step 560 loss: 0.0552
[Epoch 128] step 570 loss: 0.0207
[Epoch 128] step 580 loss: 0.0521
[Epoch 128] step 590 loss: 0.0304
[Epoch 128] step 600 loss: 0.0245
[Epoch 128] step 610 loss: 0.0795
[Epoch 128] step 620 loss: 0.0551
[Epoch 128] step 630 loss: 0.1220
[Epoch 128] step 640 loss: 0.0752
[Epoch 128] step 650 loss: 0.0258
[Epoch 128] step 660 loss: 0.0513
[Epoch 128] step 670 loss: 0.0596
[Epoch 128] step 680 loss: 0.0371
[Epoch 128] step 690 loss: 0.0456
[Epoch 128] step 700 loss: 0.0225
[Epoch 128] step 710 loss: 0.0444
[Epoch 128] step 720 loss: 0.0804
[Epoch 128] step 730 loss: 0.0261
[Epoch 128] step 740 loss: 0.0730
==== Epoch 128 avg loss: 0.0516 ====
[Epoch 129] step 0 loss: 0.0277
[Epoch 129] step 10 loss: 0.0459
[Epoch 129] step 20 loss: 0.0511
[Epoch 129] step 30 loss: 0.0419
[Epoch 129] step 40 loss: 0.0277
[Epoch 129] step 50 loss: 0.0603
[Epoch 129] step 60 loss: 0.0415
[Epoch 129] step 70 loss: 0.0695
[Epoch 129] step 80 loss: 0.0421
[Epoch 129] step 90 loss: 0.0331
[Epoch 129] step 100 loss: 0.0439
[Epoch 129] step 110 loss: 0.0217
[Epoch 129] step 120 loss: 0.0750
[Epoch 129] step 130 loss: 0.0325
[Epoch 129] step 140 loss: 0.0291
[Epoch 129] step 150 loss: 0.0336
[Epoch 129] step 160 loss: 0.0443
[Epoch 129] step 170 loss: 0.0319
[Epoch 129] step 180 loss: 0.0430
[Epoch 129] step 190 loss: 0.0180
[Epoch 129] step 200 loss: 0.0923
[Epoch 129] step 210 loss: 0.0558
[Epoch 129] step 220 loss: 0.0419
[Epoch 129] step 230 loss: 0.0183
[Epoch 129] step 240 loss: 0.0660
[Epoch 129] step 250 loss: 0.1234
[Epoch 129] step 260 loss: 0.0227
[Epoch 129] step 270 loss: 0.0440
[Epoch 129] step 280 loss: 0.0414
[Epoch 129] step 290 loss: 0.0296
[Epoch 129] step 300 loss: 0.0757
[Epoch 129] step 310 loss: 0.0209
[Epoch 129] step 320 loss: 0.0386
[Epoch 129] step 330 loss: 0.0398
[Epoch 129] step 340 loss: 0.0528
[Epoch 129] step 350 loss: 0.1079
[Epoch 129] step 360 loss: 0.0461
[Epoch 129] step 370 loss: 0.0517
[Epoch 129] step 380 loss: 0.0433
[Epoch 129] step 390 loss: 0.0332
[Epoch 129] step 400 loss: 0.0384
[Epoch 129] step 410 loss: 0.0603
[Epoch 129] step 420 loss: 0.0507
[Epoch 129] step 430 loss: 0.0846
[Epoch 129] step 440 loss: 0.0782
[Epoch 129] step 450 loss: 0.0302
[Epoch 129] step 460 loss: 0.0430
[Epoch 129] step 470 loss: 0.0233
[Epoch 129] step 480 loss: 0.0555
[Epoch 129] step 490 loss: 0.0092
[Epoch 129] step 500 loss: 0.0601
[Epoch 129] step 510 loss: 0.0676
[Epoch 129] step 520 loss: 0.0774
[Epoch 129] step 530 loss: 0.0435
[Epoch 129] step 540 loss: 0.0400
[Epoch 129] step 550 loss: 0.0763
[Epoch 129] step 560 loss: 0.0397
[Epoch 129] step 570 loss: 0.0473
[Epoch 129] step 580 loss: 0.0185
[Epoch 129] step 590 loss: 0.0247
[Epoch 129] step 600 loss: 0.0195
[Epoch 129] step 610 loss: 0.0268
[Epoch 129] step 620 loss: 0.0469
[Epoch 129] step 630 loss: 0.0218
[Epoch 129] step 640 loss: 0.0748
[Epoch 129] step 650 loss: 0.0512
[Epoch 129] step 660 loss: 0.0524
[Epoch 129] step 670 loss: 0.0643
[Epoch 129] step 680 loss: 0.0181
[Epoch 129] step 690 loss: 0.1095
[Epoch 129] step 700 loss: 0.1056
[Epoch 129] step 710 loss: 0.0466
[Epoch 129] step 720 loss: 0.0940
[Epoch 129] step 730 loss: 0.0695
[Epoch 129] step 740 loss: 0.0551
==== Epoch 129 avg loss: 0.0454 ====
[Epoch 130] step 0 loss: 0.0387
[Epoch 130] step 10 loss: 0.0509
[Epoch 130] step 20 loss: 0.0446
[Epoch 130] step 30 loss: 0.0475
[Epoch 130] step 40 loss: 0.0462
[Epoch 130] step 50 loss: 0.0563
[Epoch 130] step 60 loss: 0.0476
[Epoch 130] step 70 loss: 0.0531
[Epoch 130] step 80 loss: 0.0651
[Epoch 130] step 90 loss: 0.0574
[Epoch 130] step 100 loss: 0.0323
[Epoch 130] step 110 loss: 0.0243
[Epoch 130] step 120 loss: 0.0775
[Epoch 130] step 130 loss: 0.0450
[Epoch 130] step 140 loss: 0.0283
[Epoch 130] step 150 loss: 0.0476
[Epoch 130] step 160 loss: 0.0365
[Epoch 130] step 170 loss: 0.0543
[Epoch 130] step 180 loss: 0.0364
[Epoch 130] step 190 loss: 0.0419
[Epoch 130] step 200 loss: 0.0380
[Epoch 130] step 210 loss: 0.0650
[Epoch 130] step 220 loss: 0.0200
[Epoch 130] step 230 loss: 0.0404
[Epoch 130] step 240 loss: 0.0245
[Epoch 130] step 250 loss: 0.0635
[Epoch 130] step 260 loss: 0.1083
[Epoch 130] step 270 loss: 0.0328
[Epoch 130] step 280 loss: 0.0966
[Epoch 130] step 290 loss: 0.1324
[Epoch 130] step 300 loss: 0.0808
[Epoch 130] step 310 loss: 0.0351
[Epoch 130] step 320 loss: 0.0654
[Epoch 130] step 330 loss: 0.0351
[Epoch 130] step 340 loss: 0.0263
[Epoch 130] step 350 loss: 0.0510
[Epoch 130] step 360 loss: 0.0140
[Epoch 130] step 370 loss: 0.0318
[Epoch 130] step 380 loss: 0.0447
[Epoch 130] step 390 loss: 0.0371
[Epoch 130] step 400 loss: 0.0340
[Epoch 130] step 410 loss: 0.0819
[Epoch 130] step 420 loss: 0.0468
[Epoch 130] step 430 loss: 0.0604
[Epoch 130] step 440 loss: 0.0481
[Epoch 130] step 450 loss: 0.0393
[Epoch 130] step 460 loss: 0.0413
[Epoch 130] step 470 loss: 0.0797
[Epoch 130] step 480 loss: 0.0534
[Epoch 130] step 490 loss: 0.0610
[Epoch 130] step 500 loss: 0.0670
[Epoch 130] step 510 loss: 0.0744
[Epoch 130] step 520 loss: 0.0991
[Epoch 130] step 530 loss: 0.0719
[Epoch 130] step 540 loss: 0.0260
[Epoch 130] step 550 loss: 0.0395
[Epoch 130] step 560 loss: 0.0405
[Epoch 130] step 570 loss: 0.0652
[Epoch 130] step 580 loss: 0.0473
[Epoch 130] step 590 loss: 0.0589
[Epoch 130] step 600 loss: 0.0701
[Epoch 130] step 610 loss: 0.0240
[Epoch 130] step 620 loss: 0.0318
[Epoch 130] step 630 loss: 0.0375
[Epoch 130] step 640 loss: 0.0598
[Epoch 130] step 650 loss: 0.0583
[Epoch 130] step 660 loss: 0.0490
[Epoch 130] step 670 loss: 0.0326
[Epoch 130] step 680 loss: 0.0844
[Epoch 130] step 690 loss: 0.0503
[Epoch 130] step 700 loss: 0.0462
[Epoch 130] step 710 loss: 0.0365
[Epoch 130] step 720 loss: 0.0297
[Epoch 130] step 730 loss: 0.0639
[Epoch 130] step 740 loss: 0.0333
==== Epoch 130 avg loss: 0.0501 ====
[Epoch 131] step 0 loss: 0.0656
[Epoch 131] step 10 loss: 0.0404
[Epoch 131] step 20 loss: 0.0194
[Epoch 131] step 30 loss: 0.0300
[Epoch 131] step 40 loss: 0.0162
[Epoch 131] step 50 loss: 0.0272
[Epoch 131] step 60 loss: 0.0428
[Epoch 131] step 70 loss: 0.0459
[Epoch 131] step 80 loss: 0.0452
[Epoch 131] step 90 loss: 0.0306
[Epoch 131] step 100 loss: 0.0375
[Epoch 131] step 110 loss: 0.0343
[Epoch 131] step 120 loss: 0.0356
[Epoch 131] step 130 loss: 0.0680
[Epoch 131] step 140 loss: 0.0256
[Epoch 131] step 150 loss: 0.0436
[Epoch 131] step 160 loss: 0.0427
[Epoch 131] step 170 loss: 0.0569
[Epoch 131] step 180 loss: 0.0469
[Epoch 131] step 190 loss: 0.0694
[Epoch 131] step 200 loss: 0.0100
[Epoch 131] step 210 loss: 0.1152
[Epoch 131] step 220 loss: 0.0508
[Epoch 131] step 230 loss: 0.0553
[Epoch 131] step 240 loss: 0.0367
[Epoch 131] step 250 loss: 0.0707
[Epoch 131] step 260 loss: 0.0428
[Epoch 131] step 270 loss: 0.0345
[Epoch 131] step 280 loss: 0.0314
[Epoch 131] step 290 loss: 0.0393
[Epoch 131] step 300 loss: 0.0839
[Epoch 131] step 310 loss: 0.0337
[Epoch 131] step 320 loss: 0.0381
[Epoch 131] step 330 loss: 0.1313
[Epoch 131] step 340 loss: 0.0340
[Epoch 131] step 350 loss: 0.0414
[Epoch 131] step 360 loss: 0.0470
[Epoch 131] step 370 loss: 0.1388
[Epoch 131] step 380 loss: 0.0775
[Epoch 131] step 390 loss: 0.0731
[Epoch 131] step 400 loss: 0.0216
[Epoch 131] step 410 loss: 0.0551
[Epoch 131] step 420 loss: 0.0774
[Epoch 131] step 430 loss: 0.0227
[Epoch 131] step 440 loss: 0.0310
[Epoch 131] step 450 loss: 0.0448
[Epoch 131] step 460 loss: 0.0594
[Epoch 131] step 470 loss: 0.0722
[Epoch 131] step 480 loss: 0.0297
[Epoch 131] step 490 loss: 0.0250
[Epoch 131] step 500 loss: 0.0623
[Epoch 131] step 510 loss: 0.0965
[Epoch 131] step 520 loss: 0.0503
[Epoch 131] step 530 loss: 0.0381
[Epoch 131] step 540 loss: 0.1107
[Epoch 131] step 550 loss: 0.0366
[Epoch 131] step 560 loss: 0.0573
[Epoch 131] step 570 loss: 0.0606
[Epoch 131] step 580 loss: 0.0313
[Epoch 131] step 590 loss: 0.1093
[Epoch 131] step 600 loss: 0.0442
[Epoch 131] step 610 loss: 0.0271
[Epoch 131] step 620 loss: 0.0606
[Epoch 131] step 630 loss: 0.0590
[Epoch 131] step 640 loss: 0.0679
[Epoch 131] step 650 loss: 0.0419
[Epoch 131] step 660 loss: 0.0995
[Epoch 131] step 670 loss: 0.0406
[Epoch 131] step 680 loss: 0.0437
[Epoch 131] step 690 loss: 0.0565
[Epoch 131] step 700 loss: 0.0372
[Epoch 131] step 710 loss: 0.0343
[Epoch 131] step 720 loss: 0.0573
[Epoch 131] step 730 loss: 0.0752
[Epoch 131] step 740 loss: 0.0512
==== Epoch 131 avg loss: 0.0495 ====
[Epoch 132] step 0 loss: 0.0233
[Epoch 132] step 10 loss: 0.0478
[Epoch 132] step 20 loss: 0.0609
[Epoch 132] step 30 loss: 0.0288
[Epoch 132] step 40 loss: 0.0621
[Epoch 132] step 50 loss: 0.0508
[Epoch 132] step 60 loss: 0.0725
[Epoch 132] step 70 loss: 0.0210
[Epoch 132] step 80 loss: 0.0443
[Epoch 132] step 90 loss: 0.0409
[Epoch 132] step 100 loss: 0.0225
[Epoch 132] step 110 loss: 0.0371
[Epoch 132] step 120 loss: 0.0862
[Epoch 132] step 130 loss: 0.0758
[Epoch 132] step 140 loss: 0.0227
[Epoch 132] step 150 loss: 0.0407
[Epoch 132] step 160 loss: 0.1625
[Epoch 132] step 170 loss: 0.0296
[Epoch 132] step 180 loss: 0.0281
[Epoch 132] step 190 loss: 0.0131
[Epoch 132] step 200 loss: 0.0631
[Epoch 132] step 210 loss: 0.0472
[Epoch 132] step 220 loss: 0.0349
[Epoch 132] step 230 loss: 0.0259
[Epoch 132] step 240 loss: 0.0281
[Epoch 132] step 250 loss: 0.0278
[Epoch 132] step 260 loss: 0.0320
[Epoch 132] step 270 loss: 0.0537
[Epoch 132] step 280 loss: 0.0598
[Epoch 132] step 290 loss: 0.0656
[Epoch 132] step 300 loss: 0.0334
[Epoch 132] step 310 loss: 0.0205
[Epoch 132] step 320 loss: 0.0263
[Epoch 132] step 330 loss: 0.0199
[Epoch 132] step 340 loss: 0.0278
[Epoch 132] step 350 loss: 0.0567
[Epoch 132] step 360 loss: 0.0670
[Epoch 132] step 370 loss: 0.0452
[Epoch 132] step 380 loss: 0.0518
[Epoch 132] step 390 loss: 0.0234
[Epoch 132] step 400 loss: 0.0274
[Epoch 132] step 410 loss: 0.0501
[Epoch 132] step 420 loss: 0.0356
[Epoch 132] step 430 loss: 0.0414
[Epoch 132] step 440 loss: 0.0371
[Epoch 132] step 450 loss: 0.0576
[Epoch 132] step 460 loss: 0.0817
[Epoch 132] step 470 loss: 0.0173
[Epoch 132] step 480 loss: 0.0509
[Epoch 132] step 490 loss: 0.3544
[Epoch 132] step 500 loss: 0.0540
[Epoch 132] step 510 loss: 0.0244
[Epoch 132] step 520 loss: 0.0629
[Epoch 132] step 530 loss: 0.0579
[Epoch 132] step 540 loss: 0.0226
[Epoch 132] step 550 loss: 0.0152
[Epoch 132] step 560 loss: 0.0115
[Epoch 132] step 570 loss: 0.0472
[Epoch 132] step 580 loss: 0.0647
[Epoch 132] step 590 loss: 0.0341
[Epoch 132] step 600 loss: 0.0341
[Epoch 132] step 610 loss: 0.1011
[Epoch 132] step 620 loss: 0.0731
[Epoch 132] step 630 loss: 0.0312
[Epoch 132] step 640 loss: 0.0384
[Epoch 132] step 650 loss: 0.0476
[Epoch 132] step 660 loss: 0.0586
[Epoch 132] step 670 loss: 0.0183
[Epoch 132] step 680 loss: 0.0940
[Epoch 132] step 690 loss: 0.0259
[Epoch 132] step 700 loss: 0.0278
[Epoch 132] step 710 loss: 0.0455
[Epoch 132] step 720 loss: 0.0187
[Epoch 132] step 730 loss: 0.0411
[Epoch 132] step 740 loss: 0.0520
==== Epoch 132 avg loss: 0.0470 ====
[Epoch 133] step 0 loss: 0.0402
[Epoch 133] step 10 loss: 0.0210
[Epoch 133] step 20 loss: 0.0351
[Epoch 133] step 30 loss: 0.0831
[Epoch 133] step 40 loss: 0.0111
[Epoch 133] step 50 loss: 0.0592
[Epoch 133] step 60 loss: 0.0449
[Epoch 133] step 70 loss: 0.0554
[Epoch 133] step 80 loss: 0.0694
[Epoch 133] step 90 loss: 0.0382
[Epoch 133] step 100 loss: 0.0544
[Epoch 133] step 110 loss: 0.0576
[Epoch 133] step 120 loss: 0.0887
[Epoch 133] step 130 loss: 0.1164
[Epoch 133] step 140 loss: 0.0522
[Epoch 133] step 150 loss: 0.0170
[Epoch 133] step 160 loss: 0.0470
[Epoch 133] step 170 loss: 0.0732
[Epoch 133] step 180 loss: 0.0348
[Epoch 133] step 190 loss: 0.0350
[Epoch 133] step 200 loss: 0.0275
[Epoch 133] step 210 loss: 0.0336
[Epoch 133] step 220 loss: 0.0202
[Epoch 133] step 230 loss: 0.0499
[Epoch 133] step 240 loss: 0.0518
[Epoch 133] step 250 loss: 0.0564
[Epoch 133] step 260 loss: 0.0163
[Epoch 133] step 270 loss: 0.0376
[Epoch 133] step 280 loss: 0.0249
[Epoch 133] step 290 loss: 0.0124
[Epoch 133] step 300 loss: 0.0335
[Epoch 133] step 310 loss: 0.0147
[Epoch 133] step 320 loss: 0.0868
[Epoch 133] step 330 loss: 0.0650
[Epoch 133] step 340 loss: 0.2676
[Epoch 133] step 350 loss: 0.0409
[Epoch 133] step 360 loss: 0.0567
[Epoch 133] step 370 loss: 0.0320
[Epoch 133] step 380 loss: 0.0667
[Epoch 133] step 390 loss: 0.0663
[Epoch 133] step 400 loss: 0.1183
[Epoch 133] step 410 loss: 0.0510
[Epoch 133] step 420 loss: 0.0376
[Epoch 133] step 430 loss: 0.0810
[Epoch 133] step 440 loss: 0.0566
[Epoch 133] step 450 loss: 0.0454
[Epoch 133] step 460 loss: 0.0492
[Epoch 133] step 470 loss: 0.0697
[Epoch 133] step 480 loss: 0.0495
[Epoch 133] step 490 loss: 0.0432
[Epoch 133] step 500 loss: 0.0284
[Epoch 133] step 510 loss: 0.0278
[Epoch 133] step 520 loss: 0.0464
[Epoch 133] step 530 loss: 0.0279
[Epoch 133] step 540 loss: 0.0362
[Epoch 133] step 550 loss: 0.0496
[Epoch 133] step 560 loss: 0.0310
[Epoch 133] step 570 loss: 0.0671
[Epoch 133] step 580 loss: 0.0468
[Epoch 133] step 590 loss: 0.0294
[Epoch 133] step 600 loss: 0.0335
[Epoch 133] step 610 loss: 0.0166
[Epoch 133] step 620 loss: 0.0269
[Epoch 133] step 630 loss: 0.0247
[Epoch 133] step 640 loss: 0.0396
[Epoch 133] step 650 loss: 0.0630
[Epoch 133] step 660 loss: 0.0223
[Epoch 133] step 670 loss: 0.0406
[Epoch 133] step 680 loss: 0.0901
[Epoch 133] step 690 loss: 0.0227
[Epoch 133] step 700 loss: 0.0221
[Epoch 133] step 710 loss: 0.2136
[Epoch 133] step 720 loss: 0.0539
[Epoch 133] step 730 loss: 0.0819
[Epoch 133] step 740 loss: 0.0224
==== Epoch 133 avg loss: 0.0503 ====
[Epoch 134] step 0 loss: 0.0294
[Epoch 134] step 10 loss: 0.0236
[Epoch 134] step 20 loss: 0.0575
[Epoch 134] step 30 loss: 0.0296
[Epoch 134] step 40 loss: 0.0143
[Epoch 134] step 50 loss: 0.0534
[Epoch 134] step 60 loss: 0.0812
[Epoch 134] step 70 loss: 0.0398
[Epoch 134] step 80 loss: 0.0469
[Epoch 134] step 90 loss: 0.0393
[Epoch 134] step 100 loss: 0.0631
[Epoch 134] step 110 loss: 0.0642
[Epoch 134] step 120 loss: 0.0439
[Epoch 134] step 130 loss: 0.0315
[Epoch 134] step 140 loss: 0.0235
[Epoch 134] step 150 loss: 0.0880
[Epoch 134] step 160 loss: 0.0361
[Epoch 134] step 170 loss: 0.0119
[Epoch 134] step 180 loss: 0.0203
[Epoch 134] step 190 loss: 0.0585
[Epoch 134] step 200 loss: 0.0300
[Epoch 134] step 210 loss: 0.0123
[Epoch 134] step 220 loss: 0.0395
[Epoch 134] step 230 loss: 0.0488
[Epoch 134] step 240 loss: 0.0470
[Epoch 134] step 250 loss: 0.1218
[Epoch 134] step 260 loss: 0.0123
[Epoch 134] step 270 loss: 0.0117
[Epoch 134] step 280 loss: 0.0546
[Epoch 134] step 290 loss: 0.0559
[Epoch 134] step 300 loss: 0.0576
[Epoch 134] step 310 loss: 0.0912
[Epoch 134] step 320 loss: 0.0642
[Epoch 134] step 330 loss: 0.0324
[Epoch 134] step 340 loss: 0.0363
[Epoch 134] step 350 loss: 0.0560
[Epoch 134] step 360 loss: 0.0620
[Epoch 134] step 370 loss: 0.0823
[Epoch 134] step 380 loss: 0.0415
[Epoch 134] step 390 loss: 0.0337
[Epoch 134] step 400 loss: 0.1081
[Epoch 134] step 410 loss: 0.0755
[Epoch 134] step 420 loss: 0.0599
[Epoch 134] step 430 loss: 0.1102
[Epoch 134] step 440 loss: 0.0863
[Epoch 134] step 450 loss: 0.0479
[Epoch 134] step 460 loss: 0.1242
[Epoch 134] step 470 loss: 0.0507
[Epoch 134] step 480 loss: 0.0601
[Epoch 134] step 490 loss: 0.0861
[Epoch 134] step 500 loss: 0.1370
[Epoch 134] step 510 loss: 0.1442
[Epoch 134] step 520 loss: 0.0867
[Epoch 134] step 530 loss: 0.0507
[Epoch 134] step 540 loss: 0.0941
[Epoch 134] step 550 loss: 0.0748
[Epoch 134] step 560 loss: 0.0683
[Epoch 134] step 570 loss: 0.0996
[Epoch 134] step 580 loss: 0.0740
[Epoch 134] step 590 loss: 0.0410
[Epoch 134] step 600 loss: 0.1278
[Epoch 134] step 610 loss: 0.0808
[Epoch 134] step 620 loss: 0.0404
[Epoch 134] step 630 loss: 0.0530
[Epoch 134] step 640 loss: 0.0509
[Epoch 134] step 650 loss: 0.0955
[Epoch 134] step 660 loss: 0.0630
[Epoch 134] step 670 loss: 0.0731
[Epoch 134] step 680 loss: 0.1144
[Epoch 134] step 690 loss: 0.1287
[Epoch 134] step 700 loss: 0.1175
[Epoch 134] step 710 loss: 0.1446
[Epoch 134] step 720 loss: 0.0333
[Epoch 134] step 730 loss: 0.0764
[Epoch 134] step 740 loss: 0.0639
==== Epoch 134 avg loss: 0.0639 ====
[Epoch 135] step 0 loss: 0.0765
[Epoch 135] step 10 loss: 0.0261
[Epoch 135] step 20 loss: 0.0537
[Epoch 135] step 30 loss: 0.0974
[Epoch 135] step 40 loss: 0.0411
[Epoch 135] step 50 loss: 0.0447
[Epoch 135] step 60 loss: 0.0316
[Epoch 135] step 70 loss: 0.0684
[Epoch 135] step 80 loss: 0.0512
[Epoch 135] step 90 loss: 0.0838
[Epoch 135] step 100 loss: 0.0734
[Epoch 135] step 110 loss: 0.1026
[Epoch 135] step 120 loss: 0.0411
[Epoch 135] step 130 loss: 0.0607
[Epoch 135] step 140 loss: 0.0698
[Epoch 135] step 150 loss: 0.0809
[Epoch 135] step 160 loss: 0.0817
[Epoch 135] step 170 loss: 0.0667
[Epoch 135] step 180 loss: 0.0575
[Epoch 135] step 190 loss: 0.0935
[Epoch 135] step 200 loss: 0.0933
[Epoch 135] step 210 loss: 0.0336
[Epoch 135] step 220 loss: 0.0826
[Epoch 135] step 230 loss: 0.2167
[Epoch 135] step 240 loss: 0.0515
[Epoch 135] step 250 loss: 0.0517
[Epoch 135] step 260 loss: 0.0929
[Epoch 135] step 270 loss: 0.0618
[Epoch 135] step 280 loss: 0.0527
[Epoch 135] step 290 loss: 0.0534
[Epoch 135] step 300 loss: 0.0445
[Epoch 135] step 310 loss: 0.1097
[Epoch 135] step 320 loss: 0.0792
[Epoch 135] step 330 loss: 0.1057
[Epoch 135] step 340 loss: 0.0923
[Epoch 135] step 350 loss: 0.0834
[Epoch 135] step 360 loss: 0.0816
[Epoch 135] step 370 loss: 0.0968
[Epoch 135] step 380 loss: 0.0267
[Epoch 135] step 390 loss: 0.0390
[Epoch 135] step 400 loss: 0.1450
[Epoch 135] step 410 loss: 0.0983
[Epoch 135] step 420 loss: 0.0583
[Epoch 135] step 430 loss: 0.0733
[Epoch 135] step 440 loss: 0.0980
[Epoch 135] step 450 loss: 0.1186
[Epoch 135] step 460 loss: 0.0921
[Epoch 135] step 470 loss: 0.0797
[Epoch 135] step 480 loss: 0.0628
[Epoch 135] step 490 loss: 0.0687
[Epoch 135] step 500 loss: 0.0769
[Epoch 135] step 510 loss: 0.0577
[Epoch 135] step 520 loss: 0.0414
[Epoch 135] step 530 loss: 0.0572
[Epoch 135] step 540 loss: 0.0500
[Epoch 135] step 550 loss: 0.0615
[Epoch 135] step 560 loss: 0.0587
[Epoch 135] step 570 loss: 0.1219
[Epoch 135] step 580 loss: 0.0575
[Epoch 135] step 590 loss: 0.1638
[Epoch 135] step 600 loss: 0.0741
[Epoch 135] step 610 loss: 0.0583
[Epoch 135] step 620 loss: 0.0722
[Epoch 135] step 630 loss: 0.0583
[Epoch 135] step 640 loss: 0.0759
[Epoch 135] step 650 loss: 0.0803
[Epoch 135] step 660 loss: 0.0677
[Epoch 135] step 670 loss: 0.1004
[Epoch 135] step 680 loss: 0.0816
[Epoch 135] step 690 loss: 0.0402
[Epoch 135] step 700 loss: 0.0503
[Epoch 135] step 710 loss: 0.0688
[Epoch 135] step 720 loss: 0.0679
[Epoch 135] step 730 loss: 0.0269
[Epoch 135] step 740 loss: 0.1403
==== Epoch 135 avg loss: 0.0712 ====
[Epoch 136] step 0 loss: 0.0331
[Epoch 136] step 10 loss: 0.0174
[Epoch 136] step 20 loss: 0.0661
[Epoch 136] step 30 loss: 0.0370
[Epoch 136] step 40 loss: 0.0440
[Epoch 136] step 50 loss: 0.0229
[Epoch 136] step 60 loss: 0.0478
[Epoch 136] step 70 loss: 0.0395
[Epoch 136] step 80 loss: 0.0666
[Epoch 136] step 90 loss: 0.0697
[Epoch 136] step 100 loss: 0.0223
[Epoch 136] step 110 loss: 0.0358
[Epoch 136] step 120 loss: 0.0720
[Epoch 136] step 130 loss: 0.0516
[Epoch 136] step 140 loss: 0.0397
[Epoch 136] step 150 loss: 0.0433
[Epoch 136] step 160 loss: 0.0505
[Epoch 136] step 170 loss: 0.0418
[Epoch 136] step 180 loss: 0.1023
[Epoch 136] step 190 loss: 0.0499
[Epoch 136] step 200 loss: 0.0622
[Epoch 136] step 210 loss: 0.0546
[Epoch 136] step 220 loss: 0.0286
[Epoch 136] step 230 loss: 0.0609
[Epoch 136] step 240 loss: 0.0472
[Epoch 136] step 250 loss: 0.0716
[Epoch 136] step 260 loss: 0.1229
[Epoch 136] step 270 loss: 0.0707
[Epoch 136] step 280 loss: 0.0551
[Epoch 136] step 290 loss: 0.0573
[Epoch 136] step 300 loss: 0.0357
[Epoch 136] step 310 loss: 0.0683
[Epoch 136] step 320 loss: 0.0650
[Epoch 136] step 330 loss: 0.0507
[Epoch 136] step 340 loss: 0.0687
[Epoch 136] step 350 loss: 0.0299
[Epoch 136] step 360 loss: 0.0627
[Epoch 136] step 370 loss: 0.0393
[Epoch 136] step 380 loss: 0.0448
[Epoch 136] step 390 loss: 0.0526
[Epoch 136] step 400 loss: 0.0178
[Epoch 136] step 410 loss: 0.0970
[Epoch 136] step 420 loss: 0.0409
[Epoch 136] step 430 loss: 0.0807
[Epoch 136] step 440 loss: 0.0209
[Epoch 136] step 450 loss: 0.0970
[Epoch 136] step 460 loss: 0.0715
[Epoch 136] step 470 loss: 0.0607
[Epoch 136] step 480 loss: 0.0600
[Epoch 136] step 490 loss: 0.0729
[Epoch 136] step 500 loss: 0.0553
[Epoch 136] step 510 loss: 0.0350
[Epoch 136] step 520 loss: 0.0638
[Epoch 136] step 530 loss: 0.0568
[Epoch 136] step 540 loss: 0.0525
[Epoch 136] step 550 loss: 0.0363
[Epoch 136] step 560 loss: 0.0562
[Epoch 136] step 570 loss: 0.1078
[Epoch 136] step 580 loss: 0.0955
[Epoch 136] step 590 loss: 0.0522
[Epoch 136] step 600 loss: 0.0466
[Epoch 136] step 610 loss: 0.0457
[Epoch 136] step 620 loss: 0.0490
[Epoch 136] step 630 loss: 0.0558
[Epoch 136] step 640 loss: 0.0690
[Epoch 136] step 650 loss: 0.0566
[Epoch 136] step 660 loss: 0.0526
[Epoch 136] step 670 loss: 0.0877
[Epoch 136] step 680 loss: 0.0403
[Epoch 136] step 690 loss: 0.0784
[Epoch 136] step 700 loss: 0.0273
[Epoch 136] step 710 loss: 0.0432
[Epoch 136] step 720 loss: 0.0716
[Epoch 136] step 730 loss: 0.0733
[Epoch 136] step 740 loss: 0.0477
==== Epoch 136 avg loss: 0.0603 ====
[Epoch 137] step 0 loss: 0.0553
[Epoch 137] step 10 loss: 0.0486
[Epoch 137] step 20 loss: 0.0515
[Epoch 137] step 30 loss: 0.0641
[Epoch 137] step 40 loss: 0.0365
[Epoch 137] step 50 loss: 0.0572
[Epoch 137] step 60 loss: 0.0627
[Epoch 137] step 70 loss: 0.0335
[Epoch 137] step 80 loss: 0.0992
[Epoch 137] step 90 loss: 0.0568
[Epoch 137] step 100 loss: 0.1280
[Epoch 137] step 110 loss: 0.1112
[Epoch 137] step 120 loss: 0.0373
[Epoch 137] step 130 loss: 0.0547
[Epoch 137] step 140 loss: 0.0386
[Epoch 137] step 150 loss: 0.0275
[Epoch 137] step 160 loss: 0.0173
[Epoch 137] step 170 loss: 0.0446
[Epoch 137] step 180 loss: 0.0252
[Epoch 137] step 190 loss: 0.0206
[Epoch 137] step 200 loss: 0.0294
[Epoch 137] step 210 loss: 0.0133
[Epoch 137] step 220 loss: 0.0506
[Epoch 137] step 230 loss: 0.0336
[Epoch 137] step 240 loss: 0.0542
[Epoch 137] step 250 loss: 0.0291
[Epoch 137] step 260 loss: 0.0165
[Epoch 137] step 270 loss: 0.0430
[Epoch 137] step 280 loss: 0.0263
[Epoch 137] step 290 loss: 0.0166
[Epoch 137] step 300 loss: 0.0442
[Epoch 137] step 310 loss: 0.0393
[Epoch 137] step 320 loss: 0.0426
[Epoch 137] step 330 loss: 0.0848
[Epoch 137] step 340 loss: 0.0500
[Epoch 137] step 350 loss: 0.0335
[Epoch 137] step 360 loss: 0.0335
[Epoch 137] step 370 loss: 0.0351
[Epoch 137] step 380 loss: 0.0579
[Epoch 137] step 390 loss: 0.0257
[Epoch 137] step 400 loss: 0.0268
[Epoch 137] step 410 loss: 0.0766
[Epoch 137] step 420 loss: 0.0205
[Epoch 137] step 430 loss: 0.0342
[Epoch 137] step 440 loss: 0.0213
[Epoch 137] step 450 loss: 0.0364
[Epoch 137] step 460 loss: 0.0383
[Epoch 137] step 470 loss: 0.0881
[Epoch 137] step 480 loss: 0.0665
[Epoch 137] step 490 loss: 0.0350
[Epoch 137] step 500 loss: 0.0558
[Epoch 137] step 510 loss: 0.0231
[Epoch 137] step 520 loss: 0.0690
[Epoch 137] step 530 loss: 0.0140
[Epoch 137] step 540 loss: 0.0449
[Epoch 137] step 550 loss: 0.0096
[Epoch 137] step 560 loss: 0.0346
[Epoch 137] step 570 loss: 0.0692
[Epoch 137] step 580 loss: 0.0331
[Epoch 137] step 590 loss: 0.0799
[Epoch 137] step 600 loss: 0.0564
[Epoch 137] step 610 loss: 0.0766
[Epoch 137] step 620 loss: 0.0375
[Epoch 137] step 630 loss: 0.0665
[Epoch 137] step 640 loss: 0.0224
[Epoch 137] step 650 loss: 0.0362
[Epoch 137] step 660 loss: 0.0241
[Epoch 137] step 670 loss: 0.0148
[Epoch 137] step 680 loss: 0.0328
[Epoch 137] step 690 loss: 0.0287
[Epoch 137] step 700 loss: 0.0383
[Epoch 137] step 710 loss: 0.1060
[Epoch 137] step 720 loss: 0.0922
[Epoch 137] step 730 loss: 0.0606
[Epoch 137] step 740 loss: 0.0231
==== Epoch 137 avg loss: 0.0426 ====
[Epoch 138] step 0 loss: 0.0165
[Epoch 138] step 10 loss: 0.0477
[Epoch 138] step 20 loss: 0.0436
[Epoch 138] step 30 loss: 0.0198
[Epoch 138] step 40 loss: 0.0237
[Epoch 138] step 50 loss: 0.0523
[Epoch 138] step 60 loss: 0.0651
[Epoch 138] step 70 loss: 0.0264
[Epoch 138] step 80 loss: 0.0449
[Epoch 138] step 90 loss: 0.0336
[Epoch 138] step 100 loss: 0.0510
[Epoch 138] step 110 loss: 0.0540
[Epoch 138] step 120 loss: 0.0261
[Epoch 138] step 130 loss: 0.0392
[Epoch 138] step 140 loss: 0.0117
[Epoch 138] step 150 loss: 0.0219
[Epoch 138] step 160 loss: 0.0090
[Epoch 138] step 170 loss: 0.1561
[Epoch 138] step 180 loss: 0.0468
[Epoch 138] step 190 loss: 0.0195
[Epoch 138] step 200 loss: 0.0384
[Epoch 138] step 210 loss: 0.0411
[Epoch 138] step 220 loss: 0.0161
[Epoch 138] step 230 loss: 0.0215
[Epoch 138] step 240 loss: 0.0141
[Epoch 138] step 250 loss: 0.0824
[Epoch 138] step 260 loss: 0.0261
[Epoch 138] step 270 loss: 0.0284
[Epoch 138] step 280 loss: 0.0208
[Epoch 138] step 290 loss: 0.0496
[Epoch 138] step 300 loss: 0.0701
[Epoch 138] step 310 loss: 0.0563
[Epoch 138] step 320 loss: 0.0607
[Epoch 138] step 330 loss: 0.0967
[Epoch 138] step 340 loss: 0.0679
[Epoch 138] step 350 loss: 0.0259
[Epoch 138] step 360 loss: 0.0400
[Epoch 138] step 370 loss: 0.0113
[Epoch 138] step 380 loss: 0.0351
[Epoch 138] step 390 loss: 0.0604
[Epoch 138] step 400 loss: 0.0806
[Epoch 138] step 410 loss: 0.0427
[Epoch 138] step 420 loss: 0.0373
[Epoch 138] step 430 loss: 0.0262
[Epoch 138] step 440 loss: 0.0431
[Epoch 138] step 450 loss: 0.0435
[Epoch 138] step 460 loss: 0.0638
[Epoch 138] step 470 loss: 0.0496
[Epoch 138] step 480 loss: 0.0315
[Epoch 138] step 490 loss: 0.0267
[Epoch 138] step 500 loss: 0.0374
[Epoch 138] step 510 loss: 0.0299
[Epoch 138] step 520 loss: 0.0735
[Epoch 138] step 530 loss: 0.0296
[Epoch 138] step 540 loss: 0.0396
[Epoch 138] step 550 loss: 0.0615
[Epoch 138] step 560 loss: 0.0382
[Epoch 138] step 570 loss: 0.0172
[Epoch 138] step 580 loss: 0.0454
[Epoch 138] step 590 loss: 0.0114
[Epoch 138] step 600 loss: 0.0311
[Epoch 138] step 610 loss: 0.0194
[Epoch 138] step 620 loss: 0.0474
[Epoch 138] step 630 loss: 0.0168
[Epoch 138] step 640 loss: 0.0478
[Epoch 138] step 650 loss: 0.0246
[Epoch 138] step 660 loss: 0.0208
[Epoch 138] step 670 loss: 0.0190
[Epoch 138] step 680 loss: 0.0481
[Epoch 138] step 690 loss: 0.0644
[Epoch 138] step 700 loss: 0.0263
[Epoch 138] step 710 loss: 0.0371
[Epoch 138] step 720 loss: 0.0138
[Epoch 138] step 730 loss: 0.0196
[Epoch 138] step 740 loss: 0.0304
==== Epoch 138 avg loss: 0.0391 ====
[Epoch 139] step 0 loss: 0.0291
[Epoch 139] step 10 loss: 0.0336
[Epoch 139] step 20 loss: 0.0187
[Epoch 139] step 30 loss: 0.0744
[Epoch 139] step 40 loss: 0.0359
[Epoch 139] step 50 loss: 0.0206
[Epoch 139] step 60 loss: 0.0335
[Epoch 139] step 70 loss: 0.0179
[Epoch 139] step 80 loss: 0.0369
[Epoch 139] step 90 loss: 0.0155
[Epoch 139] step 100 loss: 0.0547
[Epoch 139] step 110 loss: 0.0500
[Epoch 139] step 120 loss: 0.0361
[Epoch 139] step 130 loss: 0.0317
[Epoch 139] step 140 loss: 0.0410
[Epoch 139] step 150 loss: 0.0362
[Epoch 139] step 160 loss: 0.0376
[Epoch 139] step 170 loss: 0.0129
[Epoch 139] step 180 loss: 0.0114
[Epoch 139] step 190 loss: 0.0310
[Epoch 139] step 200 loss: 0.0799
[Epoch 139] step 210 loss: 0.0438
[Epoch 139] step 220 loss: 0.0267
[Epoch 139] step 230 loss: 0.0445
[Epoch 139] step 240 loss: 0.0477
[Epoch 139] step 250 loss: 0.0216
[Epoch 139] step 260 loss: 0.0419
[Epoch 139] step 270 loss: 0.0403
[Epoch 139] step 280 loss: 0.0383
[Epoch 139] step 290 loss: 0.1400
[Epoch 139] step 300 loss: 0.0237
[Epoch 139] step 310 loss: 0.0656
[Epoch 139] step 320 loss: 0.0343
[Epoch 139] step 330 loss: 0.0268
[Epoch 139] step 340 loss: 0.0254
[Epoch 139] step 350 loss: 0.0125
[Epoch 139] step 360 loss: 0.1041
[Epoch 139] step 370 loss: 0.0194
[Epoch 139] step 380 loss: 0.0313
[Epoch 139] step 390 loss: 0.0241
[Epoch 139] step 400 loss: 0.0279
[Epoch 139] step 410 loss: 0.0694
[Epoch 139] step 420 loss: 0.0197
[Epoch 139] step 430 loss: 0.0465
[Epoch 139] step 440 loss: 0.0515
[Epoch 139] step 450 loss: 0.0113
[Epoch 139] step 460 loss: 0.0664
[Epoch 139] step 470 loss: 0.0243
[Epoch 139] step 480 loss: 0.0272
[Epoch 139] step 490 loss: 0.1812
[Epoch 139] step 500 loss: 0.1063
[Epoch 139] step 510 loss: 0.0380
[Epoch 139] step 520 loss: 0.0274
[Epoch 139] step 530 loss: 0.0318
[Epoch 139] step 540 loss: 0.0554
[Epoch 139] step 550 loss: 0.0939
[Epoch 139] step 560 loss: 0.0224
[Epoch 139] step 570 loss: 0.0416
[Epoch 139] step 580 loss: 0.0296
[Epoch 139] step 590 loss: 0.0402
[Epoch 139] step 600 loss: 0.0421
[Epoch 139] step 610 loss: 0.0263
[Epoch 139] step 620 loss: 0.0187
[Epoch 139] step 630 loss: 0.0151
[Epoch 139] step 640 loss: 0.0691
[Epoch 139] step 650 loss: 0.0581
[Epoch 139] step 660 loss: 0.0236
[Epoch 139] step 670 loss: 0.0357
[Epoch 139] step 680 loss: 0.0203
[Epoch 139] step 690 loss: 0.0187
[Epoch 139] step 700 loss: 0.0427
[Epoch 139] step 710 loss: 0.0149
[Epoch 139] step 720 loss: 0.0473
[Epoch 139] step 730 loss: 0.1046
[Epoch 139] step 740 loss: 0.0339
==== Epoch 139 avg loss: 0.0394 ====
[Epoch 140] step 0 loss: 0.0726
[Epoch 140] step 10 loss: 0.0364
[Epoch 140] step 20 loss: 0.0412
[Epoch 140] step 30 loss: 0.0391
[Epoch 140] step 40 loss: 0.0241
[Epoch 140] step 50 loss: 0.0329
[Epoch 140] step 60 loss: 0.0151
[Epoch 140] step 70 loss: 0.0416
[Epoch 140] step 80 loss: 0.0519
[Epoch 140] step 90 loss: 0.0506
[Epoch 140] step 100 loss: 0.0089
[Epoch 140] step 110 loss: 0.0466
[Epoch 140] step 120 loss: 0.0114
[Epoch 140] step 130 loss: 0.0168
[Epoch 140] step 140 loss: 0.0792
[Epoch 140] step 150 loss: 0.0251
[Epoch 140] step 160 loss: 0.0109
[Epoch 140] step 170 loss: 0.0406
[Epoch 140] step 180 loss: 0.0687
[Epoch 140] step 190 loss: 0.0093
[Epoch 140] step 200 loss: 0.0234
[Epoch 140] step 210 loss: 0.0204
[Epoch 140] step 220 loss: 0.0821
[Epoch 140] step 230 loss: 0.0430
[Epoch 140] step 240 loss: 0.0733
[Epoch 140] step 250 loss: 0.0232
[Epoch 140] step 260 loss: 0.0341
[Epoch 140] step 270 loss: 0.0309
[Epoch 140] step 280 loss: 0.0360
[Epoch 140] step 290 loss: 0.0167
[Epoch 140] step 300 loss: 0.0840
[Epoch 140] step 310 loss: 0.0529
[Epoch 140] step 320 loss: 0.0305
[Epoch 140] step 330 loss: 0.0413
[Epoch 140] step 340 loss: 0.0298
[Epoch 140] step 350 loss: 0.0204
[Epoch 140] step 360 loss: 0.0244
[Epoch 140] step 370 loss: 0.0178
[Epoch 140] step 380 loss: 0.0269
[Epoch 140] step 390 loss: 0.0393
[Epoch 140] step 400 loss: 0.0821
[Epoch 140] step 410 loss: 0.0299
[Epoch 140] step 420 loss: 0.0608
[Epoch 140] step 430 loss: 0.0370
[Epoch 140] step 440 loss: 0.0404
[Epoch 140] step 450 loss: 0.0659
[Epoch 140] step 460 loss: 0.0225
[Epoch 140] step 470 loss: 0.0433
[Epoch 140] step 480 loss: 0.0285
[Epoch 140] step 490 loss: 0.0150
[Epoch 140] step 500 loss: 0.0431
[Epoch 140] step 510 loss: 0.0469
[Epoch 140] step 520 loss: 0.0132
[Epoch 140] step 530 loss: 0.0480
[Epoch 140] step 540 loss: 0.0357
[Epoch 140] step 550 loss: 0.0324
[Epoch 140] step 560 loss: 0.0189
[Epoch 140] step 570 loss: 0.0228
[Epoch 140] step 580 loss: 0.0576
[Epoch 140] step 590 loss: 0.0298
[Epoch 140] step 600 loss: 0.0191
[Epoch 140] step 610 loss: 0.0621
[Epoch 140] step 620 loss: 0.0084
[Epoch 140] step 630 loss: 0.0285
[Epoch 140] step 640 loss: 0.0304
[Epoch 140] step 650 loss: 0.0212
[Epoch 140] step 660 loss: 0.0271
[Epoch 140] step 670 loss: 0.0317
[Epoch 140] step 680 loss: 0.1189
[Epoch 140] step 690 loss: 0.0464
[Epoch 140] step 700 loss: 0.0465
[Epoch 140] step 710 loss: 0.0503
[Epoch 140] step 720 loss: 0.0197
[Epoch 140] step 730 loss: 0.0243
[Epoch 140] step 740 loss: 0.0383
==== Epoch 140 avg loss: 0.0401 ====
[Epoch 141] step 0 loss: 0.0361
[Epoch 141] step 10 loss: 0.0081
[Epoch 141] step 20 loss: 0.0168
[Epoch 141] step 30 loss: 0.0295
[Epoch 141] step 40 loss: 0.0566
[Epoch 141] step 50 loss: 0.0241
[Epoch 141] step 60 loss: 0.0419
[Epoch 141] step 70 loss: 0.0187
[Epoch 141] step 80 loss: 0.0426
[Epoch 141] step 90 loss: 0.0298
[Epoch 141] step 100 loss: 0.0235
[Epoch 141] step 110 loss: 0.0362
[Epoch 141] step 120 loss: 0.0358
[Epoch 141] step 130 loss: 0.0360
[Epoch 141] step 140 loss: 0.0218
[Epoch 141] step 150 loss: 0.0414
[Epoch 141] step 160 loss: 0.0426
[Epoch 141] step 170 loss: 0.0396
[Epoch 141] step 180 loss: 0.0261
[Epoch 141] step 190 loss: 0.0514
[Epoch 141] step 200 loss: 0.0525
[Epoch 141] step 210 loss: 0.0446
[Epoch 141] step 220 loss: 0.0214
[Epoch 141] step 230 loss: 0.0448
[Epoch 141] step 240 loss: 0.0690
[Epoch 141] step 250 loss: 0.0296
[Epoch 141] step 260 loss: 0.0189
[Epoch 141] step 270 loss: 0.0311
[Epoch 141] step 280 loss: 0.0341
[Epoch 141] step 290 loss: 0.1172
[Epoch 141] step 300 loss: 0.0402
[Epoch 141] step 310 loss: 0.0095
[Epoch 141] step 320 loss: 0.0390
[Epoch 141] step 330 loss: 0.0253
[Epoch 141] step 340 loss: 0.0898
[Epoch 141] step 350 loss: 0.0752
[Epoch 141] step 360 loss: 0.0397
[Epoch 141] step 370 loss: 0.0463
[Epoch 141] step 380 loss: 0.0665
[Epoch 141] step 390 loss: 0.0234
[Epoch 141] step 400 loss: 0.0135
[Epoch 141] step 410 loss: 0.0287
[Epoch 141] step 420 loss: 0.0352
[Epoch 141] step 430 loss: 0.0343
[Epoch 141] step 440 loss: 0.0116
[Epoch 141] step 450 loss: 0.0508
[Epoch 141] step 460 loss: 0.0553
[Epoch 141] step 470 loss: 0.0269
[Epoch 141] step 480 loss: 0.0300
[Epoch 141] step 490 loss: 0.0575
[Epoch 141] step 500 loss: 0.0589
[Epoch 141] step 510 loss: 0.0295
[Epoch 141] step 520 loss: 0.0595
[Epoch 141] step 530 loss: 0.0371
[Epoch 141] step 540 loss: 0.0733
[Epoch 141] step 550 loss: 0.0310
[Epoch 141] step 560 loss: 0.0410
[Epoch 141] step 570 loss: 0.0423
[Epoch 141] step 580 loss: 0.0103
[Epoch 141] step 590 loss: 0.0874
[Epoch 141] step 600 loss: 0.0530
[Epoch 141] step 610 loss: 0.0069
[Epoch 141] step 620 loss: 0.0168
[Epoch 141] step 630 loss: 0.1435
[Epoch 141] step 640 loss: 0.0667
[Epoch 141] step 650 loss: 0.0585
[Epoch 141] step 660 loss: 0.1322
[Epoch 141] step 670 loss: 0.0274
[Epoch 141] step 680 loss: 0.0721
[Epoch 141] step 690 loss: 0.0402
[Epoch 141] step 700 loss: 0.0333
[Epoch 141] step 710 loss: 0.0272
[Epoch 141] step 720 loss: 0.0137
[Epoch 141] step 730 loss: 0.0259
[Epoch 141] step 740 loss: 0.0327
==== Epoch 141 avg loss: 0.0419 ====
[Epoch 142] step 0 loss: 0.0339
[Epoch 142] step 10 loss: 0.0207
[Epoch 142] step 20 loss: 0.0191
[Epoch 142] step 30 loss: 0.0779
[Epoch 142] step 40 loss: 0.0181
[Epoch 142] step 50 loss: 0.0198
[Epoch 142] step 60 loss: 0.0322
[Epoch 142] step 70 loss: 0.3337
[Epoch 142] step 80 loss: 0.0293
[Epoch 142] step 90 loss: 0.0394
[Epoch 142] step 100 loss: 0.0599
[Epoch 142] step 110 loss: 0.0188
[Epoch 142] step 120 loss: 0.0398
[Epoch 142] step 130 loss: 0.0298
[Epoch 142] step 140 loss: 0.0267
[Epoch 142] step 150 loss: 0.0228
[Epoch 142] step 160 loss: 0.0450
[Epoch 142] step 170 loss: 0.0777
[Epoch 142] step 180 loss: 0.0430
[Epoch 142] step 190 loss: 0.0348
[Epoch 142] step 200 loss: 0.0353
[Epoch 142] step 210 loss: 0.0349
[Epoch 142] step 220 loss: 0.0380
[Epoch 142] step 230 loss: 0.0228
[Epoch 142] step 240 loss: 0.0472
[Epoch 142] step 250 loss: 0.0340
[Epoch 142] step 260 loss: 0.0714
[Epoch 142] step 270 loss: 0.0509
[Epoch 142] step 280 loss: 0.0393
[Epoch 142] step 290 loss: 0.0626
[Epoch 142] step 300 loss: 0.0195
[Epoch 142] step 310 loss: 0.0560
[Epoch 142] step 320 loss: 0.0250
[Epoch 142] step 330 loss: 0.0130
[Epoch 142] step 340 loss: 0.0279
[Epoch 142] step 350 loss: 0.0358
[Epoch 142] step 360 loss: 0.0521
[Epoch 142] step 370 loss: 0.0410
[Epoch 142] step 380 loss: 0.0271
[Epoch 142] step 390 loss: 0.0363
[Epoch 142] step 400 loss: 0.0403
[Epoch 142] step 410 loss: 0.0277
[Epoch 142] step 420 loss: 0.0385
[Epoch 142] step 430 loss: 0.0117
[Epoch 142] step 440 loss: 0.0691
[Epoch 142] step 450 loss: 0.0943
[Epoch 142] step 460 loss: 0.0091
[Epoch 142] step 470 loss: 0.0520
[Epoch 142] step 480 loss: 0.0182
[Epoch 142] step 490 loss: 0.0235
[Epoch 142] step 500 loss: 0.0232
[Epoch 142] step 510 loss: 0.0412
[Epoch 142] step 520 loss: 0.0351
[Epoch 142] step 530 loss: 0.0743
[Epoch 142] step 540 loss: 0.0182
[Epoch 142] step 550 loss: 0.0421
[Epoch 142] step 560 loss: 0.0402
[Epoch 142] step 570 loss: 0.0610
[Epoch 142] step 580 loss: 0.0193
[Epoch 142] step 590 loss: 0.0286
[Epoch 142] step 600 loss: 0.0522
[Epoch 142] step 610 loss: 0.0347
[Epoch 142] step 620 loss: 0.0479
[Epoch 142] step 630 loss: 0.0479
[Epoch 142] step 640 loss: 0.0493
[Epoch 142] step 650 loss: 0.0472
[Epoch 142] step 660 loss: 0.0349
[Epoch 142] step 670 loss: 0.0360
[Epoch 142] step 680 loss: 0.0755
[Epoch 142] step 690 loss: 0.0164
[Epoch 142] step 700 loss: 0.0421
[Epoch 142] step 710 loss: 0.0601
[Epoch 142] step 720 loss: 0.0318
[Epoch 142] step 730 loss: 0.0259
[Epoch 142] step 740 loss: 0.0440
==== Epoch 142 avg loss: 0.0411 ====
[Epoch 143] step 0 loss: 0.0254
[Epoch 143] step 10 loss: 0.0366
[Epoch 143] step 20 loss: 0.0173
[Epoch 143] step 30 loss: 0.0329
[Epoch 143] step 40 loss: 0.0131
[Epoch 143] step 50 loss: 0.0418
[Epoch 143] step 60 loss: 0.0323
[Epoch 143] step 70 loss: 0.0338
[Epoch 143] step 80 loss: 0.0411
[Epoch 143] step 90 loss: 0.0206
[Epoch 143] step 100 loss: 0.0331
[Epoch 143] step 110 loss: 0.0293
[Epoch 143] step 120 loss: 0.0286
[Epoch 143] step 130 loss: 0.0247
[Epoch 143] step 140 loss: 0.0232
[Epoch 143] step 150 loss: 0.0349
[Epoch 143] step 160 loss: 0.0287
[Epoch 143] step 170 loss: 0.0171
[Epoch 143] step 180 loss: 0.0404
[Epoch 143] step 190 loss: 0.0333
[Epoch 143] step 200 loss: 0.0387
[Epoch 143] step 210 loss: 0.0663
[Epoch 143] step 220 loss: 0.0295
[Epoch 143] step 230 loss: 0.0564
[Epoch 143] step 240 loss: 0.0388
[Epoch 143] step 250 loss: 0.0292
[Epoch 143] step 260 loss: 0.0496
[Epoch 143] step 270 loss: 0.0420
[Epoch 143] step 280 loss: 0.0271
[Epoch 143] step 290 loss: 0.0797
[Epoch 143] step 300 loss: 0.0655
[Epoch 143] step 310 loss: 0.1064
[Epoch 143] step 320 loss: 0.0215
[Epoch 143] step 330 loss: 0.0465
[Epoch 143] step 340 loss: 0.0305
[Epoch 143] step 350 loss: 0.0360
[Epoch 143] step 360 loss: 0.0239
[Epoch 143] step 370 loss: 0.0558
[Epoch 143] step 380 loss: 0.0194
[Epoch 143] step 390 loss: 0.0212
[Epoch 143] step 400 loss: 0.0358
[Epoch 143] step 410 loss: 0.0088
[Epoch 143] step 420 loss: 0.0120
[Epoch 143] step 430 loss: 0.0245
[Epoch 143] step 440 loss: 0.0519
[Epoch 143] step 450 loss: 0.0518
[Epoch 143] step 460 loss: 0.1344
[Epoch 143] step 470 loss: 0.0238
[Epoch 143] step 480 loss: 0.0342
[Epoch 143] step 490 loss: 0.0478
[Epoch 143] step 500 loss: 0.0380
[Epoch 143] step 510 loss: 0.0249
[Epoch 143] step 520 loss: 0.0437
[Epoch 143] step 530 loss: 0.0513
[Epoch 143] step 540 loss: 0.0277
[Epoch 143] step 550 loss: 0.0249
[Epoch 143] step 560 loss: 0.0173
[Epoch 143] step 570 loss: 0.0091
[Epoch 143] step 580 loss: 0.0315
[Epoch 143] step 590 loss: 0.0449
[Epoch 143] step 600 loss: 0.0405
[Epoch 143] step 610 loss: 0.0164
[Epoch 143] step 620 loss: 0.0451
[Epoch 143] step 630 loss: 0.0298
[Epoch 143] step 640 loss: 0.0255
[Epoch 143] step 650 loss: 0.0301
[Epoch 143] step 660 loss: 0.0672
[Epoch 143] step 670 loss: 0.0482
[Epoch 143] step 680 loss: 0.0442
[Epoch 143] step 690 loss: 0.1507
[Epoch 143] step 700 loss: 0.0466
[Epoch 143] step 710 loss: 0.0433
[Epoch 143] step 720 loss: 0.0317
[Epoch 143] step 730 loss: 0.0732
[Epoch 143] step 740 loss: 0.0197
==== Epoch 143 avg loss: 0.0415 ====
[Epoch 144] step 0 loss: 0.0395
[Epoch 144] step 10 loss: 0.0412
[Epoch 144] step 20 loss: 0.0271
[Epoch 144] step 30 loss: 0.0298
[Epoch 144] step 40 loss: 0.0250
[Epoch 144] step 50 loss: 0.0594
[Epoch 144] step 60 loss: 0.0336
[Epoch 144] step 70 loss: 0.0460
[Epoch 144] step 80 loss: 0.0546
[Epoch 144] step 90 loss: 0.0149
[Epoch 144] step 100 loss: 0.0557
[Epoch 144] step 110 loss: 0.0300
[Epoch 144] step 120 loss: 0.0206
[Epoch 144] step 130 loss: 0.0296
[Epoch 144] step 140 loss: 0.0281
[Epoch 144] step 150 loss: 0.0453
[Epoch 144] step 160 loss: 0.0258
[Epoch 144] step 170 loss: 0.0170
[Epoch 144] step 180 loss: 0.0273
[Epoch 144] step 190 loss: 0.0560
[Epoch 144] step 200 loss: 0.0375
[Epoch 144] step 210 loss: 0.0387
[Epoch 144] step 220 loss: 0.0084
[Epoch 144] step 230 loss: 0.0101
[Epoch 144] step 240 loss: 0.0388
[Epoch 144] step 250 loss: 0.0236
[Epoch 144] step 260 loss: 0.0249
[Epoch 144] step 270 loss: 0.0681
[Epoch 144] step 280 loss: 0.0283
[Epoch 144] step 290 loss: 0.0341
[Epoch 144] step 300 loss: 0.0526
[Epoch 144] step 310 loss: 0.0337
[Epoch 144] step 320 loss: 0.0335
[Epoch 144] step 330 loss: 0.0823
[Epoch 144] step 340 loss: 0.0381
[Epoch 144] step 350 loss: 0.0423
[Epoch 144] step 360 loss: 0.0950
[Epoch 144] step 370 loss: 0.0334
[Epoch 144] step 380 loss: 0.0231
[Epoch 144] step 390 loss: 0.0163
[Epoch 144] step 400 loss: 0.0235
[Epoch 144] step 410 loss: 0.0661
[Epoch 144] step 420 loss: 0.0250
[Epoch 144] step 430 loss: 0.0579
[Epoch 144] step 440 loss: 0.0323
[Epoch 144] step 450 loss: 0.0268
[Epoch 144] step 460 loss: 0.0303
[Epoch 144] step 470 loss: 0.0165
[Epoch 144] step 480 loss: 0.1339
[Epoch 144] step 490 loss: 0.0129
[Epoch 144] step 500 loss: 0.0317
[Epoch 144] step 510 loss: 0.0367
[Epoch 144] step 520 loss: 0.0409
[Epoch 144] step 530 loss: 0.0969
[Epoch 144] step 540 loss: 0.0315
[Epoch 144] step 550 loss: 0.0281
[Epoch 144] step 560 loss: 0.0174
[Epoch 144] step 570 loss: 0.0535
[Epoch 144] step 580 loss: 0.0461
[Epoch 144] step 590 loss: 0.0773
[Epoch 144] step 600 loss: 0.0403
[Epoch 144] step 610 loss: 0.0508
[Epoch 144] step 620 loss: 0.0249
[Epoch 144] step 630 loss: 0.0361
[Epoch 144] step 640 loss: 0.0137
[Epoch 144] step 650 loss: 0.0451
[Epoch 144] step 660 loss: 0.0370
[Epoch 144] step 670 loss: 0.0450
[Epoch 144] step 680 loss: 0.0747
[Epoch 144] step 690 loss: 0.0650
[Epoch 144] step 700 loss: 0.0213
[Epoch 144] step 710 loss: 0.0199
[Epoch 144] step 720 loss: 0.0304
[Epoch 144] step 730 loss: 0.0292
[Epoch 144] step 740 loss: 0.0443
==== Epoch 144 avg loss: 0.0432 ====
[Epoch 145] step 0 loss: 0.0316
[Epoch 145] step 10 loss: 0.0250
[Epoch 145] step 20 loss: 0.0609
[Epoch 145] step 30 loss: 0.0332
[Epoch 145] step 40 loss: 0.0095
[Epoch 145] step 50 loss: 0.0106
[Epoch 145] step 60 loss: 0.0480
[Epoch 145] step 70 loss: 0.0372
[Epoch 145] step 80 loss: 0.0392
[Epoch 145] step 90 loss: 0.0331
[Epoch 145] step 100 loss: 0.0497
[Epoch 145] step 110 loss: 0.0589
[Epoch 145] step 120 loss: 0.0183
[Epoch 145] step 130 loss: 0.0172
[Epoch 145] step 140 loss: 0.0181
[Epoch 145] step 150 loss: 0.0086
[Epoch 145] step 160 loss: 0.0305
[Epoch 145] step 170 loss: 0.0254
[Epoch 145] step 180 loss: 0.0789
[Epoch 145] step 190 loss: 0.1778
[Epoch 145] step 200 loss: 0.0780
[Epoch 145] step 210 loss: 0.0150
[Epoch 145] step 220 loss: 0.0339
[Epoch 145] step 230 loss: 0.0865
[Epoch 145] step 240 loss: 0.0276
[Epoch 145] step 250 loss: 0.0165
[Epoch 145] step 260 loss: 0.0255
[Epoch 145] step 270 loss: 0.0528
[Epoch 145] step 280 loss: 0.0289
[Epoch 145] step 290 loss: 0.0887
[Epoch 145] step 300 loss: 0.0467
[Epoch 145] step 310 loss: 0.0168
[Epoch 145] step 320 loss: 0.0655
[Epoch 145] step 330 loss: 0.0240
[Epoch 145] step 340 loss: 0.0818
[Epoch 145] step 350 loss: 0.0194
[Epoch 145] step 360 loss: 0.0285
[Epoch 145] step 370 loss: 0.0230
[Epoch 145] step 380 loss: 0.0322
[Epoch 145] step 390 loss: 0.0123
[Epoch 145] step 400 loss: 0.0509
[Epoch 145] step 410 loss: 0.0269
[Epoch 145] step 420 loss: 0.0214
[Epoch 145] step 430 loss: 0.1059
[Epoch 145] step 440 loss: 0.0128
[Epoch 145] step 450 loss: 0.0447
[Epoch 145] step 460 loss: 0.0705
[Epoch 145] step 470 loss: 0.0392
[Epoch 145] step 480 loss: 0.0325
[Epoch 145] step 490 loss: 0.0491
[Epoch 145] step 500 loss: 0.0603
[Epoch 145] step 510 loss: 0.0630
[Epoch 145] step 520 loss: 0.0371
[Epoch 145] step 530 loss: 0.0367
[Epoch 145] step 540 loss: 0.0118
[Epoch 145] step 550 loss: 0.0200
[Epoch 145] step 560 loss: 0.0849
[Epoch 145] step 570 loss: 0.0493
[Epoch 145] step 580 loss: 0.0232
[Epoch 145] step 590 loss: 0.0393
[Epoch 145] step 600 loss: 0.0265
[Epoch 145] step 610 loss: 0.0641
[Epoch 145] step 620 loss: 0.0269
[Epoch 145] step 630 loss: 0.0196
[Epoch 145] step 640 loss: 0.0286
[Epoch 145] step 650 loss: 0.0365
[Epoch 145] step 660 loss: 0.0569
[Epoch 145] step 670 loss: 0.0385
[Epoch 145] step 680 loss: 0.0442
[Epoch 145] step 690 loss: 0.0113
[Epoch 145] step 700 loss: 0.0348
[Epoch 145] step 710 loss: 0.0688
[Epoch 145] step 720 loss: 0.0387
[Epoch 145] step 730 loss: 0.0324
[Epoch 145] step 740 loss: 0.0523
==== Epoch 145 avg loss: 0.0404 ====
[Epoch 146] step 0 loss: 0.0296
[Epoch 146] step 10 loss: 0.0286
[Epoch 146] step 20 loss: 0.0351
[Epoch 146] step 30 loss: 0.0091
[Epoch 146] step 40 loss: 0.0118
[Epoch 146] step 50 loss: 0.0130
[Epoch 146] step 60 loss: 0.0257
[Epoch 146] step 70 loss: 0.0187
[Epoch 146] step 80 loss: 0.0472
[Epoch 146] step 90 loss: 0.0471
[Epoch 146] step 100 loss: 0.0273
[Epoch 146] step 110 loss: 0.0397
[Epoch 146] step 120 loss: 0.0327
[Epoch 146] step 130 loss: 0.0082
[Epoch 146] step 140 loss: 0.0284
[Epoch 146] step 150 loss: 0.0620
[Epoch 146] step 160 loss: 0.0510
[Epoch 146] step 170 loss: 0.0228
[Epoch 146] step 180 loss: 0.0495
[Epoch 146] step 190 loss: 0.0264
[Epoch 146] step 200 loss: 0.1759
[Epoch 146] step 210 loss: 0.0264
[Epoch 146] step 220 loss: 0.0277
[Epoch 146] step 230 loss: 0.0439
[Epoch 146] step 240 loss: 0.0449
[Epoch 146] step 250 loss: 0.0381
[Epoch 146] step 260 loss: 0.1297
[Epoch 146] step 270 loss: 0.0414
[Epoch 146] step 280 loss: 0.0177
[Epoch 146] step 290 loss: 0.0264
[Epoch 146] step 300 loss: 0.0600
[Epoch 146] step 310 loss: 0.0091
[Epoch 146] step 320 loss: 0.0277
[Epoch 146] step 330 loss: 0.1935
[Epoch 146] step 340 loss: 0.0414
[Epoch 146] step 350 loss: 0.0377
[Epoch 146] step 360 loss: 0.0358
[Epoch 146] step 370 loss: 0.0189
[Epoch 146] step 380 loss: 0.0325
[Epoch 146] step 390 loss: 0.0693
[Epoch 146] step 400 loss: 0.0233
[Epoch 146] step 410 loss: 0.0419
[Epoch 146] step 420 loss: 0.0350
[Epoch 146] step 430 loss: 0.0291
[Epoch 146] step 440 loss: 0.0589
[Epoch 146] step 450 loss: 0.0535
[Epoch 146] step 460 loss: 0.0454
[Epoch 146] step 470 loss: 0.0065
[Epoch 146] step 480 loss: 0.0701
[Epoch 146] step 490 loss: 0.0278
[Epoch 146] step 500 loss: 0.0270
[Epoch 146] step 510 loss: 0.0265
[Epoch 146] step 520 loss: 0.0565
[Epoch 146] step 530 loss: 0.0255
[Epoch 146] step 540 loss: 0.0341
[Epoch 146] step 550 loss: 0.0474
[Epoch 146] step 560 loss: 0.0253
[Epoch 146] step 570 loss: 0.0818
[Epoch 146] step 580 loss: 0.0204
[Epoch 146] step 590 loss: 0.0171
[Epoch 146] step 600 loss: 0.0125
[Epoch 146] step 610 loss: 0.0910
[Epoch 146] step 620 loss: 0.0380
[Epoch 146] step 630 loss: 0.0541
[Epoch 146] step 640 loss: 0.0833
[Epoch 146] step 650 loss: 0.1006
[Epoch 146] step 660 loss: 0.0122
[Epoch 146] step 670 loss: 0.0550
[Epoch 146] step 680 loss: 0.0361
[Epoch 146] step 690 loss: 0.0791
[Epoch 146] step 700 loss: 0.0212
[Epoch 146] step 710 loss: 0.0266
[Epoch 146] step 720 loss: 0.1312
[Epoch 146] step 730 loss: 0.0183
[Epoch 146] step 740 loss: 0.0954
==== Epoch 146 avg loss: 0.0428 ====
[Epoch 147] step 0 loss: 0.0048
[Epoch 147] step 10 loss: 0.0449
[Epoch 147] step 20 loss: 0.0295
[Epoch 147] step 30 loss: 0.0243
[Epoch 147] step 40 loss: 0.0228
[Epoch 147] step 50 loss: 0.0117
[Epoch 147] step 60 loss: 0.0172
[Epoch 147] step 70 loss: 0.0260
[Epoch 147] step 80 loss: 0.0625
[Epoch 147] step 90 loss: 0.0301
[Epoch 147] step 100 loss: 0.0169
[Epoch 147] step 110 loss: 0.0253
[Epoch 147] step 120 loss: 0.0074
[Epoch 147] step 130 loss: 0.0288
[Epoch 147] step 140 loss: 0.0139
[Epoch 147] step 150 loss: 0.0060
[Epoch 147] step 160 loss: 0.0651
[Epoch 147] step 170 loss: 0.0357
[Epoch 147] step 180 loss: 0.0341
[Epoch 147] step 190 loss: 0.0545
[Epoch 147] step 200 loss: 0.0606
[Epoch 147] step 210 loss: 0.0223
[Epoch 147] step 220 loss: 0.0316
[Epoch 147] step 230 loss: 0.0184
[Epoch 147] step 240 loss: 0.0219
[Epoch 147] step 250 loss: 0.0720
[Epoch 147] step 260 loss: 0.0495
[Epoch 147] step 270 loss: 0.0484
[Epoch 147] step 280 loss: 0.0529
[Epoch 147] step 290 loss: 0.0344
[Epoch 147] step 300 loss: 0.0246
[Epoch 147] step 310 loss: 0.0349
[Epoch 147] step 320 loss: 0.0529
[Epoch 147] step 330 loss: 0.0120
[Epoch 147] step 340 loss: 0.0433
[Epoch 147] step 350 loss: 0.0588
[Epoch 147] step 360 loss: 0.0436
[Epoch 147] step 370 loss: 0.1086
[Epoch 147] step 380 loss: 0.0146
[Epoch 147] step 390 loss: 0.0426
[Epoch 147] step 400 loss: 0.0253
[Epoch 147] step 410 loss: 0.0568
[Epoch 147] step 420 loss: 0.0198
[Epoch 147] step 430 loss: 0.0833
[Epoch 147] step 440 loss: 0.0287
[Epoch 147] step 450 loss: 0.0609
[Epoch 147] step 460 loss: 0.0470
[Epoch 147] step 470 loss: 0.0437
[Epoch 147] step 480 loss: 0.0183
[Epoch 147] step 490 loss: 0.0782
[Epoch 147] step 500 loss: 0.0249
[Epoch 147] step 510 loss: 0.0684
[Epoch 147] step 520 loss: 0.1672
[Epoch 147] step 530 loss: 0.0232
[Epoch 147] step 540 loss: 0.0504
[Epoch 147] step 550 loss: 0.0266
[Epoch 147] step 560 loss: 0.0521
[Epoch 147] step 570 loss: 0.0519
[Epoch 147] step 580 loss: 0.0166
[Epoch 147] step 590 loss: 0.0259
[Epoch 147] step 600 loss: 0.0197
[Epoch 147] step 610 loss: 0.0392
[Epoch 147] step 620 loss: 0.0605
[Epoch 147] step 630 loss: 0.0692
[Epoch 147] step 640 loss: 0.0371
[Epoch 147] step 650 loss: 0.0320
[Epoch 147] step 660 loss: 0.0613
[Epoch 147] step 670 loss: 0.0302
[Epoch 147] step 680 loss: 0.0504
[Epoch 147] step 690 loss: 0.0393
[Epoch 147] step 700 loss: 0.0347
[Epoch 147] step 710 loss: 0.0315
[Epoch 147] step 720 loss: 0.1614
[Epoch 147] step 730 loss: 0.0612
[Epoch 147] step 740 loss: 0.0420
==== Epoch 147 avg loss: 0.0408 ====
[Epoch 148] step 0 loss: 0.0227
[Epoch 148] step 10 loss: 0.0270
[Epoch 148] step 20 loss: 0.0343
[Epoch 148] step 30 loss: 0.0561
[Epoch 148] step 40 loss: 0.0479
[Epoch 148] step 50 loss: 0.0407
[Epoch 148] step 60 loss: 0.0073
[Epoch 148] step 70 loss: 0.0474
[Epoch 148] step 80 loss: 0.0705
[Epoch 148] step 90 loss: 0.0183
[Epoch 148] step 100 loss: 0.0417
[Epoch 148] step 110 loss: 0.0418
[Epoch 148] step 120 loss: 0.2031
[Epoch 148] step 130 loss: 0.0400
[Epoch 148] step 140 loss: 0.0110
[Epoch 148] step 150 loss: 0.0242
[Epoch 148] step 160 loss: 0.0311
[Epoch 148] step 170 loss: 0.0214
[Epoch 148] step 180 loss: 0.0396
[Epoch 148] step 190 loss: 0.0912
[Epoch 148] step 200 loss: 0.0637
[Epoch 148] step 210 loss: 0.0243
[Epoch 148] step 220 loss: 0.0136
[Epoch 148] step 230 loss: 0.0396
[Epoch 148] step 240 loss: 0.0111
[Epoch 148] step 250 loss: 0.0898
[Epoch 148] step 260 loss: 0.0462
[Epoch 148] step 270 loss: 0.0247
[Epoch 148] step 280 loss: 0.0541
[Epoch 148] step 290 loss: 0.2387
[Epoch 148] step 300 loss: 0.0578
[Epoch 148] step 310 loss: 0.0604
[Epoch 148] step 320 loss: 0.0214
[Epoch 148] step 330 loss: 0.0114
[Epoch 148] step 340 loss: 0.0420
[Epoch 148] step 350 loss: 0.0353
[Epoch 148] step 360 loss: 0.0292
[Epoch 148] step 370 loss: 0.0331
[Epoch 148] step 380 loss: 0.0257
[Epoch 148] step 390 loss: 0.0231
[Epoch 148] step 400 loss: 0.0245
[Epoch 148] step 410 loss: 0.0519
[Epoch 148] step 420 loss: 0.0236
[Epoch 148] step 430 loss: 0.0316
[Epoch 148] step 440 loss: 0.0251
[Epoch 148] step 450 loss: 0.0261
[Epoch 148] step 460 loss: 0.0355
[Epoch 148] step 470 loss: 0.0994
[Epoch 148] step 480 loss: 0.0508
[Epoch 148] step 490 loss: 0.0644
[Epoch 148] step 500 loss: 0.0581
[Epoch 148] step 510 loss: 0.0261
[Epoch 148] step 520 loss: 0.0100
[Epoch 148] step 530 loss: 0.0152
[Epoch 148] step 540 loss: 0.0313
[Epoch 148] step 550 loss: 0.0226
[Epoch 148] step 560 loss: 0.0226
[Epoch 148] step 570 loss: 0.0301
[Epoch 148] step 580 loss: 0.0369
[Epoch 148] step 590 loss: 0.0266
[Epoch 148] step 600 loss: 0.0284
[Epoch 148] step 610 loss: 0.0702
[Epoch 148] step 620 loss: 0.0935
[Epoch 148] step 630 loss: 0.0200
[Epoch 148] step 640 loss: 0.0308
[Epoch 148] step 650 loss: 0.0263
[Epoch 148] step 660 loss: 0.0220
[Epoch 148] step 670 loss: 0.0394
[Epoch 148] step 680 loss: 0.0748
[Epoch 148] step 690 loss: 0.0214
[Epoch 148] step 700 loss: 0.0492
[Epoch 148] step 710 loss: 0.0436
[Epoch 148] step 720 loss: 0.0225
[Epoch 148] step 730 loss: 0.1186
[Epoch 148] step 740 loss: 0.0957
==== Epoch 148 avg loss: 0.0406 ====
[Epoch 149] step 0 loss: 0.0396
[Epoch 149] step 10 loss: 0.0317
[Epoch 149] step 20 loss: 0.0172
[Epoch 149] step 30 loss: 0.0234
[Epoch 149] step 40 loss: 0.0633
[Epoch 149] step 50 loss: 0.0676
[Epoch 149] step 60 loss: 0.0470
[Epoch 149] step 70 loss: 0.0634
[Epoch 149] step 80 loss: 0.0355
[Epoch 149] step 90 loss: 0.0585
[Epoch 149] step 100 loss: 0.0268
[Epoch 149] step 110 loss: 0.0538
[Epoch 149] step 120 loss: 0.0120
[Epoch 149] step 130 loss: 0.0487
[Epoch 149] step 140 loss: 0.0769
[Epoch 149] step 150 loss: 0.0288
[Epoch 149] step 160 loss: 0.0235
[Epoch 149] step 170 loss: 0.0398
[Epoch 149] step 180 loss: 0.0411
[Epoch 149] step 190 loss: 0.0370
[Epoch 149] step 200 loss: 0.0834
[Epoch 149] step 210 loss: 0.0342
[Epoch 149] step 220 loss: 0.0654
[Epoch 149] step 230 loss: 0.0548
[Epoch 149] step 240 loss: 0.0240
[Epoch 149] step 250 loss: 0.0550
[Epoch 149] step 260 loss: 0.0278
[Epoch 149] step 270 loss: 0.0509
[Epoch 149] step 280 loss: 0.0120
[Epoch 149] step 290 loss: 0.0461
[Epoch 149] step 300 loss: 0.0264
[Epoch 149] step 310 loss: 0.0542
[Epoch 149] step 320 loss: 0.0178
[Epoch 149] step 330 loss: 0.0345
[Epoch 149] step 340 loss: 0.0331
[Epoch 149] step 350 loss: 0.0425
[Epoch 149] step 360 loss: 0.0397
[Epoch 149] step 370 loss: 0.0226
[Epoch 149] step 380 loss: 0.0405
[Epoch 149] step 390 loss: 0.0477
[Epoch 149] step 400 loss: 0.0775
[Epoch 149] step 410 loss: 0.0455
[Epoch 149] step 420 loss: 0.0345
[Epoch 149] step 430 loss: 0.0404
[Epoch 149] step 440 loss: 0.0367
[Epoch 149] step 450 loss: 0.0767
[Epoch 149] step 460 loss: 0.0259
[Epoch 149] step 470 loss: 0.0238
[Epoch 149] step 480 loss: 0.0388
[Epoch 149] step 490 loss: 0.0612
[Epoch 149] step 500 loss: 0.0577
[Epoch 149] step 510 loss: 0.0299
[Epoch 149] step 520 loss: 0.0317
[Epoch 149] step 530 loss: 0.0063
[Epoch 149] step 540 loss: 0.0539
[Epoch 149] step 550 loss: 0.0301
[Epoch 149] step 560 loss: 0.0244
[Epoch 149] step 570 loss: 0.0929
[Epoch 149] step 580 loss: 0.0806
[Epoch 149] step 590 loss: 0.0172
[Epoch 149] step 600 loss: 0.0339
[Epoch 149] step 610 loss: 0.0459
[Epoch 149] step 620 loss: 0.1218
[Epoch 149] step 630 loss: 0.0278
[Epoch 149] step 640 loss: 0.0311
[Epoch 149] step 650 loss: 0.0195
[Epoch 149] step 660 loss: 0.0505
[Epoch 149] step 670 loss: 0.0390
[Epoch 149] step 680 loss: 0.0439
[Epoch 149] step 690 loss: 0.0487
[Epoch 149] step 700 loss: 0.0182
[Epoch 149] step 710 loss: 0.0111
[Epoch 149] step 720 loss: 0.0457
[Epoch 149] step 730 loss: 0.0544
[Epoch 149] step 740 loss: 0.0422
==== Epoch 149 avg loss: 0.0417 ====
[Epoch 150] step 0 loss: 0.0340
[Epoch 150] step 10 loss: 0.0153
[Epoch 150] step 20 loss: 0.0246
[Epoch 150] step 30 loss: 0.0731
[Epoch 150] step 40 loss: 0.0167
[Epoch 150] step 50 loss: 0.0118
[Epoch 150] step 60 loss: 0.0183
[Epoch 150] step 70 loss: 0.0231
[Epoch 150] step 80 loss: 0.0300
[Epoch 150] step 90 loss: 0.0215
[Epoch 150] step 100 loss: 0.0374
[Epoch 150] step 110 loss: 0.0239
[Epoch 150] step 120 loss: 0.0258
[Epoch 150] step 130 loss: 0.0296
[Epoch 150] step 140 loss: 0.0320
[Epoch 150] step 150 loss: 0.0520
[Epoch 150] step 160 loss: 0.0209
[Epoch 150] step 170 loss: 0.0201
[Epoch 150] step 180 loss: 0.0290
[Epoch 150] step 190 loss: 0.0304
[Epoch 150] step 200 loss: 0.0488
[Epoch 150] step 210 loss: 0.0278
[Epoch 150] step 220 loss: 0.0483
[Epoch 150] step 230 loss: 0.0390
[Epoch 150] step 240 loss: 0.0349
[Epoch 150] step 250 loss: 0.0605
[Epoch 150] step 260 loss: 0.0809
[Epoch 150] step 270 loss: 0.0309
[Epoch 150] step 280 loss: 0.0840
[Epoch 150] step 290 loss: 0.0245
[Epoch 150] step 300 loss: 0.0413
[Epoch 150] step 310 loss: 0.0162
[Epoch 150] step 320 loss: 0.0318
[Epoch 150] step 330 loss: 0.1195
[Epoch 150] step 340 loss: 0.0517
[Epoch 150] step 350 loss: 0.0557
[Epoch 150] step 360 loss: 0.0417
[Epoch 150] step 370 loss: 0.0347
[Epoch 150] step 380 loss: 0.0347
[Epoch 150] step 390 loss: 0.0233
[Epoch 150] step 400 loss: 0.0420
[Epoch 150] step 410 loss: 0.0279
[Epoch 150] step 420 loss: 0.0530
[Epoch 150] step 430 loss: 0.0302
[Epoch 150] step 440 loss: 0.0304
[Epoch 150] step 450 loss: 0.0374
[Epoch 150] step 460 loss: 0.0222
[Epoch 150] step 470 loss: 0.0292
[Epoch 150] step 480 loss: 0.0528
[Epoch 150] step 490 loss: 0.0432
[Epoch 150] step 500 loss: 0.0267
[Epoch 150] step 510 loss: 0.0584
[Epoch 150] step 520 loss: 0.0404
[Epoch 150] step 530 loss: 0.0321
[Epoch 150] step 540 loss: 0.0303
[Epoch 150] step 550 loss: 0.0681
[Epoch 150] step 560 loss: 0.0090
[Epoch 150] step 570 loss: 0.0161
[Epoch 150] step 580 loss: 0.0419
[Epoch 150] step 590 loss: 0.0452
[Epoch 150] step 600 loss: 0.0246
[Epoch 150] step 610 loss: 0.0951
[Epoch 150] step 620 loss: 0.0271
[Epoch 150] step 630 loss: 0.0403
[Epoch 150] step 640 loss: 0.0319
[Epoch 150] step 650 loss: 0.0307
[Epoch 150] step 660 loss: 0.1421
[Epoch 150] step 670 loss: 0.0379
[Epoch 150] step 680 loss: 0.0172
[Epoch 150] step 690 loss: 0.0138
[Epoch 150] step 700 loss: 0.0312
[Epoch 150] step 710 loss: 0.0406
[Epoch 150] step 720 loss: 0.0247
[Epoch 150] step 730 loss: 0.0197
[Epoch 150] step 740 loss: 0.0379
==== Epoch 150 avg loss: 0.0393 ====
[Epoch 151] step 0 loss: 0.0200
[Epoch 151] step 10 loss: 0.0207
[Epoch 151] step 20 loss: 0.0282
[Epoch 151] step 30 loss: 0.0131
[Epoch 151] step 40 loss: 0.0230
[Epoch 151] step 50 loss: 0.0234
[Epoch 151] step 60 loss: 0.0148
[Epoch 151] step 70 loss: 0.0144
[Epoch 151] step 80 loss: 0.0257
[Epoch 151] step 90 loss: 0.0316
[Epoch 151] step 100 loss: 0.0189
[Epoch 151] step 110 loss: 0.0155
[Epoch 151] step 120 loss: 0.0135
[Epoch 151] step 130 loss: 0.0207
[Epoch 151] step 140 loss: 0.0468
[Epoch 151] step 150 loss: 0.0394
[Epoch 151] step 160 loss: 0.0116
[Epoch 151] step 170 loss: 0.0260
[Epoch 151] step 180 loss: 0.0150
[Epoch 151] step 190 loss: 0.1491
[Epoch 151] step 200 loss: 0.0365
[Epoch 151] step 210 loss: 0.0355
[Epoch 151] step 220 loss: 0.0270
[Epoch 151] step 230 loss: 0.0527
[Epoch 151] step 240 loss: 0.0331
[Epoch 151] step 250 loss: 0.0266
[Epoch 151] step 260 loss: 0.0201
[Epoch 151] step 270 loss: 0.0324
[Epoch 151] step 280 loss: 0.0292
[Epoch 151] step 290 loss: 0.0226
[Epoch 151] step 300 loss: 0.0269
[Epoch 151] step 310 loss: 0.0666
[Epoch 151] step 320 loss: 0.0383
[Epoch 151] step 330 loss: 0.0370
[Epoch 151] step 340 loss: 0.0513
[Epoch 151] step 350 loss: 0.0263
[Epoch 151] step 360 loss: 0.0667
[Epoch 151] step 370 loss: 0.0305
[Epoch 151] step 380 loss: 0.0254
[Epoch 151] step 390 loss: 0.0138
[Epoch 151] step 400 loss: 0.0854
[Epoch 151] step 410 loss: 0.0559
[Epoch 151] step 420 loss: 0.0414
[Epoch 151] step 430 loss: 0.0373
[Epoch 151] step 440 loss: 0.0350
[Epoch 151] step 450 loss: 0.0354
[Epoch 151] step 460 loss: 0.0266
[Epoch 151] step 470 loss: 0.0330
[Epoch 151] step 480 loss: 0.0550
[Epoch 151] step 490 loss: 0.0206
[Epoch 151] step 500 loss: 0.0314
[Epoch 151] step 510 loss: 0.0252
[Epoch 151] step 520 loss: 0.0460
[Epoch 151] step 530 loss: 0.0308
[Epoch 151] step 540 loss: 0.1338
[Epoch 151] step 550 loss: 0.0607
[Epoch 151] step 560 loss: 0.0720
[Epoch 151] step 570 loss: 0.0425
[Epoch 151] step 580 loss: 0.0296
[Epoch 151] step 590 loss: 0.0151
[Epoch 151] step 600 loss: 0.0334
[Epoch 151] step 610 loss: 0.0318
[Epoch 151] step 620 loss: 0.0283
[Epoch 151] step 630 loss: 0.0214
[Epoch 151] step 640 loss: 0.0426
[Epoch 151] step 650 loss: 0.0214
[Epoch 151] step 660 loss: 0.0342
[Epoch 151] step 670 loss: 0.0066
[Epoch 151] step 680 loss: 0.0292
[Epoch 151] step 690 loss: 0.0698
[Epoch 151] step 700 loss: 0.0242
[Epoch 151] step 710 loss: 0.1009
[Epoch 151] step 720 loss: 0.0143
[Epoch 151] step 730 loss: 0.0079
[Epoch 151] step 740 loss: 0.0457
==== Epoch 151 avg loss: 0.0371 ====
[Epoch 152] step 0 loss: 0.0974
[Epoch 152] step 10 loss: 0.0234
[Epoch 152] step 20 loss: 0.0775
[Epoch 152] step 30 loss: 0.0078
[Epoch 152] step 40 loss: 0.0241
[Epoch 152] step 50 loss: 0.0325
[Epoch 152] step 60 loss: 0.0286
[Epoch 152] step 70 loss: 0.0664
[Epoch 152] step 80 loss: 0.0160
[Epoch 152] step 90 loss: 0.0724
[Epoch 152] step 100 loss: 0.0244
[Epoch 152] step 110 loss: 0.0212
[Epoch 152] step 120 loss: 0.0174
[Epoch 152] step 130 loss: 0.0247
[Epoch 152] step 140 loss: 0.0301
[Epoch 152] step 150 loss: 0.0793
[Epoch 152] step 160 loss: 0.0229
[Epoch 152] step 170 loss: 0.0183
[Epoch 152] step 180 loss: 0.0661
[Epoch 152] step 190 loss: 0.0108
[Epoch 152] step 200 loss: 0.0333
[Epoch 152] step 210 loss: 0.0258
[Epoch 152] step 220 loss: 0.0278
[Epoch 152] step 230 loss: 0.0517
[Epoch 152] step 240 loss: 0.0304
[Epoch 152] step 250 loss: 0.0270
[Epoch 152] step 260 loss: 0.0193
[Epoch 152] step 270 loss: 0.0300
[Epoch 152] step 280 loss: 0.0300
[Epoch 152] step 290 loss: 0.0329
[Epoch 152] step 300 loss: 0.0280
[Epoch 152] step 310 loss: 0.0277
[Epoch 152] step 320 loss: 0.0408
[Epoch 152] step 330 loss: 0.0522
[Epoch 152] step 340 loss: 0.0373
[Epoch 152] step 350 loss: 0.0208
[Epoch 152] step 360 loss: 0.0170
[Epoch 152] step 370 loss: 0.0165
[Epoch 152] step 380 loss: 0.0357
[Epoch 152] step 390 loss: 0.0270
[Epoch 152] step 400 loss: 0.0195
[Epoch 152] step 410 loss: 0.0530
[Epoch 152] step 420 loss: 0.0437
[Epoch 152] step 430 loss: 0.0902
[Epoch 152] step 440 loss: 0.0333
[Epoch 152] step 450 loss: 0.0263
[Epoch 152] step 460 loss: 0.0479
[Epoch 152] step 470 loss: 0.0143
[Epoch 152] step 480 loss: 0.0490
[Epoch 152] step 490 loss: 0.0484
[Epoch 152] step 500 loss: 0.0366
[Epoch 152] step 510 loss: 0.0308
[Epoch 152] step 520 loss: 0.0557
[Epoch 152] step 530 loss: 0.0170
[Epoch 152] step 540 loss: 0.0332
[Epoch 152] step 550 loss: 0.0793
[Epoch 152] step 560 loss: 0.0240
[Epoch 152] step 570 loss: 0.0176
[Epoch 152] step 580 loss: 0.0278
[Epoch 152] step 590 loss: 0.0114
[Epoch 152] step 600 loss: 0.0616
[Epoch 152] step 610 loss: 0.0124
[Epoch 152] step 620 loss: 0.0637
[Epoch 152] step 630 loss: 0.1477
[Epoch 152] step 640 loss: 0.0552
[Epoch 152] step 650 loss: 0.0285
[Epoch 152] step 660 loss: 0.0529
[Epoch 152] step 670 loss: 0.0295
[Epoch 152] step 680 loss: 0.0128
[Epoch 152] step 690 loss: 0.0838
[Epoch 152] step 700 loss: 0.0263
[Epoch 152] step 710 loss: 0.0332
[Epoch 152] step 720 loss: 0.0459
[Epoch 152] step 730 loss: 0.0614
[Epoch 152] step 740 loss: 0.0242
==== Epoch 152 avg loss: 0.0403 ====
[Epoch 153] step 0 loss: 0.0191
[Epoch 153] step 10 loss: 0.0196
[Epoch 153] step 20 loss: 0.0150
[Epoch 153] step 30 loss: 0.0154
[Epoch 153] step 40 loss: 0.0148
[Epoch 153] step 50 loss: 0.0170
[Epoch 153] step 60 loss: 0.0206
[Epoch 153] step 70 loss: 0.0235
[Epoch 153] step 80 loss: 0.0180
[Epoch 153] step 90 loss: 0.2117
[Epoch 153] step 100 loss: 0.0067
[Epoch 153] step 110 loss: 0.0360
[Epoch 153] step 120 loss: 0.0330
[Epoch 153] step 130 loss: 0.0211
[Epoch 153] step 140 loss: 0.0389
[Epoch 153] step 150 loss: 0.0494
[Epoch 153] step 160 loss: 0.0939
[Epoch 153] step 170 loss: 0.0420
[Epoch 153] step 180 loss: 0.0348
[Epoch 153] step 190 loss: 0.0225
[Epoch 153] step 200 loss: 0.0289
[Epoch 153] step 210 loss: 0.0177
[Epoch 153] step 220 loss: 0.0325
[Epoch 153] step 230 loss: 0.0359
[Epoch 153] step 240 loss: 0.0271
[Epoch 153] step 250 loss: 0.0775
[Epoch 153] step 260 loss: 0.0408
[Epoch 153] step 270 loss: 0.0328
[Epoch 153] step 280 loss: 0.0268
[Epoch 153] step 290 loss: 0.0258
[Epoch 153] step 300 loss: 0.0217
[Epoch 153] step 310 loss: 0.0467
[Epoch 153] step 320 loss: 0.0336
[Epoch 153] step 330 loss: 0.0198
[Epoch 153] step 340 loss: 0.0501
[Epoch 153] step 350 loss: 0.0586
[Epoch 153] step 360 loss: 0.0340
[Epoch 153] step 370 loss: 0.0133
[Epoch 153] step 380 loss: 0.0195
[Epoch 153] step 390 loss: 0.1203
[Epoch 153] step 400 loss: 0.0497
[Epoch 153] step 410 loss: 0.0376
[Epoch 153] step 420 loss: 0.0587
[Epoch 153] step 430 loss: 0.0301
[Epoch 153] step 440 loss: 0.0279
[Epoch 153] step 450 loss: 0.0133
[Epoch 153] step 460 loss: 0.0176
[Epoch 153] step 470 loss: 0.0230
[Epoch 153] step 480 loss: 0.0594
[Epoch 153] step 490 loss: 0.0508
[Epoch 153] step 500 loss: 0.1000
[Epoch 153] step 510 loss: 0.0997
[Epoch 153] step 520 loss: 0.1184
[Epoch 153] step 530 loss: 0.0629
[Epoch 153] step 540 loss: 0.0553
[Epoch 153] step 550 loss: 0.0302
[Epoch 153] step 560 loss: 0.0240
[Epoch 153] step 570 loss: 0.0190
[Epoch 153] step 580 loss: 0.0191
[Epoch 153] step 590 loss: 0.0092
[Epoch 153] step 600 loss: 0.0429
[Epoch 153] step 610 loss: 0.0478
[Epoch 153] step 620 loss: 0.0458
[Epoch 153] step 630 loss: 0.0267
[Epoch 153] step 640 loss: 0.0294
[Epoch 153] step 650 loss: 0.0706
[Epoch 153] step 660 loss: 0.0477
[Epoch 153] step 670 loss: 0.0550
[Epoch 153] step 680 loss: 0.0362
[Epoch 153] step 690 loss: 0.0407
[Epoch 153] step 700 loss: 0.0882
[Epoch 153] step 710 loss: 0.0501
[Epoch 153] step 720 loss: 0.0154
[Epoch 153] step 730 loss: 0.0328
[Epoch 153] step 740 loss: 0.0308
==== Epoch 153 avg loss: 0.0403 ====
[Epoch 154] step 0 loss: 0.0153
[Epoch 154] step 10 loss: 0.0297
[Epoch 154] step 20 loss: 0.0157
[Epoch 154] step 30 loss: 0.0450
[Epoch 154] step 40 loss: 0.0489
[Epoch 154] step 50 loss: 0.0218
[Epoch 154] step 60 loss: 0.0337
[Epoch 154] step 70 loss: 0.0495
[Epoch 154] step 80 loss: 0.0825
[Epoch 154] step 90 loss: 0.0468
[Epoch 154] step 100 loss: 0.0117
[Epoch 154] step 110 loss: 0.0124
[Epoch 154] step 120 loss: 0.0326
[Epoch 154] step 130 loss: 0.0239
[Epoch 154] step 140 loss: 0.0258
[Epoch 154] step 150 loss: 0.0252
[Epoch 154] step 160 loss: 0.0216
[Epoch 154] step 170 loss: 0.0277
[Epoch 154] step 180 loss: 0.0319
[Epoch 154] step 190 loss: 0.0449
[Epoch 154] step 200 loss: 0.0229
[Epoch 154] step 210 loss: 0.0339
[Epoch 154] step 220 loss: 0.0286
[Epoch 154] step 230 loss: 0.0173
[Epoch 154] step 240 loss: 0.0595
[Epoch 154] step 250 loss: 0.0281
[Epoch 154] step 260 loss: 0.0074
[Epoch 154] step 270 loss: 0.0196
[Epoch 154] step 280 loss: 0.0157
[Epoch 154] step 290 loss: 0.0423
[Epoch 154] step 300 loss: 0.0279
[Epoch 154] step 310 loss: 0.0364
[Epoch 154] step 320 loss: 0.0181
[Epoch 154] step 330 loss: 0.0523
[Epoch 154] step 340 loss: 0.0821
[Epoch 154] step 350 loss: 0.0175
[Epoch 154] step 360 loss: 0.0604
[Epoch 154] step 370 loss: 0.0291
[Epoch 154] step 380 loss: 0.0224
[Epoch 154] step 390 loss: 0.1077
[Epoch 154] step 400 loss: 0.0298
[Epoch 154] step 410 loss: 0.0830
[Epoch 154] step 420 loss: 0.0330
[Epoch 154] step 430 loss: 0.0488
[Epoch 154] step 440 loss: 0.0428
[Epoch 154] step 450 loss: 0.0561
[Epoch 154] step 460 loss: 0.0449
[Epoch 154] step 470 loss: 0.0526
[Epoch 154] step 480 loss: 0.0368
[Epoch 154] step 490 loss: 0.0355
[Epoch 154] step 500 loss: 0.0282
[Epoch 154] step 510 loss: 0.0585
[Epoch 154] step 520 loss: 0.0321
[Epoch 154] step 530 loss: 0.0303
[Epoch 154] step 540 loss: 0.0251
[Epoch 154] step 550 loss: 0.0551
[Epoch 154] step 560 loss: 0.0888
[Epoch 154] step 570 loss: 0.0235
[Epoch 154] step 580 loss: 0.0998
[Epoch 154] step 590 loss: 0.0467
[Epoch 154] step 600 loss: 0.0448
[Epoch 154] step 610 loss: 0.0679
[Epoch 154] step 620 loss: 0.0421
[Epoch 154] step 630 loss: 0.0666
[Epoch 154] step 640 loss: 0.0386
[Epoch 154] step 650 loss: 0.0355
[Epoch 154] step 660 loss: 0.0241
[Epoch 154] step 670 loss: 0.0303
[Epoch 154] step 680 loss: 0.0593
[Epoch 154] step 690 loss: 0.0206
[Epoch 154] step 700 loss: 0.0281
[Epoch 154] step 710 loss: 0.0045
[Epoch 154] step 720 loss: 0.0296
[Epoch 154] step 730 loss: 0.0211
[Epoch 154] step 740 loss: 0.0281
==== Epoch 154 avg loss: 0.0401 ====
[Epoch 155] step 0 loss: 0.0313
[Epoch 155] step 10 loss: 0.0203
[Epoch 155] step 20 loss: 0.0123
[Epoch 155] step 30 loss: 0.0071
[Epoch 155] step 40 loss: 0.0288
[Epoch 155] step 50 loss: 0.0132
[Epoch 155] step 60 loss: 0.0156
[Epoch 155] step 70 loss: 0.0638
[Epoch 155] step 80 loss: 0.0180
[Epoch 155] step 90 loss: 0.0134
[Epoch 155] step 100 loss: 0.0219
[Epoch 155] step 110 loss: 0.0569
[Epoch 155] step 120 loss: 0.0212
[Epoch 155] step 130 loss: 0.0611
[Epoch 155] step 140 loss: 0.0158
[Epoch 155] step 150 loss: 0.0203
[Epoch 155] step 160 loss: 0.0249
[Epoch 155] step 170 loss: 0.1633
[Epoch 155] step 180 loss: 0.0379
[Epoch 155] step 190 loss: 0.0590
[Epoch 155] step 200 loss: 0.0478
[Epoch 155] step 210 loss: 0.0979
[Epoch 155] step 220 loss: 0.0391
[Epoch 155] step 230 loss: 0.0231
[Epoch 155] step 240 loss: 0.0132
[Epoch 155] step 250 loss: 0.0278
[Epoch 155] step 260 loss: 0.0286
[Epoch 155] step 270 loss: 0.0436
[Epoch 155] step 280 loss: 0.0372
[Epoch 155] step 290 loss: 0.0260
[Epoch 155] step 300 loss: 0.0338
[Epoch 155] step 310 loss: 0.0379
[Epoch 155] step 320 loss: 0.0391
[Epoch 155] step 330 loss: 0.0229
[Epoch 155] step 340 loss: 0.0258
[Epoch 155] step 350 loss: 0.0315
[Epoch 155] step 360 loss: 0.0344
[Epoch 155] step 370 loss: 0.0921
[Epoch 155] step 380 loss: 0.0328
[Epoch 155] step 390 loss: 0.0825
[Epoch 155] step 400 loss: 0.0123
[Epoch 155] step 410 loss: 0.0413
[Epoch 155] step 420 loss: 0.0196
[Epoch 155] step 430 loss: 0.0190
[Epoch 155] step 440 loss: 0.0200
[Epoch 155] step 450 loss: 0.0507
[Epoch 155] step 460 loss: 0.0172
[Epoch 155] step 470 loss: 0.0164
[Epoch 155] step 480 loss: 0.0140
[Epoch 155] step 490 loss: 0.0273
[Epoch 155] step 500 loss: 0.1017
[Epoch 155] step 510 loss: 0.0439
[Epoch 155] step 520 loss: 0.0159
[Epoch 155] step 530 loss: 0.0378
[Epoch 155] step 540 loss: 0.0902
[Epoch 155] step 550 loss: 0.0221
[Epoch 155] step 560 loss: 0.0168
[Epoch 155] step 570 loss: 0.0225
[Epoch 155] step 580 loss: 0.0678
[Epoch 155] step 590 loss: 0.0396
[Epoch 155] step 600 loss: 0.0540
[Epoch 155] step 610 loss: 0.0424
[Epoch 155] step 620 loss: 0.0783
[Epoch 155] step 630 loss: 0.0364
[Epoch 155] step 640 loss: 0.0637
[Epoch 155] step 650 loss: 0.0434
[Epoch 155] step 660 loss: 0.0264
[Epoch 155] step 670 loss: 0.0133
[Epoch 155] step 680 loss: 0.0160
[Epoch 155] step 690 loss: 0.0315
[Epoch 155] step 700 loss: 0.0300
[Epoch 155] step 710 loss: 0.0269
[Epoch 155] step 720 loss: 0.0968
[Epoch 155] step 730 loss: 0.0899
[Epoch 155] step 740 loss: 0.1901
==== Epoch 155 avg loss: 0.0393 ====
[Epoch 156] step 0 loss: 0.0344
[Epoch 156] step 10 loss: 0.0758
[Epoch 156] step 20 loss: 0.0381
[Epoch 156] step 30 loss: 0.0092
[Epoch 156] step 40 loss: 0.0218
[Epoch 156] step 50 loss: 0.0848
[Epoch 156] step 60 loss: 0.0212
[Epoch 156] step 70 loss: 0.0343
[Epoch 156] step 80 loss: 0.0292
[Epoch 156] step 90 loss: 0.0280
[Epoch 156] step 100 loss: 0.0471
[Epoch 156] step 110 loss: 0.0265
[Epoch 156] step 120 loss: 0.0205
[Epoch 156] step 130 loss: 0.0257
[Epoch 156] step 140 loss: 0.0287
[Epoch 156] step 150 loss: 0.0423
[Epoch 156] step 160 loss: 0.0594
[Epoch 156] step 170 loss: 0.0416
[Epoch 156] step 180 loss: 0.1226
[Epoch 156] step 190 loss: 0.0600
[Epoch 156] step 200 loss: 0.0782
[Epoch 156] step 210 loss: 0.0632
[Epoch 156] step 220 loss: 0.0620
[Epoch 156] step 230 loss: 0.0394
[Epoch 156] step 240 loss: 0.1083
[Epoch 156] step 250 loss: 0.0521
[Epoch 156] step 260 loss: 0.0539
[Epoch 156] step 270 loss: 0.1003
[Epoch 156] step 280 loss: 0.0459
[Epoch 156] step 290 loss: 0.0328
[Epoch 156] step 300 loss: 0.1023
[Epoch 156] step 310 loss: 0.0707
[Epoch 156] step 320 loss: 0.1096
[Epoch 156] step 330 loss: 0.0559
[Epoch 156] step 340 loss: 0.0355
[Epoch 156] step 350 loss: 0.0897
[Epoch 156] step 360 loss: 0.0991
[Epoch 156] step 370 loss: 0.0602
[Epoch 156] step 380 loss: 0.0700
[Epoch 156] step 390 loss: 0.0598
[Epoch 156] step 400 loss: 0.0295
[Epoch 156] step 410 loss: 0.1628
[Epoch 156] step 420 loss: 0.0879
[Epoch 156] step 430 loss: 0.1060
[Epoch 156] step 440 loss: 0.0621
[Epoch 156] step 450 loss: 0.0788
[Epoch 156] step 460 loss: 0.0762
[Epoch 156] step 470 loss: 0.0854
[Epoch 156] step 480 loss: 0.0639
[Epoch 156] step 490 loss: 0.0389
[Epoch 156] step 500 loss: 0.0282
[Epoch 156] step 510 loss: 0.0563
[Epoch 156] step 520 loss: 0.0932
[Epoch 156] step 530 loss: 0.0524
[Epoch 156] step 540 loss: 0.0598
[Epoch 156] step 550 loss: 0.1238
[Epoch 156] step 560 loss: 0.0640
[Epoch 156] step 570 loss: 0.1175
[Epoch 156] step 580 loss: 0.0713
[Epoch 156] step 590 loss: 0.0349
[Epoch 156] step 600 loss: 0.0578
[Epoch 156] step 610 loss: 0.0299
[Epoch 156] step 620 loss: 0.0416
[Epoch 156] step 630 loss: 0.0558
[Epoch 156] step 640 loss: 0.0868
[Epoch 156] step 650 loss: 0.0633
[Epoch 156] step 660 loss: 0.0403
[Epoch 156] step 670 loss: 0.0465
[Epoch 156] step 680 loss: 0.0329
[Epoch 156] step 690 loss: 0.1215
[Epoch 156] step 700 loss: 0.0547
[Epoch 156] step 710 loss: 0.0299
[Epoch 156] step 720 loss: 0.1100
[Epoch 156] step 730 loss: 0.0271
[Epoch 156] step 740 loss: 0.0726
==== Epoch 156 avg loss: 0.0612 ====
[Epoch 157] step 0 loss: 0.0193
[Epoch 157] step 10 loss: 0.0347
[Epoch 157] step 20 loss: 0.0750
[Epoch 157] step 30 loss: 0.1702
[Epoch 157] step 40 loss: 0.0259
[Epoch 157] step 50 loss: 0.0178
[Epoch 157] step 60 loss: 0.0347
[Epoch 157] step 70 loss: 0.0623
[Epoch 157] step 80 loss: 0.0419
[Epoch 157] step 90 loss: 0.0604
[Epoch 157] step 100 loss: 0.0745
[Epoch 157] step 110 loss: 0.0197
[Epoch 157] step 120 loss: 0.0573
[Epoch 157] step 130 loss: 0.0575
[Epoch 157] step 140 loss: 0.0845
[Epoch 157] step 150 loss: 0.0692
[Epoch 157] step 160 loss: 0.0338
[Epoch 157] step 170 loss: 0.0785
[Epoch 157] step 180 loss: 0.0307
[Epoch 157] step 190 loss: 0.0423
[Epoch 157] step 200 loss: 0.1190
[Epoch 157] step 210 loss: 0.0173
[Epoch 157] step 220 loss: 0.0151
[Epoch 157] step 230 loss: 0.0230
[Epoch 157] step 240 loss: 0.0414
[Epoch 157] step 250 loss: 0.0616
[Epoch 157] step 260 loss: 0.0659
[Epoch 157] step 270 loss: 0.1042
[Epoch 157] step 280 loss: 0.0325
[Epoch 157] step 290 loss: 0.0656
[Epoch 157] step 300 loss: 0.0410
[Epoch 157] step 310 loss: 0.0693
[Epoch 157] step 320 loss: 0.0420
[Epoch 157] step 330 loss: 0.0407
[Epoch 157] step 340 loss: 0.0189
[Epoch 157] step 350 loss: 0.0967
[Epoch 157] step 360 loss: 0.0591
[Epoch 157] step 370 loss: 0.0216
[Epoch 157] step 380 loss: 0.0763
[Epoch 157] step 390 loss: 0.0284
[Epoch 157] step 400 loss: 0.0590
[Epoch 157] step 410 loss: 0.0375
[Epoch 157] step 420 loss: 0.0530
[Epoch 157] step 430 loss: 0.0376
[Epoch 157] step 440 loss: 0.0621
[Epoch 157] step 450 loss: 0.0576
[Epoch 157] step 460 loss: 0.0994
[Epoch 157] step 470 loss: 0.0218
[Epoch 157] step 480 loss: 0.0905
[Epoch 157] step 490 loss: 0.0461
[Epoch 157] step 500 loss: 0.1030
[Epoch 157] step 510 loss: 0.0499
[Epoch 157] step 520 loss: 0.0536
[Epoch 157] step 530 loss: 0.0699
[Epoch 157] step 540 loss: 0.0808
[Epoch 157] step 550 loss: 0.0429
[Epoch 157] step 560 loss: 0.0266
[Epoch 157] step 570 loss: 0.0627
[Epoch 157] step 580 loss: 0.0763
[Epoch 157] step 590 loss: 0.0302
[Epoch 157] step 600 loss: 0.0716
[Epoch 157] step 610 loss: 0.0628
[Epoch 157] step 620 loss: 0.0664
[Epoch 157] step 630 loss: 0.0914
[Epoch 157] step 640 loss: 0.0577
[Epoch 157] step 650 loss: 0.0574
[Epoch 157] step 660 loss: 0.0234
[Epoch 157] step 670 loss: 0.0754
[Epoch 157] step 680 loss: 0.0745
[Epoch 157] step 690 loss: 0.0597
[Epoch 157] step 700 loss: 0.0572
[Epoch 157] step 710 loss: 0.0682
[Epoch 157] step 720 loss: 0.0361
[Epoch 157] step 730 loss: 0.0730
[Epoch 157] step 740 loss: 0.0380
==== Epoch 157 avg loss: 0.0573 ====
[Epoch 158] step 0 loss: 0.0434
[Epoch 158] step 10 loss: 0.0296
[Epoch 158] step 20 loss: 0.0375
[Epoch 158] step 30 loss: 0.0375
[Epoch 158] step 40 loss: 0.0339
[Epoch 158] step 50 loss: 0.0657
[Epoch 158] step 60 loss: 0.0671
[Epoch 158] step 70 loss: 0.0544
[Epoch 158] step 80 loss: 0.0286
[Epoch 158] step 90 loss: 0.0649
[Epoch 158] step 100 loss: 0.0892
[Epoch 158] step 110 loss: 0.0283
[Epoch 158] step 120 loss: 0.0416
[Epoch 158] step 130 loss: 0.0294
[Epoch 158] step 140 loss: 0.0307
[Epoch 158] step 150 loss: 0.0471
[Epoch 158] step 160 loss: 0.0617
[Epoch 158] step 170 loss: 0.0594
[Epoch 158] step 180 loss: 0.0795
[Epoch 158] step 190 loss: 0.0430
[Epoch 158] step 200 loss: 0.0166
[Epoch 158] step 210 loss: 0.0345
[Epoch 158] step 220 loss: 0.0533
[Epoch 158] step 230 loss: 0.1013
[Epoch 158] step 240 loss: 0.0891
[Epoch 158] step 250 loss: 0.0501
[Epoch 158] step 260 loss: 0.0413
[Epoch 158] step 270 loss: 0.1454
[Epoch 158] step 280 loss: 0.0223
[Epoch 158] step 290 loss: 0.0445
[Epoch 158] step 300 loss: 0.0419
[Epoch 158] step 310 loss: 0.0461
[Epoch 158] step 320 loss: 0.0779
[Epoch 158] step 330 loss: 0.1431
[Epoch 158] step 340 loss: 0.0212
[Epoch 158] step 350 loss: 0.0402
[Epoch 158] step 360 loss: 0.0239
[Epoch 158] step 370 loss: 0.0442
[Epoch 158] step 380 loss: 0.0591
[Epoch 158] step 390 loss: 0.2260
[Epoch 158] step 400 loss: 0.0282
[Epoch 158] step 410 loss: 0.0572
[Epoch 158] step 420 loss: 0.0422
[Epoch 158] step 430 loss: 0.0378
[Epoch 158] step 440 loss: 0.0541
[Epoch 158] step 450 loss: 0.0478
[Epoch 158] step 460 loss: 0.0444
[Epoch 158] step 470 loss: 0.0608
[Epoch 158] step 480 loss: 0.0733
[Epoch 158] step 490 loss: 0.1109
[Epoch 158] step 500 loss: 0.0927
[Epoch 158] step 510 loss: 0.0722
[Epoch 158] step 520 loss: 0.0219
[Epoch 158] step 530 loss: 0.0299
[Epoch 158] step 540 loss: 0.0512
[Epoch 158] step 550 loss: 0.0510
[Epoch 158] step 560 loss: 0.0531
[Epoch 158] step 570 loss: 0.0541
[Epoch 158] step 580 loss: 0.0519
[Epoch 158] step 590 loss: 0.0638
[Epoch 158] step 600 loss: 0.1052
[Epoch 158] step 610 loss: 0.0312
[Epoch 158] step 620 loss: 0.0593
[Epoch 158] step 630 loss: 0.0326
[Epoch 158] step 640 loss: 0.0382
[Epoch 158] step 650 loss: 0.0177
[Epoch 158] step 660 loss: 0.0324
[Epoch 158] step 670 loss: 0.0231
[Epoch 158] step 680 loss: 0.0071
[Epoch 158] step 690 loss: 0.0451
[Epoch 158] step 700 loss: 0.0183
[Epoch 158] step 710 loss: 0.0256
[Epoch 158] step 720 loss: 0.0398
[Epoch 158] step 730 loss: 0.0696
[Epoch 158] step 740 loss: 0.0650
==== Epoch 158 avg loss: 0.0505 ====
[Epoch 159] step 0 loss: 0.0483
[Epoch 159] step 10 loss: 0.0445
[Epoch 159] step 20 loss: 0.0111
[Epoch 159] step 30 loss: 0.0179
[Epoch 159] step 40 loss: 0.0249
[Epoch 159] step 50 loss: 0.3003
[Epoch 159] step 60 loss: 0.0170
[Epoch 159] step 70 loss: 0.0440
[Epoch 159] step 80 loss: 0.0163
[Epoch 159] step 90 loss: 0.0169
[Epoch 159] step 100 loss: 0.0215
[Epoch 159] step 110 loss: 0.0092
[Epoch 159] step 120 loss: 0.0489
[Epoch 159] step 130 loss: 0.0130
[Epoch 159] step 140 loss: 0.0080
[Epoch 159] step 150 loss: 0.0243
[Epoch 159] step 160 loss: 0.0185
[Epoch 159] step 170 loss: 0.0194
[Epoch 159] step 180 loss: 0.0185
[Epoch 159] step 190 loss: 0.0262
[Epoch 159] step 200 loss: 0.0380
[Epoch 159] step 210 loss: 0.0331
[Epoch 159] step 220 loss: 0.0495
[Epoch 159] step 230 loss: 0.0396
[Epoch 159] step 240 loss: 0.0371
[Epoch 159] step 250 loss: 0.0370
[Epoch 159] step 260 loss: 0.0278
[Epoch 159] step 270 loss: 0.0230
[Epoch 159] step 280 loss: 0.0306
[Epoch 159] step 290 loss: 0.0181
[Epoch 159] step 300 loss: 0.0255
[Epoch 159] step 310 loss: 0.0868
[Epoch 159] step 320 loss: 0.0476
[Epoch 159] step 330 loss: 0.0203
[Epoch 159] step 340 loss: 0.0211
[Epoch 159] step 350 loss: 0.0137
[Epoch 159] step 360 loss: 0.0222
[Epoch 159] step 370 loss: 0.0076
[Epoch 159] step 380 loss: 0.0267
[Epoch 159] step 390 loss: 0.0195
[Epoch 159] step 400 loss: 0.0401
[Epoch 159] step 410 loss: 0.0383
[Epoch 159] step 420 loss: 0.0132
[Epoch 159] step 430 loss: 0.0173
[Epoch 159] step 440 loss: 0.0187
[Epoch 159] step 450 loss: 0.0413
[Epoch 159] step 460 loss: 0.0228
[Epoch 159] step 470 loss: 0.0234
[Epoch 159] step 480 loss: 0.0359
[Epoch 159] step 490 loss: 0.0260
[Epoch 159] step 500 loss: 0.0096
[Epoch 159] step 510 loss: 0.0086
[Epoch 159] step 520 loss: 0.0132
[Epoch 159] step 530 loss: 0.0253
[Epoch 159] step 540 loss: 0.0305
[Epoch 159] step 550 loss: 0.0375
[Epoch 159] step 560 loss: 0.0118
[Epoch 159] step 570 loss: 0.0327
[Epoch 159] step 580 loss: 0.0049
[Epoch 159] step 590 loss: 0.0687
[Epoch 159] step 600 loss: 0.0316
[Epoch 159] step 610 loss: 0.0296
[Epoch 159] step 620 loss: 0.0937
[Epoch 159] step 630 loss: 0.0127
[Epoch 159] step 640 loss: 0.0197
[Epoch 159] step 650 loss: 0.0081
[Epoch 159] step 660 loss: 0.0540
[Epoch 159] step 670 loss: 0.0193
[Epoch 159] step 680 loss: 0.0238
[Epoch 159] step 690 loss: 0.0134
[Epoch 159] step 700 loss: 0.0235
[Epoch 159] step 710 loss: 0.0140
[Epoch 159] step 720 loss: 0.0388
[Epoch 159] step 730 loss: 0.0199
[Epoch 159] step 740 loss: 0.0412
==== Epoch 159 avg loss: 0.0324 ====
[Epoch 160] step 0 loss: 0.0424
[Epoch 160] step 10 loss: 0.0263
[Epoch 160] step 20 loss: 0.0090
[Epoch 160] step 30 loss: 0.0151
[Epoch 160] step 40 loss: 0.0291
[Epoch 160] step 50 loss: 0.0386
[Epoch 160] step 60 loss: 0.0833
[Epoch 160] step 70 loss: 0.0216
[Epoch 160] step 80 loss: 0.0200
[Epoch 160] step 90 loss: 0.0078
[Epoch 160] step 100 loss: 0.0485
[Epoch 160] step 110 loss: 0.0170
[Epoch 160] step 120 loss: 0.0209
[Epoch 160] step 130 loss: 0.0166
[Epoch 160] step 140 loss: 0.0125
[Epoch 160] step 150 loss: 0.0169
[Epoch 160] step 160 loss: 0.0050
[Epoch 160] step 170 loss: 0.0163
[Epoch 160] step 180 loss: 0.0176
[Epoch 160] step 190 loss: 0.0351
[Epoch 160] step 200 loss: 0.1005
[Epoch 160] step 210 loss: 0.0592
[Epoch 160] step 220 loss: 0.0250
[Epoch 160] step 230 loss: 0.0316
[Epoch 160] step 240 loss: 0.0439
[Epoch 160] step 250 loss: 0.0244
[Epoch 160] step 260 loss: 0.0370
[Epoch 160] step 270 loss: 0.0777
[Epoch 160] step 280 loss: 0.0153
[Epoch 160] step 290 loss: 0.0069
[Epoch 160] step 300 loss: 0.0158
[Epoch 160] step 310 loss: 0.0125
[Epoch 160] step 320 loss: 0.0163
[Epoch 160] step 330 loss: 0.0851
[Epoch 160] step 340 loss: 0.0345
[Epoch 160] step 350 loss: 0.0365
[Epoch 160] step 360 loss: 0.0538
[Epoch 160] step 370 loss: 0.0310
[Epoch 160] step 380 loss: 0.0370
[Epoch 160] step 390 loss: 0.0278
[Epoch 160] step 400 loss: 0.0582
[Epoch 160] step 410 loss: 0.0426
[Epoch 160] step 420 loss: 0.0114
[Epoch 160] step 430 loss: 0.0435
[Epoch 160] step 440 loss: 0.0146
[Epoch 160] step 450 loss: 0.0841
[Epoch 160] step 460 loss: 0.0255
[Epoch 160] step 470 loss: 0.0141
[Epoch 160] step 480 loss: 0.0135
[Epoch 160] step 490 loss: 0.0366
[Epoch 160] step 500 loss: 0.0275
[Epoch 160] step 510 loss: 0.0262
[Epoch 160] step 520 loss: 0.0206
[Epoch 160] step 530 loss: 0.0526
[Epoch 160] step 540 loss: 0.0175
[Epoch 160] step 550 loss: 0.0129
[Epoch 160] step 560 loss: 0.0269
[Epoch 160] step 570 loss: 0.0277
[Epoch 160] step 580 loss: 0.0302
[Epoch 160] step 590 loss: 0.0292
[Epoch 160] step 600 loss: 0.0203
[Epoch 160] step 610 loss: 0.0185
[Epoch 160] step 620 loss: 0.0637
[Epoch 160] step 630 loss: 0.0399
[Epoch 160] step 640 loss: 0.0393
[Epoch 160] step 650 loss: 0.0240
[Epoch 160] step 660 loss: 0.0353
[Epoch 160] step 670 loss: 0.0565
[Epoch 160] step 680 loss: 0.0291
[Epoch 160] step 690 loss: 0.0234
[Epoch 160] step 700 loss: 0.0531
[Epoch 160] step 710 loss: 0.0423
[Epoch 160] step 720 loss: 0.0279
[Epoch 160] step 730 loss: 0.0292
[Epoch 160] step 740 loss: 0.0360
==== Epoch 160 avg loss: 0.0302 ====
[Epoch 161] step 0 loss: 0.0071
[Epoch 161] step 10 loss: 0.0179
[Epoch 161] step 20 loss: 0.0112
[Epoch 161] step 30 loss: 0.0766
[Epoch 161] step 40 loss: 0.0267
[Epoch 161] step 50 loss: 0.0192
[Epoch 161] step 60 loss: 0.0185
[Epoch 161] step 70 loss: 0.0377
[Epoch 161] step 80 loss: 0.1632
[Epoch 161] step 90 loss: 0.0182
[Epoch 161] step 100 loss: 0.0187
[Epoch 161] step 110 loss: 0.0593
[Epoch 161] step 120 loss: 0.0103
[Epoch 161] step 130 loss: 0.0649
[Epoch 161] step 140 loss: 0.0148
[Epoch 161] step 150 loss: 0.0060
[Epoch 161] step 160 loss: 0.0158
[Epoch 161] step 170 loss: 0.0316
[Epoch 161] step 180 loss: 0.0094
[Epoch 161] step 190 loss: 0.0226
[Epoch 161] step 200 loss: 0.0406
[Epoch 161] step 210 loss: 0.0214
[Epoch 161] step 220 loss: 0.0468
[Epoch 161] step 230 loss: 0.0397
[Epoch 161] step 240 loss: 0.0210
[Epoch 161] step 250 loss: 0.0212
[Epoch 161] step 260 loss: 0.0483
[Epoch 161] step 270 loss: 0.0158
[Epoch 161] step 280 loss: 0.0228
[Epoch 161] step 290 loss: 0.0427
[Epoch 161] step 300 loss: 0.0139
[Epoch 161] step 310 loss: 0.0260
[Epoch 161] step 320 loss: 0.0064
[Epoch 161] step 330 loss: 0.0357
[Epoch 161] step 340 loss: 0.0393
[Epoch 161] step 350 loss: 0.0326
[Epoch 161] step 360 loss: 0.0325
[Epoch 161] step 370 loss: 0.0202
[Epoch 161] step 380 loss: 0.0283
[Epoch 161] step 390 loss: 0.3766
[Epoch 161] step 400 loss: 0.0209
[Epoch 161] step 410 loss: 0.0745
[Epoch 161] step 420 loss: 0.0348
[Epoch 161] step 430 loss: 0.0263
[Epoch 161] step 440 loss: 0.0293
[Epoch 161] step 450 loss: 0.0605
[Epoch 161] step 460 loss: 0.0087
[Epoch 161] step 470 loss: 0.0200
[Epoch 161] step 480 loss: 0.0713
[Epoch 161] step 490 loss: 0.0336
[Epoch 161] step 500 loss: 0.0066
[Epoch 161] step 510 loss: 0.0197
[Epoch 161] step 520 loss: 0.0490
[Epoch 161] step 530 loss: 0.0324
[Epoch 161] step 540 loss: 0.0343
[Epoch 161] step 550 loss: 0.0315
[Epoch 161] step 560 loss: 0.0386
[Epoch 161] step 570 loss: 0.0409
[Epoch 161] step 580 loss: 0.0410
[Epoch 161] step 590 loss: 0.0069
[Epoch 161] step 600 loss: 0.0174
[Epoch 161] step 610 loss: 0.0163
[Epoch 161] step 620 loss: 0.0123
[Epoch 161] step 630 loss: 0.0464
[Epoch 161] step 640 loss: 0.0338
[Epoch 161] step 650 loss: 0.0435
[Epoch 161] step 660 loss: 0.0484
[Epoch 161] step 670 loss: 0.0546
[Epoch 161] step 680 loss: 0.0195
[Epoch 161] step 690 loss: 0.0549
[Epoch 161] step 700 loss: 0.0180
[Epoch 161] step 710 loss: 0.0649
[Epoch 161] step 720 loss: 0.0425
[Epoch 161] step 730 loss: 0.0264
[Epoch 161] step 740 loss: 0.0151
==== Epoch 161 avg loss: 0.0330 ====
[Epoch 162] step 0 loss: 0.0199
[Epoch 162] step 10 loss: 0.0339
[Epoch 162] step 20 loss: 0.0026
[Epoch 162] step 30 loss: 0.0151
[Epoch 162] step 40 loss: 0.0481
[Epoch 162] step 50 loss: 0.0290
[Epoch 162] step 60 loss: 0.0204
[Epoch 162] step 70 loss: 0.0173
[Epoch 162] step 80 loss: 0.0080
[Epoch 162] step 90 loss: 0.0288
[Epoch 162] step 100 loss: 0.0399
[Epoch 162] step 110 loss: 0.0081
[Epoch 162] step 120 loss: 0.0271
[Epoch 162] step 130 loss: 0.0172
[Epoch 162] step 140 loss: 0.1100
[Epoch 162] step 150 loss: 0.0261
[Epoch 162] step 160 loss: 0.0175
[Epoch 162] step 170 loss: 0.0255
[Epoch 162] step 180 loss: 0.0494
[Epoch 162] step 190 loss: 0.0262
[Epoch 162] step 200 loss: 0.0164
[Epoch 162] step 210 loss: 0.0423
[Epoch 162] step 220 loss: 0.0246
[Epoch 162] step 230 loss: 0.0326
[Epoch 162] step 240 loss: 0.0217
[Epoch 162] step 250 loss: 0.0225
[Epoch 162] step 260 loss: 0.0200
[Epoch 162] step 270 loss: 0.2466
[Epoch 162] step 280 loss: 0.0448
[Epoch 162] step 290 loss: 0.0207
[Epoch 162] step 300 loss: 0.0162
[Epoch 162] step 310 loss: 0.0364
[Epoch 162] step 320 loss: 0.0210
[Epoch 162] step 330 loss: 0.0481
[Epoch 162] step 340 loss: 0.0124
[Epoch 162] step 350 loss: 0.0304
[Epoch 162] step 360 loss: 0.0343
[Epoch 162] step 370 loss: 0.1636
[Epoch 162] step 380 loss: 0.0115
[Epoch 162] step 390 loss: 0.0494
[Epoch 162] step 400 loss: 0.0380
[Epoch 162] step 410 loss: 0.0944
[Epoch 162] step 420 loss: 0.0707
[Epoch 162] step 430 loss: 0.0179
[Epoch 162] step 440 loss: 0.1538
[Epoch 162] step 450 loss: 0.0167
[Epoch 162] step 460 loss: 0.0465
[Epoch 162] step 470 loss: 0.0510
[Epoch 162] step 480 loss: 0.0513
[Epoch 162] step 490 loss: 0.0175
[Epoch 162] step 500 loss: 0.0442
[Epoch 162] step 510 loss: 0.0416
[Epoch 162] step 520 loss: 0.0484
[Epoch 162] step 530 loss: 0.0841
[Epoch 162] step 540 loss: 0.0721
[Epoch 162] step 550 loss: 0.0150
[Epoch 162] step 560 loss: 0.0356
[Epoch 162] step 570 loss: 0.0202
[Epoch 162] step 580 loss: 0.0906
[Epoch 162] step 590 loss: 0.0207
[Epoch 162] step 600 loss: 0.0596
[Epoch 162] step 610 loss: 0.0372
[Epoch 162] step 620 loss: 0.0360
[Epoch 162] step 630 loss: 0.0371
[Epoch 162] step 640 loss: 0.0288
[Epoch 162] step 650 loss: 0.0448
[Epoch 162] step 660 loss: 0.0300
[Epoch 162] step 670 loss: 0.0349
[Epoch 162] step 680 loss: 0.0280
[Epoch 162] step 690 loss: 0.0256
[Epoch 162] step 700 loss: 0.0409
[Epoch 162] step 710 loss: 0.0309
[Epoch 162] step 720 loss: 0.0361
[Epoch 162] step 730 loss: 0.0297
[Epoch 162] step 740 loss: 0.0304
==== Epoch 162 avg loss: 0.0327 ====
[Epoch 163] step 0 loss: 0.0375
[Epoch 163] step 10 loss: 0.0104
[Epoch 163] step 20 loss: 0.0406
[Epoch 163] step 30 loss: 0.0264
[Epoch 163] step 40 loss: 0.1573
[Epoch 163] step 50 loss: 0.0161
[Epoch 163] step 60 loss: 0.0109
[Epoch 163] step 70 loss: 0.1120
[Epoch 163] step 80 loss: 0.0204
[Epoch 163] step 90 loss: 0.0308
[Epoch 163] step 100 loss: 0.0277
[Epoch 163] step 110 loss: 0.0221
[Epoch 163] step 120 loss: 0.0541
[Epoch 163] step 130 loss: 0.0109
[Epoch 163] step 140 loss: 0.0152
[Epoch 163] step 150 loss: 0.0178
[Epoch 163] step 160 loss: 0.0086
[Epoch 163] step 170 loss: 0.0157
[Epoch 163] step 180 loss: 0.0300
[Epoch 163] step 190 loss: 0.0235
[Epoch 163] step 200 loss: 0.0151
[Epoch 163] step 210 loss: 0.0303
[Epoch 163] step 220 loss: 0.0293
[Epoch 163] step 230 loss: 0.0610
[Epoch 163] step 240 loss: 0.0237
[Epoch 163] step 250 loss: 0.0119
[Epoch 163] step 260 loss: 0.0456
[Epoch 163] step 270 loss: 0.0402
[Epoch 163] step 280 loss: 0.0344
[Epoch 163] step 290 loss: 0.0243
[Epoch 163] step 300 loss: 0.0123
[Epoch 163] step 310 loss: 0.0766
[Epoch 163] step 320 loss: 0.0553
[Epoch 163] step 330 loss: 0.0184
[Epoch 163] step 340 loss: 0.0133
[Epoch 163] step 350 loss: 0.0635
[Epoch 163] step 360 loss: 0.0313
[Epoch 163] step 370 loss: 0.0864
[Epoch 163] step 380 loss: 0.0549
[Epoch 163] step 390 loss: 0.0165
[Epoch 163] step 400 loss: 0.0416
[Epoch 163] step 410 loss: 0.0315
[Epoch 163] step 420 loss: 0.0263
[Epoch 163] step 430 loss: 0.0252
[Epoch 163] step 440 loss: 0.0236
[Epoch 163] step 450 loss: 0.0278
[Epoch 163] step 460 loss: 0.0269
[Epoch 163] step 470 loss: 0.0211
[Epoch 163] step 480 loss: 0.0288
[Epoch 163] step 490 loss: 0.0105
[Epoch 163] step 500 loss: 0.0836
[Epoch 163] step 510 loss: 0.0075
[Epoch 163] step 520 loss: 0.0232
[Epoch 163] step 530 loss: 0.0311
[Epoch 163] step 540 loss: 0.0310
[Epoch 163] step 550 loss: 0.1243
[Epoch 163] step 560 loss: 0.0733
[Epoch 163] step 570 loss: 0.0422
[Epoch 163] step 580 loss: 0.0314
[Epoch 163] step 590 loss: 0.0440
[Epoch 163] step 600 loss: 0.0540
[Epoch 163] step 610 loss: 0.0352
[Epoch 163] step 620 loss: 0.0071
[Epoch 163] step 630 loss: 0.0786
[Epoch 163] step 640 loss: 0.0423
[Epoch 163] step 650 loss: 0.0175
[Epoch 163] step 660 loss: 0.0306
[Epoch 163] step 670 loss: 0.0415
[Epoch 163] step 680 loss: 0.0172
[Epoch 163] step 690 loss: 0.0270
[Epoch 163] step 700 loss: 0.0350
[Epoch 163] step 710 loss: 0.0387
[Epoch 163] step 720 loss: 0.0520
[Epoch 163] step 730 loss: 0.0281
[Epoch 163] step 740 loss: 0.0610
==== Epoch 163 avg loss: 0.0361 ====
[Epoch 164] step 0 loss: 0.0247
[Epoch 164] step 10 loss: 0.1000
[Epoch 164] step 20 loss: 0.0222
[Epoch 164] step 30 loss: 0.0273
[Epoch 164] step 40 loss: 0.0572
[Epoch 164] step 50 loss: 0.0849
[Epoch 164] step 60 loss: 0.0337
[Epoch 164] step 70 loss: 0.0569
[Epoch 164] step 80 loss: 0.0267
[Epoch 164] step 90 loss: 0.0291
[Epoch 164] step 100 loss: 0.0377
[Epoch 164] step 110 loss: 0.0429
[Epoch 164] step 120 loss: 0.0243
[Epoch 164] step 130 loss: 0.0509
[Epoch 164] step 140 loss: 0.0652
[Epoch 164] step 150 loss: 0.0368
[Epoch 164] step 160 loss: 0.0368
[Epoch 164] step 170 loss: 0.0935
[Epoch 164] step 180 loss: 0.0278
[Epoch 164] step 190 loss: 0.0568
[Epoch 164] step 200 loss: 0.0218
[Epoch 164] step 210 loss: 0.0392
[Epoch 164] step 220 loss: 0.1148
[Epoch 164] step 230 loss: 0.0911
[Epoch 164] step 240 loss: 0.0815
[Epoch 164] step 250 loss: 0.0967
[Epoch 164] step 260 loss: 0.0481
[Epoch 164] step 270 loss: 0.0195
[Epoch 164] step 280 loss: 0.0195
[Epoch 164] step 290 loss: 0.0832
[Epoch 164] step 300 loss: 0.0751
[Epoch 164] step 310 loss: 0.0512
[Epoch 164] step 320 loss: 0.0737
[Epoch 164] step 330 loss: 0.0420
[Epoch 164] step 340 loss: 0.0918
[Epoch 164] step 350 loss: 0.0446
[Epoch 164] step 360 loss: 0.1022
[Epoch 164] step 370 loss: 0.0502
[Epoch 164] step 380 loss: 0.0623
[Epoch 164] step 390 loss: 0.0401
[Epoch 164] step 400 loss: 0.0299
[Epoch 164] step 410 loss: 0.0391
[Epoch 164] step 420 loss: 0.0319
[Epoch 164] step 430 loss: 0.0775
[Epoch 164] step 440 loss: 0.0674
[Epoch 164] step 450 loss: 0.0510
[Epoch 164] step 460 loss: 0.0758
[Epoch 164] step 470 loss: 0.0404
[Epoch 164] step 480 loss: 0.1085
[Epoch 164] step 490 loss: 0.0646
[Epoch 164] step 500 loss: 0.0549
[Epoch 164] step 510 loss: 0.1213
[Epoch 164] step 520 loss: 0.0548
[Epoch 164] step 530 loss: 0.0336
[Epoch 164] step 540 loss: 0.0677
[Epoch 164] step 550 loss: 0.0674
[Epoch 164] step 560 loss: 0.0319
[Epoch 164] step 570 loss: 0.0655
[Epoch 164] step 580 loss: 0.0329
[Epoch 164] step 590 loss: 0.0416
[Epoch 164] step 600 loss: 0.0772
[Epoch 164] step 610 loss: 0.0928
[Epoch 164] step 620 loss: 0.0402
[Epoch 164] step 630 loss: 0.0488
[Epoch 164] step 640 loss: 0.0429
[Epoch 164] step 650 loss: 0.0522
[Epoch 164] step 660 loss: 0.0424
[Epoch 164] step 670 loss: 0.0440
[Epoch 164] step 680 loss: 0.0325
[Epoch 164] step 690 loss: 0.0755
[Epoch 164] step 700 loss: 0.0445
[Epoch 164] step 710 loss: 0.0711
[Epoch 164] step 720 loss: 0.0544
[Epoch 164] step 730 loss: 0.0726
[Epoch 164] step 740 loss: 0.0844
==== Epoch 164 avg loss: 0.0594 ====
[Epoch 165] step 0 loss: 0.0421
[Epoch 165] step 10 loss: 0.0253
[Epoch 165] step 20 loss: 0.0612
[Epoch 165] step 30 loss: 0.0549
[Epoch 165] step 40 loss: 0.0998
[Epoch 165] step 50 loss: 0.0476
[Epoch 165] step 60 loss: 0.1142
[Epoch 165] step 70 loss: 0.0094
[Epoch 165] step 80 loss: 0.0170
[Epoch 165] step 90 loss: 0.0300
[Epoch 165] step 100 loss: 0.0116
[Epoch 165] step 110 loss: 0.0661
[Epoch 165] step 120 loss: 0.0625
[Epoch 165] step 130 loss: 0.1203
[Epoch 165] step 140 loss: 0.0500
[Epoch 165] step 150 loss: 0.0215
[Epoch 165] step 160 loss: 0.0457
[Epoch 165] step 170 loss: 0.0501
[Epoch 165] step 180 loss: 0.0335
[Epoch 165] step 190 loss: 0.0462
[Epoch 165] step 200 loss: 0.0683
[Epoch 165] step 210 loss: 0.0934
[Epoch 165] step 220 loss: 0.0544
[Epoch 165] step 230 loss: 0.0729
[Epoch 165] step 240 loss: 0.0351
[Epoch 165] step 250 loss: 0.0119
[Epoch 165] step 260 loss: 0.0507
[Epoch 165] step 270 loss: 0.0388
[Epoch 165] step 280 loss: 0.0923
[Epoch 165] step 290 loss: 0.0833
[Epoch 165] step 300 loss: 0.1028
[Epoch 165] step 310 loss: 0.0405
[Epoch 165] step 320 loss: 0.0199
[Epoch 165] step 330 loss: 0.0504
[Epoch 165] step 340 loss: 0.0442
[Epoch 165] step 350 loss: 0.0509
[Epoch 165] step 360 loss: 0.0493
[Epoch 165] step 370 loss: 0.0661
[Epoch 165] step 380 loss: 0.0204
[Epoch 165] step 390 loss: 0.0663
[Epoch 165] step 400 loss: 0.0666
[Epoch 165] step 410 loss: 0.0227
[Epoch 165] step 420 loss: 0.0206
[Epoch 165] step 430 loss: 0.0214
[Epoch 165] step 440 loss: 0.0468
[Epoch 165] step 450 loss: 0.0565
[Epoch 165] step 460 loss: 0.0816
[Epoch 165] step 470 loss: 0.0350
[Epoch 165] step 480 loss: 0.0282
[Epoch 165] step 490 loss: 0.0303
[Epoch 165] step 500 loss: 0.0491
[Epoch 165] step 510 loss: 0.0293
[Epoch 165] step 520 loss: 0.0420
[Epoch 165] step 530 loss: 0.0269
[Epoch 165] step 540 loss: 0.0951
[Epoch 165] step 550 loss: 0.0409
[Epoch 165] step 560 loss: 0.0696
[Epoch 165] step 570 loss: 0.0251
[Epoch 165] step 580 loss: 0.0306
[Epoch 165] step 590 loss: 0.0354
[Epoch 165] step 600 loss: 0.0268
[Epoch 165] step 610 loss: 0.0465
[Epoch 165] step 620 loss: 0.0263
[Epoch 165] step 630 loss: 0.0246
[Epoch 165] step 640 loss: 0.0747
[Epoch 165] step 650 loss: 0.0821
[Epoch 165] step 660 loss: 0.0304
[Epoch 165] step 670 loss: 0.0654
[Epoch 165] step 680 loss: 0.0388
[Epoch 165] step 690 loss: 0.0578
[Epoch 165] step 700 loss: 0.0331
[Epoch 165] step 710 loss: 0.0334
[Epoch 165] step 720 loss: 0.0500
[Epoch 165] step 730 loss: 0.0967
[Epoch 165] step 740 loss: 0.0395
==== Epoch 165 avg loss: 0.0513 ====
[Epoch 166] step 0 loss: 0.0468
[Epoch 166] step 10 loss: 0.0233
[Epoch 166] step 20 loss: 0.0088
[Epoch 166] step 30 loss: 0.0479
[Epoch 166] step 40 loss: 0.0348
[Epoch 166] step 50 loss: 0.0372
[Epoch 166] step 60 loss: 0.0901
[Epoch 166] step 70 loss: 0.0600
[Epoch 166] step 80 loss: 0.0252
[Epoch 166] step 90 loss: 0.0311
[Epoch 166] step 100 loss: 0.0401
[Epoch 166] step 110 loss: 0.0697
[Epoch 166] step 120 loss: 0.0680
[Epoch 166] step 130 loss: 0.0374
[Epoch 166] step 140 loss: 0.0377
[Epoch 166] step 150 loss: 0.0567
[Epoch 166] step 160 loss: 0.0464
[Epoch 166] step 170 loss: 0.0426
[Epoch 166] step 180 loss: 0.0597
[Epoch 166] step 190 loss: 0.0380
[Epoch 166] step 200 loss: 0.0351
[Epoch 166] step 210 loss: 0.0538
[Epoch 166] step 220 loss: 0.0627
[Epoch 166] step 230 loss: 0.0263
[Epoch 166] step 240 loss: 0.0323
[Epoch 166] step 250 loss: 0.0339
[Epoch 166] step 260 loss: 0.0218
[Epoch 166] step 270 loss: 0.0367
[Epoch 166] step 280 loss: 0.0718
[Epoch 166] step 290 loss: 0.0606
[Epoch 166] step 300 loss: 0.0441
[Epoch 166] step 310 loss: 0.0326
[Epoch 166] step 320 loss: 0.0231
[Epoch 166] step 330 loss: 0.0288
[Epoch 166] step 340 loss: 0.0436
[Epoch 166] step 350 loss: 0.2127
[Epoch 166] step 360 loss: 0.0332
[Epoch 166] step 370 loss: 0.0629
[Epoch 166] step 380 loss: 0.0518
[Epoch 166] step 390 loss: 0.0492
[Epoch 166] step 400 loss: 0.0174
[Epoch 166] step 410 loss: 0.0446
[Epoch 166] step 420 loss: 0.0114
[Epoch 166] step 430 loss: 0.0769
[Epoch 166] step 440 loss: 0.0445
[Epoch 166] step 450 loss: 0.0452
[Epoch 166] step 460 loss: 0.0483
[Epoch 166] step 470 loss: 0.0340
[Epoch 166] step 480 loss: 0.0372
[Epoch 166] step 490 loss: 0.0472
[Epoch 166] step 500 loss: 0.0242
[Epoch 166] step 510 loss: 0.0536
[Epoch 166] step 520 loss: 0.0528
[Epoch 166] step 530 loss: 0.0262
[Epoch 166] step 540 loss: 0.0201
[Epoch 166] step 550 loss: 0.0384
[Epoch 166] step 560 loss: 0.0355
[Epoch 166] step 570 loss: 0.0169
[Epoch 166] step 580 loss: 0.0252
[Epoch 166] step 590 loss: 0.0457
[Epoch 166] step 600 loss: 0.0795
[Epoch 166] step 610 loss: 0.0212
[Epoch 166] step 620 loss: 0.0699
[Epoch 166] step 630 loss: 0.0110
[Epoch 166] step 640 loss: 0.2685
[Epoch 166] step 650 loss: 0.0711
[Epoch 166] step 660 loss: 0.0264
[Epoch 166] step 670 loss: 0.0229
[Epoch 166] step 680 loss: 0.0276
[Epoch 166] step 690 loss: 0.0411
[Epoch 166] step 700 loss: 0.0247
[Epoch 166] step 710 loss: 0.0680
[Epoch 166] step 720 loss: 0.0692
[Epoch 166] step 730 loss: 0.0235
[Epoch 166] step 740 loss: 0.0328
==== Epoch 166 avg loss: 0.0411 ====
[Epoch 167] step 0 loss: 0.0165
[Epoch 167] step 10 loss: 0.0084
[Epoch 167] step 20 loss: 0.0211
[Epoch 167] step 30 loss: 0.0352
[Epoch 167] step 40 loss: 0.0056
[Epoch 167] step 50 loss: 0.0237
[Epoch 167] step 60 loss: 0.0424
[Epoch 167] step 70 loss: 0.0471
[Epoch 167] step 80 loss: 0.0294
[Epoch 167] step 90 loss: 0.0158
[Epoch 167] step 100 loss: 0.0428
[Epoch 167] step 110 loss: 0.0137
[Epoch 167] step 120 loss: 0.0169
[Epoch 167] step 130 loss: 0.0160
[Epoch 167] step 140 loss: 0.0398
[Epoch 167] step 150 loss: 0.0215
[Epoch 167] step 160 loss: 0.0143
[Epoch 167] step 170 loss: 0.0346
[Epoch 167] step 180 loss: 0.0336
[Epoch 167] step 190 loss: 0.0468
[Epoch 167] step 200 loss: 0.0167
[Epoch 167] step 210 loss: 0.0170
[Epoch 167] step 220 loss: 0.0115
[Epoch 167] step 230 loss: 0.0444
[Epoch 167] step 240 loss: 0.0160
[Epoch 167] step 250 loss: 0.0231
[Epoch 167] step 260 loss: 0.0450
[Epoch 167] step 270 loss: 0.0200
[Epoch 167] step 280 loss: 0.0288
[Epoch 167] step 290 loss: 0.0328
[Epoch 167] step 300 loss: 0.0202
[Epoch 167] step 310 loss: 0.0240
[Epoch 167] step 320 loss: 0.0057
[Epoch 167] step 330 loss: 0.0189
[Epoch 167] step 340 loss: 0.0529
[Epoch 167] step 350 loss: 0.0450
[Epoch 167] step 360 loss: 0.0068
[Epoch 167] step 370 loss: 0.0112
[Epoch 167] step 380 loss: 0.0235
[Epoch 167] step 390 loss: 0.0223
[Epoch 167] step 400 loss: 0.0270
[Epoch 167] step 410 loss: 0.0165
[Epoch 167] step 420 loss: 0.0650
[Epoch 167] step 430 loss: 0.0167
[Epoch 167] step 440 loss: 0.0096
[Epoch 167] step 450 loss: 0.5381
[Epoch 167] step 460 loss: 0.0224
[Epoch 167] step 470 loss: 0.0248
[Epoch 167] step 480 loss: 0.0221
[Epoch 167] step 490 loss: 0.0292
[Epoch 167] step 500 loss: 0.0170
[Epoch 167] step 510 loss: 0.0192
[Epoch 167] step 520 loss: 0.0178
[Epoch 167] step 530 loss: 0.0485
[Epoch 167] step 540 loss: 0.0130
[Epoch 167] step 550 loss: 0.0328
[Epoch 167] step 560 loss: 0.0249
[Epoch 167] step 570 loss: 0.0496
[Epoch 167] step 580 loss: 0.0407
[Epoch 167] step 590 loss: 0.0352
[Epoch 167] step 600 loss: 0.0388
[Epoch 167] step 610 loss: 0.0287
[Epoch 167] step 620 loss: 0.0156
[Epoch 167] step 630 loss: 0.0207
[Epoch 167] step 640 loss: 0.0079
[Epoch 167] step 650 loss: 0.0201
[Epoch 167] step 660 loss: 0.0498
[Epoch 167] step 670 loss: 0.0133
[Epoch 167] step 680 loss: 0.0195
[Epoch 167] step 690 loss: 0.0460
[Epoch 167] step 700 loss: 0.0143
[Epoch 167] step 710 loss: 0.0145
[Epoch 167] step 720 loss: 0.0209
[Epoch 167] step 730 loss: 0.0289
[Epoch 167] step 740 loss: 0.0139
==== Epoch 167 avg loss: 0.0287 ====
[Epoch 168] step 0 loss: 0.0612
[Epoch 168] step 10 loss: 0.0395
[Epoch 168] step 20 loss: 0.0147
[Epoch 168] step 30 loss: 0.0241
[Epoch 168] step 40 loss: 0.0100
[Epoch 168] step 50 loss: 0.0327
[Epoch 168] step 60 loss: 0.0210
[Epoch 168] step 70 loss: 0.0312
[Epoch 168] step 80 loss: 0.0300
[Epoch 168] step 90 loss: 0.0154
[Epoch 168] step 100 loss: 0.0247
[Epoch 168] step 110 loss: 0.0436
[Epoch 168] step 120 loss: 0.0266
[Epoch 168] step 130 loss: 0.0105
[Epoch 168] step 140 loss: 0.0294
[Epoch 168] step 150 loss: 0.0146
[Epoch 168] step 160 loss: 0.0257
[Epoch 168] step 170 loss: 0.0144
[Epoch 168] step 180 loss: 0.0453
[Epoch 168] step 190 loss: 0.0131
[Epoch 168] step 200 loss: 0.0188
[Epoch 168] step 210 loss: 0.0114
[Epoch 168] step 220 loss: 0.0211
[Epoch 168] step 230 loss: 0.0233
[Epoch 168] step 240 loss: 0.0194
[Epoch 168] step 250 loss: 0.0923
[Epoch 168] step 260 loss: 0.0654
[Epoch 168] step 270 loss: 0.0181
[Epoch 168] step 280 loss: 0.0194
[Epoch 168] step 290 loss: 0.0783
[Epoch 168] step 300 loss: 0.0201
[Epoch 168] step 310 loss: 0.0171
[Epoch 168] step 320 loss: 0.0279
[Epoch 168] step 330 loss: 0.0279
[Epoch 168] step 340 loss: 0.0284
[Epoch 168] step 350 loss: 0.0345
[Epoch 168] step 360 loss: 0.0292
[Epoch 168] step 370 loss: 0.0229
[Epoch 168] step 380 loss: 0.0167
[Epoch 168] step 390 loss: 0.0328
[Epoch 168] step 400 loss: 0.0122
[Epoch 168] step 410 loss: 0.0525
[Epoch 168] step 420 loss: 0.0135
[Epoch 168] step 430 loss: 0.0110
[Epoch 168] step 440 loss: 0.0175
[Epoch 168] step 450 loss: 0.0280
[Epoch 168] step 460 loss: 0.0516
[Epoch 168] step 470 loss: 0.0395
[Epoch 168] step 480 loss: 0.0603
[Epoch 168] step 490 loss: 0.0213
[Epoch 168] step 500 loss: 0.0525
[Epoch 168] step 510 loss: 0.0732
[Epoch 168] step 520 loss: 0.0272
[Epoch 168] step 530 loss: 0.0227
[Epoch 168] step 540 loss: 0.0432
[Epoch 168] step 550 loss: 0.0394
[Epoch 168] step 560 loss: 0.0208
[Epoch 168] step 570 loss: 0.0166
[Epoch 168] step 580 loss: 0.0324
[Epoch 168] step 590 loss: 0.0095
[Epoch 168] step 600 loss: 0.0369
[Epoch 168] step 610 loss: 0.0227
[Epoch 168] step 620 loss: 0.0134
[Epoch 168] step 630 loss: 0.0308
[Epoch 168] step 640 loss: 0.0321
[Epoch 168] step 650 loss: 0.0186
[Epoch 168] step 660 loss: 0.0523
[Epoch 168] step 670 loss: 0.0311
[Epoch 168] step 680 loss: 0.0347
[Epoch 168] step 690 loss: 0.0125
[Epoch 168] step 700 loss: 0.0328
[Epoch 168] step 710 loss: 0.0542
[Epoch 168] step 720 loss: 0.0290
[Epoch 168] step 730 loss: 0.0544
[Epoch 168] step 740 loss: 0.0072
==== Epoch 168 avg loss: 0.0294 ====
[Epoch 169] step 0 loss: 0.0194
[Epoch 169] step 10 loss: 0.0589
[Epoch 169] step 20 loss: 0.0123
[Epoch 169] step 30 loss: 0.0673
[Epoch 169] step 40 loss: 0.0415
[Epoch 169] step 50 loss: 0.0189
[Epoch 169] step 60 loss: 0.0393
[Epoch 169] step 70 loss: 0.0171
[Epoch 169] step 80 loss: 0.0612
[Epoch 169] step 90 loss: 0.0628
[Epoch 169] step 100 loss: 0.1203
[Epoch 169] step 110 loss: 0.0295
[Epoch 169] step 120 loss: 0.1175
[Epoch 169] step 130 loss: 0.0372
[Epoch 169] step 140 loss: 0.0252
[Epoch 169] step 150 loss: 0.1046
[Epoch 169] step 160 loss: 0.0704
[Epoch 169] step 170 loss: 0.1277
[Epoch 169] step 180 loss: 0.0711
[Epoch 169] step 190 loss: 0.1572
[Epoch 169] step 200 loss: 0.0631
[Epoch 169] step 210 loss: 0.0572
[Epoch 169] step 220 loss: 0.0240
[Epoch 169] step 230 loss: 0.0516
[Epoch 169] step 240 loss: 0.0706
[Epoch 169] step 250 loss: 0.0379
[Epoch 169] step 260 loss: 0.0556
[Epoch 169] step 270 loss: 0.0272
[Epoch 169] step 280 loss: 0.0483
[Epoch 169] step 290 loss: 0.0192
[Epoch 169] step 300 loss: 0.0423
[Epoch 169] step 310 loss: 0.0499
[Epoch 169] step 320 loss: 0.0637
[Epoch 169] step 330 loss: 0.0673
[Epoch 169] step 340 loss: 0.0182
[Epoch 169] step 350 loss: 0.0598
[Epoch 169] step 360 loss: 0.0527
[Epoch 169] step 370 loss: 0.0477
[Epoch 169] step 380 loss: 0.0513
[Epoch 169] step 390 loss: 0.0565
[Epoch 169] step 400 loss: 0.0931
[Epoch 169] step 410 loss: 0.0497
[Epoch 169] step 420 loss: 0.0920
[Epoch 169] step 430 loss: 0.0092
[Epoch 169] step 440 loss: 0.0351
[Epoch 169] step 450 loss: 0.0391
[Epoch 169] step 460 loss: 0.1164
[Epoch 169] step 470 loss: 0.0254
[Epoch 169] step 480 loss: 0.0505
[Epoch 169] step 490 loss: 0.0360
[Epoch 169] step 500 loss: 0.0651
[Epoch 169] step 510 loss: 0.0355
[Epoch 169] step 520 loss: 0.0528
[Epoch 169] step 530 loss: 0.0521
[Epoch 169] step 540 loss: 0.0444
[Epoch 169] step 550 loss: 0.0424
[Epoch 169] step 560 loss: 0.0410
[Epoch 169] step 570 loss: 0.0708
[Epoch 169] step 580 loss: 0.0897
[Epoch 169] step 590 loss: 0.0220
[Epoch 169] step 600 loss: 0.0616
[Epoch 169] step 610 loss: 0.0287
[Epoch 169] step 620 loss: 0.0420
[Epoch 169] step 630 loss: 0.0244
[Epoch 169] step 640 loss: 0.0563
[Epoch 169] step 650 loss: 0.0263
[Epoch 169] step 660 loss: 0.0400
[Epoch 169] step 670 loss: 0.0202
[Epoch 169] step 680 loss: 0.0555
[Epoch 169] step 690 loss: 0.0675
[Epoch 169] step 700 loss: 0.0333
[Epoch 169] step 710 loss: 0.0176
[Epoch 169] step 720 loss: 0.0354
[Epoch 169] step 730 loss: 0.0559
[Epoch 169] step 740 loss: 0.0450
==== Epoch 169 avg loss: 0.0525 ====
[Epoch 170] step 0 loss: 0.1164
[Epoch 170] step 10 loss: 0.0253
[Epoch 170] step 20 loss: 0.0492
[Epoch 170] step 30 loss: 0.0326
[Epoch 170] step 40 loss: 0.0128
[Epoch 170] step 50 loss: 0.0139
[Epoch 170] step 60 loss: 0.0406
[Epoch 170] step 70 loss: 0.0570
[Epoch 170] step 80 loss: 0.0353
[Epoch 170] step 90 loss: 0.0789
[Epoch 170] step 100 loss: 0.1181
[Epoch 170] step 110 loss: 0.0244
[Epoch 170] step 120 loss: 0.0122
[Epoch 170] step 130 loss: 0.0440
[Epoch 170] step 140 loss: 0.0519
[Epoch 170] step 150 loss: 0.0365
[Epoch 170] step 160 loss: 0.0219
[Epoch 170] step 170 loss: 0.0516
[Epoch 170] step 180 loss: 0.0156
[Epoch 170] step 190 loss: 0.0603
[Epoch 170] step 200 loss: 0.0247
[Epoch 170] step 210 loss: 0.0130
[Epoch 170] step 220 loss: 0.0136
[Epoch 170] step 230 loss: 0.0364
[Epoch 170] step 240 loss: 0.0728
[Epoch 170] step 250 loss: 0.0486
[Epoch 170] step 260 loss: 0.0539
[Epoch 170] step 270 loss: 0.0232
[Epoch 170] step 280 loss: 0.0586
[Epoch 170] step 290 loss: 0.0482
[Epoch 170] step 300 loss: 0.0508
[Epoch 170] step 310 loss: 0.0241
[Epoch 170] step 320 loss: 0.0422
[Epoch 170] step 330 loss: 0.0415
[Epoch 170] step 340 loss: 0.0434
[Epoch 170] step 350 loss: 0.0303
[Epoch 170] step 360 loss: 0.0774
[Epoch 170] step 370 loss: 0.0891
[Epoch 170] step 380 loss: 0.0246
[Epoch 170] step 390 loss: 0.0233
[Epoch 170] step 400 loss: 0.0325
[Epoch 170] step 410 loss: 0.1025
[Epoch 170] step 420 loss: 0.0419
[Epoch 170] step 430 loss: 0.0502
[Epoch 170] step 440 loss: 0.0693
[Epoch 170] step 450 loss: 0.0473
[Epoch 170] step 460 loss: 0.0507
[Epoch 170] step 470 loss: 0.0252
[Epoch 170] step 480 loss: 0.0504
[Epoch 170] step 490 loss: 0.0521
[Epoch 170] step 500 loss: 0.1839
[Epoch 170] step 510 loss: 0.0939
[Epoch 170] step 520 loss: 0.0299
[Epoch 170] step 530 loss: 0.0243
[Epoch 170] step 540 loss: 0.0639
[Epoch 170] step 550 loss: 0.0318
[Epoch 170] step 560 loss: 0.0383
[Epoch 170] step 570 loss: 0.0347
[Epoch 170] step 580 loss: 0.0353
[Epoch 170] step 590 loss: 0.0308
[Epoch 170] step 600 loss: 0.0331
[Epoch 170] step 610 loss: 0.0429
[Epoch 170] step 620 loss: 0.0366
[Epoch 170] step 630 loss: 0.0295
[Epoch 170] step 640 loss: 0.0872
[Epoch 170] step 650 loss: 0.0777
[Epoch 170] step 660 loss: 0.0419
[Epoch 170] step 670 loss: 0.0278
[Epoch 170] step 680 loss: 0.0217
[Epoch 170] step 690 loss: 0.0318
[Epoch 170] step 700 loss: 0.0665
[Epoch 170] step 710 loss: 0.0454
[Epoch 170] step 720 loss: 0.0388
[Epoch 170] step 730 loss: 0.1058
[Epoch 170] step 740 loss: 0.0381
==== Epoch 170 avg loss: 0.0481 ====
[Epoch 171] step 0 loss: 0.0153
[Epoch 171] step 10 loss: 0.0188
[Epoch 171] step 20 loss: 0.0108
[Epoch 171] step 30 loss: 0.0295
[Epoch 171] step 40 loss: 0.0183
[Epoch 171] step 50 loss: 0.0676
[Epoch 171] step 60 loss: 0.2097
[Epoch 171] step 70 loss: 0.0219
[Epoch 171] step 80 loss: 0.0181
[Epoch 171] step 90 loss: 0.0298
[Epoch 171] step 100 loss: 0.0341
[Epoch 171] step 110 loss: 0.0287
[Epoch 171] step 120 loss: 0.0529
[Epoch 171] step 130 loss: 0.0725
[Epoch 171] step 140 loss: 0.0127
[Epoch 171] step 150 loss: 0.0398
[Epoch 171] step 160 loss: 0.0548
[Epoch 171] step 170 loss: 0.0474
[Epoch 171] step 180 loss: 0.0319
[Epoch 171] step 190 loss: 0.0356
[Epoch 171] step 200 loss: 0.0164
[Epoch 171] step 210 loss: 0.0812
[Epoch 171] step 220 loss: 0.0369
[Epoch 171] step 230 loss: 0.0366
[Epoch 171] step 240 loss: 0.0119
[Epoch 171] step 250 loss: 0.2449
[Epoch 171] step 260 loss: 0.0344
[Epoch 171] step 270 loss: 0.0238
[Epoch 171] step 280 loss: 0.0221
[Epoch 171] step 290 loss: 0.1007
[Epoch 171] step 300 loss: 0.0561
[Epoch 171] step 310 loss: 0.0324
[Epoch 171] step 320 loss: 0.0507
[Epoch 171] step 330 loss: 0.0917
[Epoch 171] step 340 loss: 0.0184
[Epoch 171] step 350 loss: 0.0368
[Epoch 171] step 360 loss: 0.0341
[Epoch 171] step 370 loss: 0.0642
[Epoch 171] step 380 loss: 0.0790
[Epoch 171] step 390 loss: 0.0691
[Epoch 171] step 400 loss: 0.0142
[Epoch 171] step 410 loss: 0.0266
[Epoch 171] step 420 loss: 0.0481
[Epoch 171] step 430 loss: 0.0179
[Epoch 171] step 440 loss: 0.0441
[Epoch 171] step 450 loss: 0.0285
[Epoch 171] step 460 loss: 0.0473
[Epoch 171] step 470 loss: 0.0413
[Epoch 171] step 480 loss: 0.0518
[Epoch 171] step 490 loss: 0.0792
[Epoch 171] step 500 loss: 0.1418
[Epoch 171] step 510 loss: 0.0368
[Epoch 171] step 520 loss: 0.0273
[Epoch 171] step 530 loss: 0.0883
[Epoch 171] step 540 loss: 0.0439
[Epoch 171] step 550 loss: 0.0451
[Epoch 171] step 560 loss: 0.1620
[Epoch 171] step 570 loss: 0.0227
[Epoch 171] step 580 loss: 0.0275
[Epoch 171] step 590 loss: 0.0261
[Epoch 171] step 600 loss: 0.0605
[Epoch 171] step 610 loss: 0.0278
[Epoch 171] step 620 loss: 0.0274
[Epoch 171] step 630 loss: 0.0094
[Epoch 171] step 640 loss: 0.0574
[Epoch 171] step 650 loss: 0.0341
[Epoch 171] step 660 loss: 0.0210
[Epoch 171] step 670 loss: 0.0466
[Epoch 171] step 680 loss: 0.0433
[Epoch 171] step 690 loss: 0.0289
[Epoch 171] step 700 loss: 0.0243
[Epoch 171] step 710 loss: 0.0399
[Epoch 171] step 720 loss: 0.0483
[Epoch 171] step 730 loss: 0.0437
[Epoch 171] step 740 loss: 0.0158
==== Epoch 171 avg loss: 0.0411 ====
[Epoch 172] step 0 loss: 0.0068
[Epoch 172] step 10 loss: 0.0254
[Epoch 172] step 20 loss: 0.0363
[Epoch 172] step 30 loss: 0.0253
[Epoch 172] step 40 loss: 0.0169
[Epoch 172] step 50 loss: 0.0378
[Epoch 172] step 60 loss: 0.0188
[Epoch 172] step 70 loss: 0.0158
[Epoch 172] step 80 loss: 0.0230
[Epoch 172] step 90 loss: 0.0217
[Epoch 172] step 100 loss: 0.0204
[Epoch 172] step 110 loss: 0.1874
[Epoch 172] step 120 loss: 0.0407
[Epoch 172] step 130 loss: 0.0190
[Epoch 172] step 140 loss: 0.0105
[Epoch 172] step 150 loss: 0.0089
[Epoch 172] step 160 loss: 0.0144
[Epoch 172] step 170 loss: 0.0161
[Epoch 172] step 180 loss: 0.0214
[Epoch 172] step 190 loss: 0.0143
[Epoch 172] step 200 loss: 0.0183
[Epoch 172] step 210 loss: 0.0153
[Epoch 172] step 220 loss: 0.0064
[Epoch 172] step 230 loss: 0.0171
[Epoch 172] step 240 loss: 0.0067
[Epoch 172] step 250 loss: 0.0241
[Epoch 172] step 260 loss: 0.0123
[Epoch 172] step 270 loss: 0.0163
[Epoch 172] step 280 loss: 0.0314
[Epoch 172] step 290 loss: 0.0173
[Epoch 172] step 300 loss: 0.0384
[Epoch 172] step 310 loss: 0.0319
[Epoch 172] step 320 loss: 0.0125
[Epoch 172] step 330 loss: 0.0349
[Epoch 172] step 340 loss: 0.0389
[Epoch 172] step 350 loss: 0.0317
[Epoch 172] step 360 loss: 0.0999
[Epoch 172] step 370 loss: 0.0720
[Epoch 172] step 380 loss: 0.0434
[Epoch 172] step 390 loss: 0.0206
[Epoch 172] step 400 loss: 0.0321
[Epoch 172] step 410 loss: 0.0692
[Epoch 172] step 420 loss: 0.0450
[Epoch 172] step 430 loss: 0.0199
[Epoch 172] step 440 loss: 0.0250
[Epoch 172] step 450 loss: 0.0468
[Epoch 172] step 460 loss: 0.0228
[Epoch 172] step 470 loss: 0.0105
[Epoch 172] step 480 loss: 0.0587
[Epoch 172] step 490 loss: 0.0151
[Epoch 172] step 500 loss: 0.0488
[Epoch 172] step 510 loss: 0.0991
[Epoch 172] step 520 loss: 0.0523
[Epoch 172] step 530 loss: 0.0296
[Epoch 172] step 540 loss: 0.0319
[Epoch 172] step 550 loss: 0.0097
[Epoch 172] step 560 loss: 0.0130
[Epoch 172] step 570 loss: 0.0349
[Epoch 172] step 580 loss: 0.0827
[Epoch 172] step 590 loss: 0.0200
[Epoch 172] step 600 loss: 0.0264
[Epoch 172] step 610 loss: 0.0265
[Epoch 172] step 620 loss: 0.0328
[Epoch 172] step 630 loss: 0.0629
[Epoch 172] step 640 loss: 0.0529
[Epoch 172] step 650 loss: 0.0789
[Epoch 172] step 660 loss: 0.0569
[Epoch 172] step 670 loss: 0.0162
[Epoch 172] step 680 loss: 0.0213
[Epoch 172] step 690 loss: 0.0339
[Epoch 172] step 700 loss: 0.0229
[Epoch 172] step 710 loss: 0.1011
[Epoch 172] step 720 loss: 0.0233
[Epoch 172] step 730 loss: 0.0386
[Epoch 172] step 740 loss: 0.0517
==== Epoch 172 avg loss: 0.0380 ====
[Epoch 173] step 0 loss: 0.0258
[Epoch 173] step 10 loss: 0.0368
[Epoch 173] step 20 loss: 0.0264
[Epoch 173] step 30 loss: 0.0198
[Epoch 173] step 40 loss: 0.0304
[Epoch 173] step 50 loss: 0.0299
[Epoch 173] step 60 loss: 0.1249
[Epoch 173] step 70 loss: 0.0291
[Epoch 173] step 80 loss: 0.0458
[Epoch 173] step 90 loss: 0.0167
[Epoch 173] step 100 loss: 0.0090
[Epoch 173] step 110 loss: 0.2070
[Epoch 173] step 120 loss: 0.0941
[Epoch 173] step 130 loss: 0.0737
[Epoch 173] step 140 loss: 0.0720
[Epoch 173] step 150 loss: 0.0380
[Epoch 173] step 160 loss: 0.0268
[Epoch 173] step 170 loss: 0.0139
[Epoch 173] step 180 loss: 0.0291
[Epoch 173] step 190 loss: 0.0324
[Epoch 173] step 200 loss: 0.0212
[Epoch 173] step 210 loss: 0.0727
[Epoch 173] step 220 loss: 0.1053
[Epoch 173] step 230 loss: 0.0294
[Epoch 173] step 240 loss: 0.0434
[Epoch 173] step 250 loss: 0.0412
[Epoch 173] step 260 loss: 0.0277
[Epoch 173] step 270 loss: 0.0724
[Epoch 173] step 280 loss: 0.0104
[Epoch 173] step 290 loss: 0.0311
[Epoch 173] step 300 loss: 0.0316
[Epoch 173] step 310 loss: 0.0337
[Epoch 173] step 320 loss: 0.0324
[Epoch 173] step 330 loss: 0.0337
[Epoch 173] step 340 loss: 0.0308
[Epoch 173] step 350 loss: 0.0339
[Epoch 173] step 360 loss: 0.0689
[Epoch 173] step 370 loss: 0.0305
[Epoch 173] step 380 loss: 0.0342
[Epoch 173] step 390 loss: 0.0488
[Epoch 173] step 400 loss: 0.0198
[Epoch 173] step 410 loss: 0.0703
[Epoch 173] step 420 loss: 0.0759
[Epoch 173] step 430 loss: 0.0366
[Epoch 173] step 440 loss: 0.0330
[Epoch 173] step 450 loss: 0.0608
[Epoch 173] step 460 loss: 0.0159
[Epoch 173] step 470 loss: 0.0204
[Epoch 173] step 480 loss: 0.0335
[Epoch 173] step 490 loss: 0.0161
[Epoch 173] step 500 loss: 0.0277
[Epoch 173] step 510 loss: 0.0454
[Epoch 173] step 520 loss: 0.0268
[Epoch 173] step 530 loss: 0.0525
[Epoch 173] step 540 loss: 0.0753
[Epoch 173] step 550 loss: 0.0289
[Epoch 173] step 560 loss: 0.0586
[Epoch 173] step 570 loss: 0.0543
[Epoch 173] step 580 loss: 0.0249
[Epoch 173] step 590 loss: 0.0559
[Epoch 173] step 600 loss: 0.1278
[Epoch 173] step 610 loss: 0.0491
[Epoch 173] step 620 loss: 0.0306
[Epoch 173] step 630 loss: 0.0688
[Epoch 173] step 640 loss: 0.0287
[Epoch 173] step 650 loss: 0.0686
[Epoch 173] step 660 loss: 0.0464
[Epoch 173] step 670 loss: 0.0525
[Epoch 173] step 680 loss: 0.0585
[Epoch 173] step 690 loss: 0.0262
[Epoch 173] step 700 loss: 0.0199
[Epoch 173] step 710 loss: 0.0208
[Epoch 173] step 720 loss: 0.1169
[Epoch 173] step 730 loss: 0.0481
[Epoch 173] step 740 loss: 0.0439
==== Epoch 173 avg loss: 0.0437 ====
[Epoch 174] step 0 loss: 0.0199
[Epoch 174] step 10 loss: 0.0118
[Epoch 174] step 20 loss: 0.0199
[Epoch 174] step 30 loss: 0.0232
[Epoch 174] step 40 loss: 0.0611
[Epoch 174] step 50 loss: 0.0493
[Epoch 174] step 60 loss: 0.0975
[Epoch 174] step 70 loss: 0.0235
[Epoch 174] step 80 loss: 0.1296
[Epoch 174] step 90 loss: 0.0491
[Epoch 174] step 100 loss: 0.0358
[Epoch 174] step 110 loss: 0.0600
[Epoch 174] step 120 loss: 0.0392
[Epoch 174] step 130 loss: 0.0305
[Epoch 174] step 140 loss: 0.0837
[Epoch 174] step 150 loss: 0.0740
[Epoch 174] step 160 loss: 0.0702
[Epoch 174] step 170 loss: 0.0233
[Epoch 174] step 180 loss: 0.0295
[Epoch 174] step 190 loss: 0.0249
[Epoch 174] step 200 loss: 0.0384
[Epoch 174] step 210 loss: 0.0400
[Epoch 174] step 220 loss: 0.0262
[Epoch 174] step 230 loss: 0.0680
[Epoch 174] step 240 loss: 0.0265
[Epoch 174] step 250 loss: 0.0449
[Epoch 174] step 260 loss: 0.0184
[Epoch 174] step 270 loss: 0.0220
[Epoch 174] step 280 loss: 0.0422
[Epoch 174] step 290 loss: 0.0293
[Epoch 174] step 300 loss: 0.0400
[Epoch 174] step 310 loss: 0.1050
[Epoch 174] step 320 loss: 0.0386
[Epoch 174] step 330 loss: 0.0283
[Epoch 174] step 340 loss: 0.0217
[Epoch 174] step 350 loss: 0.0121
[Epoch 174] step 360 loss: 0.0547
[Epoch 174] step 370 loss: 0.0345
[Epoch 174] step 380 loss: 0.0674
[Epoch 174] step 390 loss: 0.0178
[Epoch 174] step 400 loss: 0.0352
[Epoch 174] step 410 loss: 0.0232
[Epoch 174] step 420 loss: 0.0344
[Epoch 174] step 430 loss: 0.0495
[Epoch 174] step 440 loss: 0.0476
[Epoch 174] step 450 loss: 0.0577
[Epoch 174] step 460 loss: 0.0881
[Epoch 174] step 470 loss: 0.0743
[Epoch 174] step 480 loss: 0.0314
[Epoch 174] step 490 loss: 0.0668
[Epoch 174] step 500 loss: 0.0271
[Epoch 174] step 510 loss: 0.0792
[Epoch 174] step 520 loss: 0.1588
[Epoch 174] step 530 loss: 0.0319
[Epoch 174] step 540 loss: 0.0452
[Epoch 174] step 550 loss: 0.0323
[Epoch 174] step 560 loss: 0.0335
[Epoch 174] step 570 loss: 0.1792
[Epoch 174] step 580 loss: 0.0427
[Epoch 174] step 590 loss: 0.0507
[Epoch 174] step 600 loss: 0.0299
[Epoch 174] step 610 loss: 0.0233
[Epoch 174] step 620 loss: 0.1120
[Epoch 174] step 630 loss: 0.0464
[Epoch 174] step 640 loss: 0.0292
[Epoch 174] step 650 loss: 0.0691
[Epoch 174] step 660 loss: 0.0298
[Epoch 174] step 670 loss: 0.0600
[Epoch 174] step 680 loss: 0.0221
[Epoch 174] step 690 loss: 0.1323
[Epoch 174] step 700 loss: 0.0194
[Epoch 174] step 710 loss: 0.0372
[Epoch 174] step 720 loss: 0.0349
[Epoch 174] step 730 loss: 0.0928
[Epoch 174] step 740 loss: 0.0096
==== Epoch 174 avg loss: 0.0434 ====
[Epoch 175] step 0 loss: 0.0439
[Epoch 175] step 10 loss: 0.0199
[Epoch 175] step 20 loss: 0.0206
[Epoch 175] step 30 loss: 0.0259
[Epoch 175] step 40 loss: 0.0348
[Epoch 175] step 50 loss: 0.0536
[Epoch 175] step 60 loss: 0.0581
[Epoch 175] step 70 loss: 0.0391
[Epoch 175] step 80 loss: 0.1586
[Epoch 175] step 90 loss: 0.0178
[Epoch 175] step 100 loss: 0.0148
[Epoch 175] step 110 loss: 0.0126
[Epoch 175] step 120 loss: 0.0187
[Epoch 175] step 130 loss: 0.0271
[Epoch 175] step 140 loss: 0.0124
[Epoch 175] step 150 loss: 0.0154
[Epoch 175] step 160 loss: 0.0210
[Epoch 175] step 170 loss: 0.0035
[Epoch 175] step 180 loss: 0.0112
[Epoch 175] step 190 loss: 0.0258
[Epoch 175] step 200 loss: 0.0554
[Epoch 175] step 210 loss: 0.0199
[Epoch 175] step 220 loss: 0.0192
[Epoch 175] step 230 loss: 0.0237
[Epoch 175] step 240 loss: 0.0129
[Epoch 175] step 250 loss: 0.0162
[Epoch 175] step 260 loss: 0.0491
[Epoch 175] step 270 loss: 0.0514
[Epoch 175] step 280 loss: 0.0129
[Epoch 175] step 290 loss: 0.0339
[Epoch 175] step 300 loss: 0.0278
[Epoch 175] step 310 loss: 0.0112
[Epoch 175] step 320 loss: 0.0389
[Epoch 175] step 330 loss: 0.0057
[Epoch 175] step 340 loss: 0.0176
[Epoch 175] step 350 loss: 0.0087
[Epoch 175] step 360 loss: 0.0221
[Epoch 175] step 370 loss: 0.0092
[Epoch 175] step 380 loss: 0.0209
[Epoch 175] step 390 loss: 0.0210
[Epoch 175] step 400 loss: 0.0212
[Epoch 175] step 410 loss: 0.0205
[Epoch 175] step 420 loss: 0.0193
[Epoch 175] step 430 loss: 0.0151
[Epoch 175] step 440 loss: 0.0156
[Epoch 175] step 450 loss: 0.0183
[Epoch 175] step 460 loss: 0.0260
[Epoch 175] step 470 loss: 0.0117
[Epoch 175] step 480 loss: 0.0086
[Epoch 175] step 490 loss: 0.0376
[Epoch 175] step 500 loss: 0.0206
[Epoch 175] step 510 loss: 0.0232
[Epoch 175] step 520 loss: 0.0055
[Epoch 175] step 530 loss: 0.0304
[Epoch 175] step 540 loss: 0.0568
[Epoch 175] step 550 loss: 0.0527
[Epoch 175] step 560 loss: 0.0227
[Epoch 175] step 570 loss: 0.0156
[Epoch 175] step 580 loss: 0.0485
[Epoch 175] step 590 loss: 0.0425
[Epoch 175] step 600 loss: 0.0263
[Epoch 175] step 610 loss: 0.0164
[Epoch 175] step 620 loss: 0.0131
[Epoch 175] step 630 loss: 0.0101
[Epoch 175] step 640 loss: 0.0078
[Epoch 175] step 650 loss: 0.0231
[Epoch 175] step 660 loss: 0.0197
[Epoch 175] step 670 loss: 0.0639
[Epoch 175] step 680 loss: 0.0343
[Epoch 175] step 690 loss: 0.0382
[Epoch 175] step 700 loss: 0.0312
[Epoch 175] step 710 loss: 0.0406
[Epoch 175] step 720 loss: 0.0311
[Epoch 175] step 730 loss: 0.0208
[Epoch 175] step 740 loss: 0.0823
==== Epoch 175 avg loss: 0.0292 ====
[Epoch 176] step 0 loss: 0.0195
[Epoch 176] step 10 loss: 0.0221
[Epoch 176] step 20 loss: 0.0237
[Epoch 176] step 30 loss: 0.0257
[Epoch 176] step 40 loss: 0.0478
[Epoch 176] step 50 loss: 0.0344
[Epoch 176] step 60 loss: 0.0248
[Epoch 176] step 70 loss: 0.0660
[Epoch 176] step 80 loss: 0.0129
[Epoch 176] step 90 loss: 0.0371
[Epoch 176] step 100 loss: 0.0552
[Epoch 176] step 110 loss: 0.0196
[Epoch 176] step 120 loss: 0.0605
[Epoch 176] step 130 loss: 0.0134
[Epoch 176] step 140 loss: 0.0248
[Epoch 176] step 150 loss: 0.0209
[Epoch 176] step 160 loss: 0.0136
[Epoch 176] step 170 loss: 0.0115
[Epoch 176] step 180 loss: 0.0283
[Epoch 176] step 190 loss: 0.0270
[Epoch 176] step 200 loss: 0.0245
[Epoch 176] step 210 loss: 0.0599
[Epoch 176] step 220 loss: 0.0391
[Epoch 176] step 230 loss: 0.0146
[Epoch 176] step 240 loss: 0.0221
[Epoch 176] step 250 loss: 0.0442
[Epoch 176] step 260 loss: 0.0212
[Epoch 176] step 270 loss: 0.0566
[Epoch 176] step 280 loss: 0.0306
[Epoch 176] step 290 loss: 0.0840
[Epoch 176] step 300 loss: 0.0440
[Epoch 176] step 310 loss: 0.0228
[Epoch 176] step 320 loss: 0.0158
[Epoch 176] step 330 loss: 0.0328
[Epoch 176] step 340 loss: 0.0412
[Epoch 176] step 350 loss: 0.0493
[Epoch 176] step 360 loss: 0.0151
[Epoch 176] step 370 loss: 0.0382
[Epoch 176] step 380 loss: 0.0571
[Epoch 176] step 390 loss: 0.0683
[Epoch 176] step 400 loss: 0.0277
[Epoch 176] step 410 loss: 0.0226
[Epoch 176] step 420 loss: 0.0486
[Epoch 176] step 430 loss: 0.0455
[Epoch 176] step 440 loss: 0.0540
[Epoch 176] step 450 loss: 0.0350
[Epoch 176] step 460 loss: 0.0150
[Epoch 176] step 470 loss: 0.0635
[Epoch 176] step 480 loss: 0.0600
[Epoch 176] step 490 loss: 0.0166
[Epoch 176] step 500 loss: 0.0571
[Epoch 176] step 510 loss: 0.0335
[Epoch 176] step 520 loss: 0.0234
[Epoch 176] step 530 loss: 0.0309
[Epoch 176] step 540 loss: 0.0408
[Epoch 176] step 550 loss: 0.0253
[Epoch 176] step 560 loss: 0.0282
[Epoch 176] step 570 loss: 0.0380
[Epoch 176] step 580 loss: 0.0904
[Epoch 176] step 590 loss: 0.0535
[Epoch 176] step 600 loss: 0.0541
[Epoch 176] step 610 loss: 0.0418
[Epoch 176] step 620 loss: 0.0263
[Epoch 176] step 630 loss: 0.0499
[Epoch 176] step 640 loss: 0.0850
[Epoch 176] step 650 loss: 0.0593
[Epoch 176] step 660 loss: 0.0665
[Epoch 176] step 670 loss: 0.0827
[Epoch 176] step 680 loss: 0.0426
[Epoch 176] step 690 loss: 0.0302
[Epoch 176] step 700 loss: 0.0916
[Epoch 176] step 710 loss: 0.0993
[Epoch 176] step 720 loss: 0.0450
[Epoch 176] step 730 loss: 0.0560
[Epoch 176] step 740 loss: 0.0333
==== Epoch 176 avg loss: 0.0441 ====
[Epoch 177] step 0 loss: 0.0938
[Epoch 177] step 10 loss: 0.0708
[Epoch 177] step 20 loss: 0.0282
[Epoch 177] step 30 loss: 0.0203
[Epoch 177] step 40 loss: 0.0273
[Epoch 177] step 50 loss: 0.0356
[Epoch 177] step 60 loss: 0.1058
[Epoch 177] step 70 loss: 0.0185
[Epoch 177] step 80 loss: 0.0337
[Epoch 177] step 90 loss: 0.0674
[Epoch 177] step 100 loss: 0.0276
[Epoch 177] step 110 loss: 0.0302
[Epoch 177] step 120 loss: 0.0329
[Epoch 177] step 130 loss: 0.0404
[Epoch 177] step 140 loss: 0.0468
[Epoch 177] step 150 loss: 0.0289
[Epoch 177] step 160 loss: 0.0236
[Epoch 177] step 170 loss: 0.0659
[Epoch 177] step 180 loss: 0.0287
[Epoch 177] step 190 loss: 0.0650
[Epoch 177] step 200 loss: 0.0200
[Epoch 177] step 210 loss: 0.0493
[Epoch 177] step 220 loss: 0.0232
[Epoch 177] step 230 loss: 0.0399
[Epoch 177] step 240 loss: 0.0634
[Epoch 177] step 250 loss: 0.0891
[Epoch 177] step 260 loss: 0.0113
[Epoch 177] step 270 loss: 0.0216
[Epoch 177] step 280 loss: 0.0402
[Epoch 177] step 290 loss: 0.0567
[Epoch 177] step 300 loss: 0.0209
[Epoch 177] step 310 loss: 0.0576
[Epoch 177] step 320 loss: 0.0904
[Epoch 177] step 330 loss: 0.0223
[Epoch 177] step 340 loss: 0.0125
[Epoch 177] step 350 loss: 0.0364
[Epoch 177] step 360 loss: 0.0604
[Epoch 177] step 370 loss: 0.0549
[Epoch 177] step 380 loss: 0.0491
[Epoch 177] step 390 loss: 0.0628
[Epoch 177] step 400 loss: 0.0592
[Epoch 177] step 410 loss: 0.0259
[Epoch 177] step 420 loss: 0.0579
[Epoch 177] step 430 loss: 0.0494
[Epoch 177] step 440 loss: 0.0450
[Epoch 177] step 450 loss: 0.0582
[Epoch 177] step 460 loss: 0.0308
[Epoch 177] step 470 loss: 0.0405
[Epoch 177] step 480 loss: 0.0551
[Epoch 177] step 490 loss: 0.0436
[Epoch 177] step 500 loss: 0.0611
[Epoch 177] step 510 loss: 0.0499
[Epoch 177] step 520 loss: 0.0412
[Epoch 177] step 530 loss: 0.0434
[Epoch 177] step 540 loss: 0.0805
[Epoch 177] step 550 loss: 0.0193
[Epoch 177] step 560 loss: 0.0277
[Epoch 177] step 570 loss: 0.0255
[Epoch 177] step 580 loss: 0.0189
[Epoch 177] step 590 loss: 0.0397
[Epoch 177] step 600 loss: 0.0331
[Epoch 177] step 610 loss: 0.0392
[Epoch 177] step 620 loss: 0.0710
[Epoch 177] step 630 loss: 0.0136
[Epoch 177] step 640 loss: 0.0385
[Epoch 177] step 650 loss: 0.1835
[Epoch 177] step 660 loss: 0.0493
[Epoch 177] step 670 loss: 0.0376
[Epoch 177] step 680 loss: 0.0387
[Epoch 177] step 690 loss: 0.0757
[Epoch 177] step 700 loss: 0.0258
[Epoch 177] step 710 loss: 0.0431
[Epoch 177] step 720 loss: 0.1078
[Epoch 177] step 730 loss: 0.0249
[Epoch 177] step 740 loss: 0.0296
==== Epoch 177 avg loss: 0.0437 ====
[Epoch 178] step 0 loss: 0.0336
[Epoch 178] step 10 loss: 0.0176
[Epoch 178] step 20 loss: 0.1441
[Epoch 178] step 30 loss: 0.0295
[Epoch 178] step 40 loss: 0.0208
[Epoch 178] step 50 loss: 0.0416
[Epoch 178] step 60 loss: 0.0194
[Epoch 178] step 70 loss: 0.0146
[Epoch 178] step 80 loss: 0.0130
[Epoch 178] step 90 loss: 0.0173
[Epoch 178] step 100 loss: 0.0128
[Epoch 178] step 110 loss: 0.2354
[Epoch 178] step 120 loss: 0.0095
[Epoch 178] step 130 loss: 0.0186
[Epoch 178] step 140 loss: 0.0158
[Epoch 178] step 150 loss: 0.0385
[Epoch 178] step 160 loss: 0.0288
[Epoch 178] step 170 loss: 0.0901
[Epoch 178] step 180 loss: 0.0495
[Epoch 178] step 190 loss: 0.0626
[Epoch 178] step 200 loss: 0.0183
[Epoch 178] step 210 loss: 0.0182
[Epoch 178] step 220 loss: 0.2239
[Epoch 178] step 230 loss: 0.0548
[Epoch 178] step 240 loss: 0.0222
[Epoch 178] step 250 loss: 0.0110
[Epoch 178] step 260 loss: 0.0387
[Epoch 178] step 270 loss: 0.0775
[Epoch 178] step 280 loss: 0.0127
[Epoch 178] step 290 loss: 0.0313
[Epoch 178] step 300 loss: 0.0448
[Epoch 178] step 310 loss: 0.0172
[Epoch 178] step 320 loss: 0.0352
[Epoch 178] step 330 loss: 0.0659
[Epoch 178] step 340 loss: 0.0407
[Epoch 178] step 350 loss: 0.0316
[Epoch 178] step 360 loss: 0.0387
[Epoch 178] step 370 loss: 0.0364
[Epoch 178] step 380 loss: 0.0249
[Epoch 178] step 390 loss: 0.0362
[Epoch 178] step 400 loss: 0.0329
[Epoch 178] step 410 loss: 0.0396
[Epoch 178] step 420 loss: 0.0250
[Epoch 178] step 430 loss: 0.0543
[Epoch 178] step 440 loss: 0.0206
[Epoch 178] step 450 loss: 0.0126
[Epoch 178] step 460 loss: 0.0136
[Epoch 178] step 470 loss: 0.0476
[Epoch 178] step 480 loss: 0.0283
[Epoch 178] step 490 loss: 0.0475
[Epoch 178] step 500 loss: 0.0109
[Epoch 178] step 510 loss: 0.0321
[Epoch 178] step 520 loss: 0.0549
[Epoch 178] step 530 loss: 0.0174
[Epoch 178] step 540 loss: 0.0523
[Epoch 178] step 550 loss: 0.0098
[Epoch 178] step 560 loss: 0.0185
[Epoch 178] step 570 loss: 0.0490
[Epoch 178] step 580 loss: 0.0127
[Epoch 178] step 590 loss: 0.0282
[Epoch 178] step 600 loss: 0.0108
[Epoch 178] step 610 loss: 0.0209
[Epoch 178] step 620 loss: 0.0167
[Epoch 178] step 630 loss: 0.0775
[Epoch 178] step 640 loss: 0.0168
[Epoch 178] step 650 loss: 0.0175
[Epoch 178] step 660 loss: 0.0546
[Epoch 178] step 670 loss: 0.0104
[Epoch 178] step 680 loss: 0.0160
[Epoch 178] step 690 loss: 0.0305
[Epoch 178] step 700 loss: 0.0181
[Epoch 178] step 710 loss: 0.0193
[Epoch 178] step 720 loss: 0.1062
[Epoch 178] step 730 loss: 0.0942
[Epoch 178] step 740 loss: 0.0349
==== Epoch 178 avg loss: 0.0366 ====
[Epoch 179] step 0 loss: 0.0146
[Epoch 179] step 10 loss: 0.0172
[Epoch 179] step 20 loss: 0.0094
[Epoch 179] step 30 loss: 0.0333
[Epoch 179] step 40 loss: 0.0423
[Epoch 179] step 50 loss: 0.0159
[Epoch 179] step 60 loss: 0.0069
[Epoch 179] step 70 loss: 0.0439
[Epoch 179] step 80 loss: 0.0175
[Epoch 179] step 90 loss: 0.0113
[Epoch 179] step 100 loss: 0.0139
[Epoch 179] step 110 loss: 0.0092
[Epoch 179] step 120 loss: 0.0241
[Epoch 179] step 130 loss: 0.0304
[Epoch 179] step 140 loss: 0.0291
[Epoch 179] step 150 loss: 0.0366
[Epoch 179] step 160 loss: 0.0473
[Epoch 179] step 170 loss: 0.0170
[Epoch 179] step 180 loss: 0.0314
[Epoch 179] step 190 loss: 0.0202
[Epoch 179] step 200 loss: 0.0425
[Epoch 179] step 210 loss: 0.0381
[Epoch 179] step 220 loss: 0.0254
[Epoch 179] step 230 loss: 0.0129
[Epoch 179] step 240 loss: 0.0039
[Epoch 179] step 250 loss: 0.0108
[Epoch 179] step 260 loss: 0.0374
[Epoch 179] step 270 loss: 0.0338
[Epoch 179] step 280 loss: 0.0104
[Epoch 179] step 290 loss: 0.0205
[Epoch 179] step 300 loss: 0.0161
[Epoch 179] step 310 loss: 0.0221
[Epoch 179] step 320 loss: 0.0243
[Epoch 179] step 330 loss: 0.0492
[Epoch 179] step 340 loss: 0.0546
[Epoch 179] step 350 loss: 0.0153
[Epoch 179] step 360 loss: 0.0903
[Epoch 179] step 370 loss: 0.0175
[Epoch 179] step 380 loss: 0.0274
[Epoch 179] step 390 loss: 0.0170
[Epoch 179] step 400 loss: 0.0046
[Epoch 179] step 410 loss: 0.0056
[Epoch 179] step 420 loss: 0.0042
[Epoch 179] step 430 loss: 0.0292
[Epoch 179] step 440 loss: 0.0053
[Epoch 179] step 450 loss: 0.0036
[Epoch 179] step 460 loss: 0.0705
[Epoch 179] step 470 loss: 0.0111
[Epoch 179] step 480 loss: 0.0225
[Epoch 179] step 490 loss: 0.0364
[Epoch 179] step 500 loss: 0.0164
[Epoch 179] step 510 loss: 0.0049
[Epoch 179] step 520 loss: 0.0203
[Epoch 179] step 530 loss: 0.0224
[Epoch 179] step 540 loss: 0.0279
[Epoch 179] step 550 loss: 0.0260
[Epoch 179] step 560 loss: 0.0218
[Epoch 179] step 570 loss: 0.0132
[Epoch 179] step 580 loss: 0.0138
[Epoch 179] step 590 loss: 0.0097
[Epoch 179] step 600 loss: 0.0982
[Epoch 179] step 610 loss: 0.0136
[Epoch 179] step 620 loss: 0.0207
[Epoch 179] step 630 loss: 0.0131
[Epoch 179] step 640 loss: 0.0130
[Epoch 179] step 650 loss: 0.0285
[Epoch 179] step 660 loss: 0.0204
[Epoch 179] step 670 loss: 0.0818
[Epoch 179] step 680 loss: 0.0493
[Epoch 179] step 690 loss: 0.0199
[Epoch 179] step 700 loss: 0.0077
[Epoch 179] step 710 loss: 0.0443
[Epoch 179] step 720 loss: 0.0440
[Epoch 179] step 730 loss: 0.0350
[Epoch 179] step 740 loss: 0.0065
==== Epoch 179 avg loss: 0.0258 ====
[Epoch 180] step 0 loss: 0.0097
[Epoch 180] step 10 loss: 0.0315
[Epoch 180] step 20 loss: 0.0058
[Epoch 180] step 30 loss: 0.0141
[Epoch 180] step 40 loss: 0.0346
[Epoch 180] step 50 loss: 0.0300
[Epoch 180] step 60 loss: 0.0062
[Epoch 180] step 70 loss: 0.0217
[Epoch 180] step 80 loss: 0.0522
[Epoch 180] step 90 loss: 0.0108
[Epoch 180] step 100 loss: 0.0133
[Epoch 180] step 110 loss: 0.0250
[Epoch 180] step 120 loss: 0.0096
[Epoch 180] step 130 loss: 0.0051
[Epoch 180] step 140 loss: 0.0189
[Epoch 180] step 150 loss: 0.0092
[Epoch 180] step 160 loss: 0.0078
[Epoch 180] step 170 loss: 0.0188
[Epoch 180] step 180 loss: 0.0155
[Epoch 180] step 190 loss: 0.0155
[Epoch 180] step 200 loss: 0.0200
[Epoch 180] step 210 loss: 0.0329
[Epoch 180] step 220 loss: 0.0174
[Epoch 180] step 230 loss: 0.0098
[Epoch 180] step 240 loss: 0.0219
[Epoch 180] step 250 loss: 0.0105
[Epoch 180] step 260 loss: 0.0145
[Epoch 180] step 270 loss: 0.0091
[Epoch 180] step 280 loss: 0.0133
[Epoch 180] step 290 loss: 0.0074
[Epoch 180] step 300 loss: 0.0449
[Epoch 180] step 310 loss: 0.0058
[Epoch 180] step 320 loss: 0.0151
[Epoch 180] step 330 loss: 0.0183
[Epoch 180] step 340 loss: 0.0201
[Epoch 180] step 350 loss: 0.0234
[Epoch 180] step 360 loss: 0.0182
[Epoch 180] step 370 loss: 0.0157
[Epoch 180] step 380 loss: 0.0234
[Epoch 180] step 390 loss: 0.0140
[Epoch 180] step 400 loss: 0.0127
[Epoch 180] step 410 loss: 0.0102
[Epoch 180] step 420 loss: 0.0368
[Epoch 180] step 430 loss: 0.0060
[Epoch 180] step 440 loss: 0.0070
[Epoch 180] step 450 loss: 0.0217
[Epoch 180] step 460 loss: 0.0337
[Epoch 180] step 470 loss: 0.0630
[Epoch 180] step 480 loss: 0.0309
[Epoch 180] step 490 loss: 0.0284
[Epoch 180] step 500 loss: 0.0320
[Epoch 180] step 510 loss: 0.0118
[Epoch 180] step 520 loss: 0.0516
[Epoch 180] step 530 loss: 0.0318
[Epoch 180] step 540 loss: 0.0473
[Epoch 180] step 550 loss: 0.0263
[Epoch 180] step 560 loss: 0.0160
[Epoch 180] step 570 loss: 0.0181
[Epoch 180] step 580 loss: 0.0107
[Epoch 180] step 590 loss: 0.0480
[Epoch 180] step 600 loss: 0.0400
[Epoch 180] step 610 loss: 0.0284
[Epoch 180] step 620 loss: 0.0135
[Epoch 180] step 630 loss: 0.0368
[Epoch 180] step 640 loss: 0.0186
[Epoch 180] step 650 loss: 0.0058
[Epoch 180] step 660 loss: 0.0083
[Epoch 180] step 670 loss: 0.0501
[Epoch 180] step 680 loss: 0.0163
[Epoch 180] step 690 loss: 0.0071
[Epoch 180] step 700 loss: 0.0187
[Epoch 180] step 710 loss: 0.0320
[Epoch 180] step 720 loss: 0.0096
[Epoch 180] step 730 loss: 0.0288
[Epoch 180] step 740 loss: 0.0431
==== Epoch 180 avg loss: 0.0265 ====
[Epoch 181] step 0 loss: 0.0345
[Epoch 181] step 10 loss: 0.0078
[Epoch 181] step 20 loss: 0.0360
[Epoch 181] step 30 loss: 0.0125
[Epoch 181] step 40 loss: 0.0065
[Epoch 181] step 50 loss: 0.0171
[Epoch 181] step 60 loss: 0.0076
[Epoch 181] step 70 loss: 0.0090
[Epoch 181] step 80 loss: 0.0098
[Epoch 181] step 90 loss: 0.0145
[Epoch 181] step 100 loss: 0.0306
[Epoch 181] step 110 loss: 0.0227
[Epoch 181] step 120 loss: 0.0230
[Epoch 181] step 130 loss: 0.0349
[Epoch 181] step 140 loss: 0.0176
[Epoch 181] step 150 loss: 0.0121
[Epoch 181] step 160 loss: 0.0107
[Epoch 181] step 170 loss: 0.0292
[Epoch 181] step 180 loss: 0.0115
[Epoch 181] step 190 loss: 0.0342
[Epoch 181] step 200 loss: 0.0153
[Epoch 181] step 210 loss: 0.0231
[Epoch 181] step 220 loss: 0.0312
[Epoch 181] step 230 loss: 0.0228
[Epoch 181] step 240 loss: 0.0042
[Epoch 181] step 250 loss: 0.0318
[Epoch 181] step 260 loss: 0.1575
[Epoch 181] step 270 loss: 0.0207
[Epoch 181] step 280 loss: 0.0232
[Epoch 181] step 290 loss: 0.0129
[Epoch 181] step 300 loss: 0.0150
[Epoch 181] step 310 loss: 0.0248
[Epoch 181] step 320 loss: 0.0304
[Epoch 181] step 330 loss: 0.0454
[Epoch 181] step 340 loss: 0.0308
[Epoch 181] step 350 loss: 0.0124
[Epoch 181] step 360 loss: 0.0447
[Epoch 181] step 370 loss: 0.0048
[Epoch 181] step 380 loss: 0.0079
[Epoch 181] step 390 loss: 0.0184
[Epoch 181] step 400 loss: 0.0212
[Epoch 181] step 410 loss: 0.0066
[Epoch 181] step 420 loss: 0.0134
[Epoch 181] step 430 loss: 0.0167
[Epoch 181] step 440 loss: 0.0132
[Epoch 181] step 450 loss: 0.0147
[Epoch 181] step 460 loss: 0.0206
[Epoch 181] step 470 loss: 0.0184
[Epoch 181] step 480 loss: 0.0452
[Epoch 181] step 490 loss: 0.0229
[Epoch 181] step 500 loss: 0.0338
[Epoch 181] step 510 loss: 0.0316
[Epoch 181] step 520 loss: 0.0639
[Epoch 181] step 530 loss: 0.0538
[Epoch 181] step 540 loss: 0.0317
[Epoch 181] step 550 loss: 0.0418
[Epoch 181] step 560 loss: 0.0479
[Epoch 181] step 570 loss: 0.0225
[Epoch 181] step 580 loss: 0.0181
[Epoch 181] step 590 loss: 0.0322
[Epoch 181] step 600 loss: 0.0655
[Epoch 181] step 610 loss: 0.0327
[Epoch 181] step 620 loss: 0.0205
[Epoch 181] step 630 loss: 0.0625
[Epoch 181] step 640 loss: 0.0261
[Epoch 181] step 650 loss: 0.0284
[Epoch 181] step 660 loss: 0.0239
[Epoch 181] step 670 loss: 0.0195
[Epoch 181] step 680 loss: 0.0247
[Epoch 181] step 690 loss: 0.0153
[Epoch 181] step 700 loss: 0.0100
[Epoch 181] step 710 loss: 0.0067
[Epoch 181] step 720 loss: 0.0506
[Epoch 181] step 730 loss: 0.0149
[Epoch 181] step 740 loss: 0.0191
==== Epoch 181 avg loss: 0.0270 ====
[Epoch 182] step 0 loss: 0.0097
[Epoch 182] step 10 loss: 0.0040
[Epoch 182] step 20 loss: 0.0255
[Epoch 182] step 30 loss: 0.0099
[Epoch 182] step 40 loss: 0.0202
[Epoch 182] step 50 loss: 0.0214
[Epoch 182] step 60 loss: 0.0116
[Epoch 182] step 70 loss: 0.0113
[Epoch 182] step 80 loss: 0.0127
[Epoch 182] step 90 loss: 0.0084
[Epoch 182] step 100 loss: 0.0406
[Epoch 182] step 110 loss: 0.0045
[Epoch 182] step 120 loss: 0.0116
[Epoch 182] step 130 loss: 0.0077
[Epoch 182] step 140 loss: 0.0049
[Epoch 182] step 150 loss: 0.0179
[Epoch 182] step 160 loss: 0.0137
[Epoch 182] step 170 loss: 0.0309
[Epoch 182] step 180 loss: 0.0512
[Epoch 182] step 190 loss: 0.0197
[Epoch 182] step 200 loss: 0.0070
[Epoch 182] step 210 loss: 0.0091
[Epoch 182] step 220 loss: 0.0052
[Epoch 182] step 230 loss: 0.0421
[Epoch 182] step 240 loss: 0.0061
[Epoch 182] step 250 loss: 0.0310
[Epoch 182] step 260 loss: 0.0223
[Epoch 182] step 270 loss: 0.0156
[Epoch 182] step 280 loss: 0.0260
[Epoch 182] step 290 loss: 0.0479
[Epoch 182] step 300 loss: 0.0051
[Epoch 182] step 310 loss: 0.0390
[Epoch 182] step 320 loss: 0.0062
[Epoch 182] step 330 loss: 0.0092
[Epoch 182] step 340 loss: 0.0072
[Epoch 182] step 350 loss: 0.0231
[Epoch 182] step 360 loss: 0.0123
[Epoch 182] step 370 loss: 0.0175
[Epoch 182] step 380 loss: 0.0149
[Epoch 182] step 390 loss: 0.0105
[Epoch 182] step 400 loss: 0.0073
[Epoch 182] step 410 loss: 0.0234
[Epoch 182] step 420 loss: 0.0659
[Epoch 182] step 430 loss: 0.0218
[Epoch 182] step 440 loss: 0.0196
[Epoch 182] step 450 loss: 0.0083
[Epoch 182] step 460 loss: 0.0312
[Epoch 182] step 470 loss: 0.0137
[Epoch 182] step 480 loss: 0.0188
[Epoch 182] step 490 loss: 0.0928
[Epoch 182] step 500 loss: 0.0207
[Epoch 182] step 510 loss: 0.0172
[Epoch 182] step 520 loss: 0.0476
[Epoch 182] step 530 loss: 0.0242
[Epoch 182] step 540 loss: 0.0484
[Epoch 182] step 550 loss: 0.0125
[Epoch 182] step 560 loss: 0.0573
[Epoch 182] step 570 loss: 0.0272
[Epoch 182] step 580 loss: 0.0261
[Epoch 182] step 590 loss: 0.0460
[Epoch 182] step 600 loss: 0.0080
[Epoch 182] step 610 loss: 0.0104
[Epoch 182] step 620 loss: 0.1140
[Epoch 182] step 630 loss: 0.0288
[Epoch 182] step 640 loss: 0.0221
[Epoch 182] step 650 loss: 0.0611
[Epoch 182] step 660 loss: 0.0366
[Epoch 182] step 670 loss: 0.0185
[Epoch 182] step 680 loss: 0.0672
[Epoch 182] step 690 loss: 0.0154
[Epoch 182] step 700 loss: 0.0418
[Epoch 182] step 710 loss: 0.0089
[Epoch 182] step 720 loss: 0.0514
[Epoch 182] step 730 loss: 0.0611
[Epoch 182] step 740 loss: 0.0272
==== Epoch 182 avg loss: 0.0291 ====
[Epoch 183] step 0 loss: 0.0457
[Epoch 183] step 10 loss: 0.0062
[Epoch 183] step 20 loss: 0.0306
[Epoch 183] step 30 loss: 0.0183
[Epoch 183] step 40 loss: 0.0179
[Epoch 183] step 50 loss: 0.0549
[Epoch 183] step 60 loss: 0.0164
[Epoch 183] step 70 loss: 0.0496
[Epoch 183] step 80 loss: 0.0226
[Epoch 183] step 90 loss: 0.0148
[Epoch 183] step 100 loss: 0.0124
[Epoch 183] step 110 loss: 0.0160
[Epoch 183] step 120 loss: 0.0127
[Epoch 183] step 130 loss: 0.0429
[Epoch 183] step 140 loss: 0.0620
[Epoch 183] step 150 loss: 0.0145
[Epoch 183] step 160 loss: 0.0276
[Epoch 183] step 170 loss: 0.0762
[Epoch 183] step 180 loss: 0.0151
[Epoch 183] step 190 loss: 0.0207
[Epoch 183] step 200 loss: 0.0092
[Epoch 183] step 210 loss: 0.0287
[Epoch 183] step 220 loss: 0.0292
[Epoch 183] step 230 loss: 0.0074
[Epoch 183] step 240 loss: 0.0180
[Epoch 183] step 250 loss: 0.0132
[Epoch 183] step 260 loss: 0.0574
[Epoch 183] step 270 loss: 0.0352
[Epoch 183] step 280 loss: 0.0149
[Epoch 183] step 290 loss: 0.0537
[Epoch 183] step 300 loss: 0.0283
[Epoch 183] step 310 loss: 0.0067
[Epoch 183] step 320 loss: 0.0251
[Epoch 183] step 330 loss: 0.0315
[Epoch 183] step 340 loss: 0.1186
[Epoch 183] step 350 loss: 0.0281
[Epoch 183] step 360 loss: 0.0642
[Epoch 183] step 370 loss: 0.0141
[Epoch 183] step 380 loss: 0.0513
[Epoch 183] step 390 loss: 0.0286
[Epoch 183] step 400 loss: 0.0829
[Epoch 183] step 410 loss: 0.0651
[Epoch 183] step 420 loss: 0.0718
[Epoch 183] step 430 loss: 0.0409
[Epoch 183] step 440 loss: 0.0465
[Epoch 183] step 450 loss: 0.0397
[Epoch 183] step 460 loss: 0.0384
[Epoch 183] step 470 loss: 0.0858
[Epoch 183] step 480 loss: 0.0601
[Epoch 183] step 490 loss: 0.0706
[Epoch 183] step 500 loss: 0.0339
[Epoch 183] step 510 loss: 0.0239
[Epoch 183] step 520 loss: 0.0299
[Epoch 183] step 530 loss: 0.0744
[Epoch 183] step 540 loss: 0.1062
[Epoch 183] step 550 loss: 0.0586
[Epoch 183] step 560 loss: 0.0222
[Epoch 183] step 570 loss: 0.0576
[Epoch 183] step 580 loss: 0.0233
[Epoch 183] step 590 loss: 0.0475
[Epoch 183] step 600 loss: 0.0391
[Epoch 183] step 610 loss: 0.0694
[Epoch 183] step 620 loss: 0.0355
[Epoch 183] step 630 loss: 0.0136
[Epoch 183] step 640 loss: 0.0255
[Epoch 183] step 650 loss: 0.0412
[Epoch 183] step 660 loss: 0.0520
[Epoch 183] step 670 loss: 0.0512
[Epoch 183] step 680 loss: 0.1231
[Epoch 183] step 690 loss: 0.0826
[Epoch 183] step 700 loss: 0.0402
[Epoch 183] step 710 loss: 0.0980
[Epoch 183] step 720 loss: 0.0394
[Epoch 183] step 730 loss: 0.0251
[Epoch 183] step 740 loss: 0.0492
==== Epoch 183 avg loss: 0.0429 ====
[Epoch 184] step 0 loss: 0.0668
[Epoch 184] step 10 loss: 0.0815
[Epoch 184] step 20 loss: 0.0724
[Epoch 184] step 30 loss: 0.0260
[Epoch 184] step 40 loss: 0.1195
[Epoch 184] step 50 loss: 0.0290
[Epoch 184] step 60 loss: 0.0562
[Epoch 184] step 70 loss: 0.0574
[Epoch 184] step 80 loss: 0.0433
[Epoch 184] step 90 loss: 0.0609
[Epoch 184] step 100 loss: 0.0527
[Epoch 184] step 110 loss: 0.0735
[Epoch 184] step 120 loss: 0.0766
[Epoch 184] step 130 loss: 0.0748
[Epoch 184] step 140 loss: 0.0258
[Epoch 184] step 150 loss: 0.0659
[Epoch 184] step 160 loss: 0.0445
[Epoch 184] step 170 loss: 0.0334
[Epoch 184] step 180 loss: 0.0323
[Epoch 184] step 190 loss: 0.0477
[Epoch 184] step 200 loss: 0.0507
[Epoch 184] step 210 loss: 0.0545
[Epoch 184] step 220 loss: 0.0199
[Epoch 184] step 230 loss: 0.0579
[Epoch 184] step 240 loss: 0.0318
[Epoch 184] step 250 loss: 0.0293
[Epoch 184] step 260 loss: 0.0359
[Epoch 184] step 270 loss: 0.0311
[Epoch 184] step 280 loss: 0.0168
[Epoch 184] step 290 loss: 0.0400
[Epoch 184] step 300 loss: 0.0408
[Epoch 184] step 310 loss: 0.0942
[Epoch 184] step 320 loss: 0.1158
[Epoch 184] step 330 loss: 0.2714
[Epoch 184] step 340 loss: 0.0278
[Epoch 184] step 350 loss: 0.0502
[Epoch 184] step 360 loss: 0.0443
[Epoch 184] step 370 loss: 0.1072
[Epoch 184] step 380 loss: 0.0720
[Epoch 184] step 390 loss: 0.0749
[Epoch 184] step 400 loss: 0.0152
[Epoch 184] step 410 loss: 0.0297
[Epoch 184] step 420 loss: 0.0465
[Epoch 184] step 430 loss: 0.0207
[Epoch 184] step 440 loss: 0.0382
[Epoch 184] step 450 loss: 0.1160
[Epoch 184] step 460 loss: 0.0593
[Epoch 184] step 470 loss: 0.0216
[Epoch 184] step 480 loss: 0.0607
[Epoch 184] step 490 loss: 0.0358
[Epoch 184] step 500 loss: 0.0100
[Epoch 184] step 510 loss: 0.0192
[Epoch 184] step 520 loss: 0.1021
[Epoch 184] step 530 loss: 0.0674
[Epoch 184] step 540 loss: 0.0613
[Epoch 184] step 550 loss: 0.0206
[Epoch 184] step 560 loss: 0.0560
[Epoch 184] step 570 loss: 0.0999
[Epoch 184] step 580 loss: 0.0548
[Epoch 184] step 590 loss: 0.0434
[Epoch 184] step 600 loss: 0.0987
[Epoch 184] step 610 loss: 0.0283
[Epoch 184] step 620 loss: 0.0435
[Epoch 184] step 630 loss: 0.0123
[Epoch 184] step 640 loss: 0.0921
[Epoch 184] step 650 loss: 0.0237
[Epoch 184] step 660 loss: 0.0440
[Epoch 184] step 670 loss: 0.0286
[Epoch 184] step 680 loss: 0.0665
[Epoch 184] step 690 loss: 0.0163
[Epoch 184] step 700 loss: 0.0466
[Epoch 184] step 710 loss: 0.1024
[Epoch 184] step 720 loss: 0.0620
[Epoch 184] step 730 loss: 0.0595
[Epoch 184] step 740 loss: 0.0272
==== Epoch 184 avg loss: 0.0476 ====
[Epoch 185] step 0 loss: 0.0295
[Epoch 185] step 10 loss: 0.0219
[Epoch 185] step 20 loss: 0.0264
[Epoch 185] step 30 loss: 0.0208
[Epoch 185] step 40 loss: 0.0348
[Epoch 185] step 50 loss: 0.0474
[Epoch 185] step 60 loss: 0.0323
[Epoch 185] step 70 loss: 0.0334
[Epoch 185] step 80 loss: 0.0343
[Epoch 185] step 90 loss: 0.0546
[Epoch 185] step 100 loss: 0.0434
[Epoch 185] step 110 loss: 0.0225
[Epoch 185] step 120 loss: 0.0229
[Epoch 185] step 130 loss: 0.0088
[Epoch 185] step 140 loss: 0.0374
[Epoch 185] step 150 loss: 0.0179
[Epoch 185] step 160 loss: 0.0161
[Epoch 185] step 170 loss: 0.0408
[Epoch 185] step 180 loss: 0.0247
[Epoch 185] step 190 loss: 0.0576
[Epoch 185] step 200 loss: 0.0268
[Epoch 185] step 210 loss: 0.1389
[Epoch 185] step 220 loss: 0.0684
[Epoch 185] step 230 loss: 0.0491
[Epoch 185] step 240 loss: 0.0317
[Epoch 185] step 250 loss: 0.0531
[Epoch 185] step 260 loss: 0.0306
[Epoch 185] step 270 loss: 0.0330
[Epoch 185] step 280 loss: 0.0475
[Epoch 185] step 290 loss: 0.0226
[Epoch 185] step 300 loss: 0.0287
[Epoch 185] step 310 loss: 0.0091
[Epoch 185] step 320 loss: 0.0196
[Epoch 185] step 330 loss: 0.0542
[Epoch 185] step 340 loss: 0.0300
[Epoch 185] step 350 loss: 0.0220
[Epoch 185] step 360 loss: 0.0378
[Epoch 185] step 370 loss: 0.0327
[Epoch 185] step 380 loss: 0.0670
[Epoch 185] step 390 loss: 0.0985
[Epoch 185] step 400 loss: 0.0306
[Epoch 185] step 410 loss: 0.0199
[Epoch 185] step 420 loss: 0.0470
[Epoch 185] step 430 loss: 0.0574
[Epoch 185] step 440 loss: 0.0746
[Epoch 185] step 450 loss: 0.0765
[Epoch 185] step 460 loss: 0.0262
[Epoch 185] step 470 loss: 0.0317
[Epoch 185] step 480 loss: 0.0178
[Epoch 185] step 490 loss: 0.0357
[Epoch 185] step 500 loss: 0.0331
[Epoch 185] step 510 loss: 0.0362
[Epoch 185] step 520 loss: 0.0037
[Epoch 185] step 530 loss: 0.0423
[Epoch 185] step 540 loss: 0.0327
[Epoch 185] step 550 loss: 0.1635
[Epoch 185] step 560 loss: 0.0253
[Epoch 185] step 570 loss: 0.0168
[Epoch 185] step 580 loss: 0.0724
[Epoch 185] step 590 loss: 0.0573
[Epoch 185] step 600 loss: 0.0232
[Epoch 185] step 610 loss: 0.0788
[Epoch 185] step 620 loss: 0.0376
[Epoch 185] step 630 loss: 0.0375
[Epoch 185] step 640 loss: 0.0467
[Epoch 185] step 650 loss: 0.0416
[Epoch 185] step 660 loss: 0.0390
[Epoch 185] step 670 loss: 0.0222
[Epoch 185] step 680 loss: 0.0284
[Epoch 185] step 690 loss: 0.0136
[Epoch 185] step 700 loss: 0.0649
[Epoch 185] step 710 loss: 0.0303
[Epoch 185] step 720 loss: 0.0502
[Epoch 185] step 730 loss: 0.0390
[Epoch 185] step 740 loss: 0.0734
==== Epoch 185 avg loss: 0.0420 ====
[Epoch 186] step 0 loss: 0.0319
[Epoch 186] step 10 loss: 0.0116
[Epoch 186] step 20 loss: 0.0170
[Epoch 186] step 30 loss: 0.0425
[Epoch 186] step 40 loss: 0.0544
[Epoch 186] step 50 loss: 0.1040
[Epoch 186] step 60 loss: 0.0488
[Epoch 186] step 70 loss: 0.0186
[Epoch 186] step 80 loss: 0.0334
[Epoch 186] step 90 loss: 0.0319
[Epoch 186] step 100 loss: 0.0248
[Epoch 186] step 110 loss: 0.0376
[Epoch 186] step 120 loss: 0.0107
[Epoch 186] step 130 loss: 0.0544
[Epoch 186] step 140 loss: 0.0162
[Epoch 186] step 150 loss: 0.0835
[Epoch 186] step 160 loss: 0.0266
[Epoch 186] step 170 loss: 0.0182
[Epoch 186] step 180 loss: 0.0689
[Epoch 186] step 190 loss: 0.0173
[Epoch 186] step 200 loss: 0.0175
[Epoch 186] step 210 loss: 0.0159
[Epoch 186] step 220 loss: 0.0519
[Epoch 186] step 230 loss: 0.0029
[Epoch 186] step 240 loss: 0.0144
[Epoch 186] step 250 loss: 0.0519
[Epoch 186] step 260 loss: 0.0206
[Epoch 186] step 270 loss: 0.0365
[Epoch 186] step 280 loss: 0.0384
[Epoch 186] step 290 loss: 0.0301
[Epoch 186] step 300 loss: 0.0363
[Epoch 186] step 310 loss: 0.0114
[Epoch 186] step 320 loss: 0.0184
[Epoch 186] step 330 loss: 0.0286
[Epoch 186] step 340 loss: 0.0109
[Epoch 186] step 350 loss: 0.0119
[Epoch 186] step 360 loss: 0.0126
[Epoch 186] step 370 loss: 0.0081
[Epoch 186] step 380 loss: 0.0729
[Epoch 186] step 390 loss: 0.0049
[Epoch 186] step 400 loss: 0.0261
[Epoch 186] step 410 loss: 0.0713
[Epoch 186] step 420 loss: 0.0228
[Epoch 186] step 430 loss: 0.0113
[Epoch 186] step 440 loss: 0.0214
[Epoch 186] step 450 loss: 0.0207
[Epoch 186] step 460 loss: 0.0048
[Epoch 186] step 470 loss: 0.0326
[Epoch 186] step 480 loss: 0.0167
[Epoch 186] step 490 loss: 0.0297
[Epoch 186] step 500 loss: 0.1576
[Epoch 186] step 510 loss: 0.0061
[Epoch 186] step 520 loss: 0.0110
[Epoch 186] step 530 loss: 0.0177
[Epoch 186] step 540 loss: 0.0032
[Epoch 186] step 550 loss: 0.0104
[Epoch 186] step 560 loss: 0.0206
[Epoch 186] step 570 loss: 0.0152
[Epoch 186] step 580 loss: 0.0246
[Epoch 186] step 590 loss: 0.0173
[Epoch 186] step 600 loss: 0.0136
[Epoch 186] step 610 loss: 0.0132
[Epoch 186] step 620 loss: 0.0287
[Epoch 186] step 630 loss: 0.0105
[Epoch 186] step 640 loss: 0.0446
[Epoch 186] step 650 loss: 0.0318
[Epoch 186] step 660 loss: 0.0673
[Epoch 186] step 670 loss: 0.0029
[Epoch 186] step 680 loss: 0.0157
[Epoch 186] step 690 loss: 0.0234
[Epoch 186] step 700 loss: 0.0258
[Epoch 186] step 710 loss: 0.0423
[Epoch 186] step 720 loss: 0.0119
[Epoch 186] step 730 loss: 0.0349
[Epoch 186] step 740 loss: 0.0257
==== Epoch 186 avg loss: 0.0293 ====
[Epoch 187] step 0 loss: 0.0111
[Epoch 187] step 10 loss: 0.0193
[Epoch 187] step 20 loss: 0.0249
[Epoch 187] step 30 loss: 0.0099
[Epoch 187] step 40 loss: 0.0150
[Epoch 187] step 50 loss: 0.0240
[Epoch 187] step 60 loss: 0.0270
[Epoch 187] step 70 loss: 0.0406
[Epoch 187] step 80 loss: 0.0143
[Epoch 187] step 90 loss: 0.0261
[Epoch 187] step 100 loss: 0.0096
[Epoch 187] step 110 loss: 0.0200
[Epoch 187] step 120 loss: 0.0369
[Epoch 187] step 130 loss: 0.0164
[Epoch 187] step 140 loss: 0.0441
[Epoch 187] step 150 loss: 0.0464
[Epoch 187] step 160 loss: 0.0075
[Epoch 187] step 170 loss: 0.0188
[Epoch 187] step 180 loss: 0.0274
[Epoch 187] step 190 loss: 0.0247
[Epoch 187] step 200 loss: 0.0720
[Epoch 187] step 210 loss: 0.0449
[Epoch 187] step 220 loss: 0.0185
[Epoch 187] step 230 loss: 0.0352
[Epoch 187] step 240 loss: 0.0748
[Epoch 187] step 250 loss: 0.0280
[Epoch 187] step 260 loss: 0.0529
[Epoch 187] step 270 loss: 0.0486
[Epoch 187] step 280 loss: 0.0334
[Epoch 187] step 290 loss: 0.0314
[Epoch 187] step 300 loss: 0.0313
[Epoch 187] step 310 loss: 0.0330
[Epoch 187] step 320 loss: 0.0666
[Epoch 187] step 330 loss: 0.0449
[Epoch 187] step 340 loss: 0.1145
[Epoch 187] step 350 loss: 0.0079
[Epoch 187] step 360 loss: 0.0835
[Epoch 187] step 370 loss: 0.0928
[Epoch 187] step 380 loss: 0.0648
[Epoch 187] step 390 loss: 0.0368
[Epoch 187] step 400 loss: 0.0424
[Epoch 187] step 410 loss: 0.0764
[Epoch 187] step 420 loss: 0.0573
[Epoch 187] step 430 loss: 0.0335
[Epoch 187] step 440 loss: 0.0179
[Epoch 187] step 450 loss: 0.0407
[Epoch 187] step 460 loss: 0.0349
[Epoch 187] step 470 loss: 0.0195
[Epoch 187] step 480 loss: 0.0438
[Epoch 187] step 490 loss: 0.0494
[Epoch 187] step 500 loss: 0.0857
[Epoch 187] step 510 loss: 0.0563
[Epoch 187] step 520 loss: 0.0470
[Epoch 187] step 530 loss: 0.0641
[Epoch 187] step 540 loss: 0.0050
[Epoch 187] step 550 loss: 0.0457
[Epoch 187] step 560 loss: 0.0427
[Epoch 187] step 570 loss: 0.0841
[Epoch 187] step 580 loss: 0.0444
[Epoch 187] step 590 loss: 0.0379
[Epoch 187] step 600 loss: 0.0884
[Epoch 187] step 610 loss: 0.0871
[Epoch 187] step 620 loss: 0.0243
[Epoch 187] step 630 loss: 0.0451
[Epoch 187] step 640 loss: 0.0378
[Epoch 187] step 650 loss: 0.0597
[Epoch 187] step 660 loss: 0.0328
[Epoch 187] step 670 loss: 0.0357
[Epoch 187] step 680 loss: 0.0470
[Epoch 187] step 690 loss: 0.0899
[Epoch 187] step 700 loss: 0.0545
[Epoch 187] step 710 loss: 0.0549
[Epoch 187] step 720 loss: 0.0327
[Epoch 187] step 730 loss: 0.0388
[Epoch 187] step 740 loss: 0.0708
==== Epoch 187 avg loss: 0.0412 ====
[Epoch 188] step 0 loss: 0.0277
[Epoch 188] step 10 loss: 0.0099
[Epoch 188] step 20 loss: 0.0583
[Epoch 188] step 30 loss: 0.0602
[Epoch 188] step 40 loss: 0.0269
[Epoch 188] step 50 loss: 0.0055
[Epoch 188] step 60 loss: 0.0246
[Epoch 188] step 70 loss: 0.0053
[Epoch 188] step 80 loss: 0.0188
[Epoch 188] step 90 loss: 0.0452
[Epoch 188] step 100 loss: 0.0300
[Epoch 188] step 110 loss: 0.0357
[Epoch 188] step 120 loss: 0.0124
[Epoch 188] step 130 loss: 0.1015
[Epoch 188] step 140 loss: 0.0370
[Epoch 188] step 150 loss: 0.0459
[Epoch 188] step 160 loss: 0.0333
[Epoch 188] step 170 loss: 0.0839
[Epoch 188] step 180 loss: 0.0289
[Epoch 188] step 190 loss: 0.0182
[Epoch 188] step 200 loss: 0.0216
[Epoch 188] step 210 loss: 0.0522
[Epoch 188] step 220 loss: 0.0495
[Epoch 188] step 230 loss: 0.0234
[Epoch 188] step 240 loss: 0.0204
[Epoch 188] step 250 loss: 0.0103
[Epoch 188] step 260 loss: 0.0325
[Epoch 188] step 270 loss: 0.2016
[Epoch 188] step 280 loss: 0.1301
[Epoch 188] step 290 loss: 0.0716
[Epoch 188] step 300 loss: 0.0601
[Epoch 188] step 310 loss: 0.0709
[Epoch 188] step 320 loss: 0.0630
[Epoch 188] step 330 loss: 0.0213
[Epoch 188] step 340 loss: 0.0140
[Epoch 188] step 350 loss: 0.0425
[Epoch 188] step 360 loss: 0.1108
[Epoch 188] step 370 loss: 0.0376
[Epoch 188] step 380 loss: 0.0292
[Epoch 188] step 390 loss: 0.0537
[Epoch 188] step 400 loss: 0.0086
[Epoch 188] step 410 loss: 0.0189
[Epoch 188] step 420 loss: 0.0651
[Epoch 188] step 430 loss: 0.0180
[Epoch 188] step 440 loss: 0.0449
[Epoch 188] step 450 loss: 0.0374
[Epoch 188] step 460 loss: 0.0329
[Epoch 188] step 470 loss: 0.0190
[Epoch 188] step 480 loss: 0.0255
[Epoch 188] step 490 loss: 0.0314
[Epoch 188] step 500 loss: 0.0278
[Epoch 188] step 510 loss: 0.0722
[Epoch 188] step 520 loss: 0.0989
[Epoch 188] step 530 loss: 0.0526
[Epoch 188] step 540 loss: 0.0298
[Epoch 188] step 550 loss: 0.0351
[Epoch 188] step 560 loss: 0.0165
[Epoch 188] step 570 loss: 0.0503
[Epoch 188] step 580 loss: 0.0572
[Epoch 188] step 590 loss: 0.0151
[Epoch 188] step 600 loss: 0.0772
[Epoch 188] step 610 loss: 0.0442
[Epoch 188] step 620 loss: 0.0142
[Epoch 188] step 630 loss: 0.0652
[Epoch 188] step 640 loss: 0.0336
[Epoch 188] step 650 loss: 0.0307
[Epoch 188] step 660 loss: 0.0526
[Epoch 188] step 670 loss: 0.0248
[Epoch 188] step 680 loss: 0.0577
[Epoch 188] step 690 loss: 0.0621
[Epoch 188] step 700 loss: 0.0257
[Epoch 188] step 710 loss: 0.0475
[Epoch 188] step 720 loss: 0.0420
[Epoch 188] step 730 loss: 0.0549
[Epoch 188] step 740 loss: 0.0127
==== Epoch 188 avg loss: 0.0401 ====
[Epoch 189] step 0 loss: 0.0200
[Epoch 189] step 10 loss: 0.0501
[Epoch 189] step 20 loss: 0.0059
[Epoch 189] step 30 loss: 0.0287
[Epoch 189] step 40 loss: 0.0270
[Epoch 189] step 50 loss: 0.0114
[Epoch 189] step 60 loss: 0.0201
[Epoch 189] step 70 loss: 0.0521
[Epoch 189] step 80 loss: 0.0603
[Epoch 189] step 90 loss: 0.0277
[Epoch 189] step 100 loss: 0.0747
[Epoch 189] step 110 loss: 0.0169
[Epoch 189] step 120 loss: 0.0936
[Epoch 189] step 130 loss: 0.0543
[Epoch 189] step 140 loss: 0.0389
[Epoch 189] step 150 loss: 0.0256
[Epoch 189] step 160 loss: 0.0397
[Epoch 189] step 170 loss: 0.0693
[Epoch 189] step 180 loss: 0.0425
[Epoch 189] step 190 loss: 0.0084
[Epoch 189] step 200 loss: 0.0733
[Epoch 189] step 210 loss: 0.0171
[Epoch 189] step 220 loss: 0.0309
[Epoch 189] step 230 loss: 0.0411
[Epoch 189] step 240 loss: 0.0805
[Epoch 189] step 250 loss: 0.0271
[Epoch 189] step 260 loss: 0.0203
[Epoch 189] step 270 loss: 0.0161
[Epoch 189] step 280 loss: 0.0298
[Epoch 189] step 290 loss: 0.0189
[Epoch 189] step 300 loss: 0.0101
[Epoch 189] step 310 loss: 0.0467
[Epoch 189] step 320 loss: 0.0200
[Epoch 189] step 330 loss: 0.0194
[Epoch 189] step 340 loss: 0.0106
[Epoch 189] step 350 loss: 0.0111
[Epoch 189] step 360 loss: 0.1528
[Epoch 189] step 370 loss: 0.0267
[Epoch 189] step 380 loss: 0.0824
[Epoch 189] step 390 loss: 0.0566
[Epoch 189] step 400 loss: 0.0418
[Epoch 189] step 410 loss: 0.0134
[Epoch 189] step 420 loss: 0.0353
[Epoch 189] step 430 loss: 0.1286
[Epoch 189] step 440 loss: 0.0232
[Epoch 189] step 450 loss: 0.0444
[Epoch 189] step 460 loss: 0.0118
[Epoch 189] step 470 loss: 0.0290
[Epoch 189] step 480 loss: 0.0303
[Epoch 189] step 490 loss: 0.1310
[Epoch 189] step 500 loss: 0.0245
[Epoch 189] step 510 loss: 0.0253
[Epoch 189] step 520 loss: 0.0326
[Epoch 189] step 530 loss: 0.0682
[Epoch 189] step 540 loss: 0.0613
[Epoch 189] step 550 loss: 0.0588
[Epoch 189] step 560 loss: 0.0088
[Epoch 189] step 570 loss: 0.0460
[Epoch 189] step 580 loss: 0.0549
[Epoch 189] step 590 loss: 0.0212
[Epoch 189] step 600 loss: 0.0250
[Epoch 189] step 610 loss: 0.0107
[Epoch 189] step 620 loss: 0.0313
[Epoch 189] step 630 loss: 0.0120
[Epoch 189] step 640 loss: 0.0105
[Epoch 189] step 650 loss: 0.0250
[Epoch 189] step 660 loss: 0.0218
[Epoch 189] step 670 loss: 0.0116
[Epoch 189] step 680 loss: 0.0682
[Epoch 189] step 690 loss: 0.0264
[Epoch 189] step 700 loss: 0.0047
[Epoch 189] step 710 loss: 0.0152
[Epoch 189] step 720 loss: 0.0347
[Epoch 189] step 730 loss: 0.0822
[Epoch 189] step 740 loss: 0.0788
==== Epoch 189 avg loss: 0.0350 ====
[Epoch 190] step 0 loss: 0.0528
[Epoch 190] step 10 loss: 0.0556
[Epoch 190] step 20 loss: 0.0021
[Epoch 190] step 30 loss: 0.0052
[Epoch 190] step 40 loss: 0.2297
[Epoch 190] step 50 loss: 0.1021
[Epoch 190] step 60 loss: 0.0246
[Epoch 190] step 70 loss: 0.0115
[Epoch 190] step 80 loss: 0.0125
[Epoch 190] step 90 loss: 0.0058
[Epoch 190] step 100 loss: 0.0295
[Epoch 190] step 110 loss: 0.0435
[Epoch 190] step 120 loss: 0.0310
[Epoch 190] step 130 loss: 0.0127
[Epoch 190] step 140 loss: 0.0135
[Epoch 190] step 150 loss: 0.0044
[Epoch 190] step 160 loss: 0.0265
[Epoch 190] step 170 loss: 0.0098
[Epoch 190] step 180 loss: 0.0101
[Epoch 190] step 190 loss: 0.0023
[Epoch 190] step 200 loss: 0.0140
[Epoch 190] step 210 loss: 0.0397
[Epoch 190] step 220 loss: 0.0120
[Epoch 190] step 230 loss: 0.0037
[Epoch 190] step 240 loss: 0.0218
[Epoch 190] step 250 loss: 0.0437
[Epoch 190] step 260 loss: 0.0420
[Epoch 190] step 270 loss: 0.0299
[Epoch 190] step 280 loss: 0.0265
[Epoch 190] step 290 loss: 0.0361
[Epoch 190] step 300 loss: 0.0238
[Epoch 190] step 310 loss: 0.0229
[Epoch 190] step 320 loss: 0.0197
[Epoch 190] step 330 loss: 0.0252
[Epoch 190] step 340 loss: 0.0614
[Epoch 190] step 350 loss: 0.0252
[Epoch 190] step 360 loss: 0.0417
[Epoch 190] step 370 loss: 0.0302
[Epoch 190] step 380 loss: 0.0189
[Epoch 190] step 390 loss: 0.0184
[Epoch 190] step 400 loss: 0.0272
[Epoch 190] step 410 loss: 0.0222
[Epoch 190] step 420 loss: 0.0312
[Epoch 190] step 430 loss: 0.0421
[Epoch 190] step 440 loss: 0.0450
[Epoch 190] step 450 loss: 0.0162
[Epoch 190] step 460 loss: 0.0489
[Epoch 190] step 470 loss: 0.0346
[Epoch 190] step 480 loss: 0.0167
[Epoch 190] step 490 loss: 0.0657
[Epoch 190] step 500 loss: 0.0294
[Epoch 190] step 510 loss: 0.0314
[Epoch 190] step 520 loss: 0.0376
[Epoch 190] step 530 loss: 0.0515
[Epoch 190] step 540 loss: 0.0269
[Epoch 190] step 550 loss: 0.0288
[Epoch 190] step 560 loss: 0.0314
[Epoch 190] step 570 loss: 0.0214
[Epoch 190] step 580 loss: 0.0266
[Epoch 190] step 590 loss: 0.0291
[Epoch 190] step 600 loss: 0.0150
[Epoch 190] step 610 loss: 0.0287
[Epoch 190] step 620 loss: 0.0677
[Epoch 190] step 630 loss: 0.0535
[Epoch 190] step 640 loss: 0.0265
[Epoch 190] step 650 loss: 0.0231
[Epoch 190] step 660 loss: 0.0674
[Epoch 190] step 670 loss: 0.0604
[Epoch 190] step 680 loss: 0.0201
[Epoch 190] step 690 loss: 0.0248
[Epoch 190] step 700 loss: 0.0189
[Epoch 190] step 710 loss: 0.0581
[Epoch 190] step 720 loss: 0.0380
[Epoch 190] step 730 loss: 0.0412
[Epoch 190] step 740 loss: 0.0489
==== Epoch 190 avg loss: 0.0344 ====
[Epoch 191] step 0 loss: 0.0251
[Epoch 191] step 10 loss: 0.0261
[Epoch 191] step 20 loss: 0.0227
[Epoch 191] step 30 loss: 0.0508
[Epoch 191] step 40 loss: 0.0566
[Epoch 191] step 50 loss: 0.0507
[Epoch 191] step 60 loss: 0.0497
[Epoch 191] step 70 loss: 0.0299
[Epoch 191] step 80 loss: 0.0606
[Epoch 191] step 90 loss: 0.0185
[Epoch 191] step 100 loss: 0.0045
[Epoch 191] step 110 loss: 0.0339
[Epoch 191] step 120 loss: 0.0132
[Epoch 191] step 130 loss: 0.0301
[Epoch 191] step 140 loss: 0.0263
[Epoch 191] step 150 loss: 0.0127
[Epoch 191] step 160 loss: 0.0186
[Epoch 191] step 170 loss: 0.0278
[Epoch 191] step 180 loss: 0.1935
[Epoch 191] step 190 loss: 0.0190
[Epoch 191] step 200 loss: 0.0177
[Epoch 191] step 210 loss: 0.0470
[Epoch 191] step 220 loss: 0.0908
[Epoch 191] step 230 loss: 0.0242
[Epoch 191] step 240 loss: 0.0173
[Epoch 191] step 250 loss: 0.0219
[Epoch 191] step 260 loss: 0.0220
[Epoch 191] step 270 loss: 0.0562
[Epoch 191] step 280 loss: 0.0212
[Epoch 191] step 290 loss: 0.0158
[Epoch 191] step 300 loss: 0.0122
[Epoch 191] step 310 loss: 0.0820
[Epoch 191] step 320 loss: 0.0088
[Epoch 191] step 330 loss: 0.0353
[Epoch 191] step 340 loss: 0.0784
[Epoch 191] step 350 loss: 0.0530
[Epoch 191] step 360 loss: 0.0362
[Epoch 191] step 370 loss: 0.0731
[Epoch 191] step 380 loss: 0.0299
[Epoch 191] step 390 loss: 0.0183
[Epoch 191] step 400 loss: 0.0255
[Epoch 191] step 410 loss: 0.0612
[Epoch 191] step 420 loss: 0.0432
[Epoch 191] step 430 loss: 0.0282
[Epoch 191] step 440 loss: 0.0201
[Epoch 191] step 450 loss: 0.0178
[Epoch 191] step 460 loss: 0.0700
[Epoch 191] step 470 loss: 0.0499
[Epoch 191] step 480 loss: 0.0209
[Epoch 191] step 490 loss: 0.0326
[Epoch 191] step 500 loss: 0.0340
[Epoch 191] step 510 loss: 0.0631
[Epoch 191] step 520 loss: 0.1957
[Epoch 191] step 530 loss: 0.0486
[Epoch 191] step 540 loss: 0.0279
[Epoch 191] step 550 loss: 0.0333
[Epoch 191] step 560 loss: 0.0549
[Epoch 191] step 570 loss: 0.0629
[Epoch 191] step 580 loss: 0.0679
[Epoch 191] step 590 loss: 0.0494
[Epoch 191] step 600 loss: 0.0338
[Epoch 191] step 610 loss: 0.0136
[Epoch 191] step 620 loss: 0.0260
[Epoch 191] step 630 loss: 0.0109
[Epoch 191] step 640 loss: 0.0381
[Epoch 191] step 650 loss: 0.0762
[Epoch 191] step 660 loss: 0.0310
[Epoch 191] step 670 loss: 0.0432
[Epoch 191] step 680 loss: 0.0195
[Epoch 191] step 690 loss: 0.0599
[Epoch 191] step 700 loss: 0.0504
[Epoch 191] step 710 loss: 0.0462
[Epoch 191] step 720 loss: 0.0174
[Epoch 191] step 730 loss: 0.0278
[Epoch 191] step 740 loss: 0.0179
==== Epoch 191 avg loss: 0.0411 ====
[Epoch 192] step 0 loss: 0.0095
[Epoch 192] step 10 loss: 0.0152
[Epoch 192] step 20 loss: 0.0587
[Epoch 192] step 30 loss: 0.0714
[Epoch 192] step 40 loss: 0.0187
[Epoch 192] step 50 loss: 0.0316
[Epoch 192] step 60 loss: 0.0570
[Epoch 192] step 70 loss: 0.0281
[Epoch 192] step 80 loss: 0.0339
[Epoch 192] step 90 loss: 0.0478
[Epoch 192] step 100 loss: 0.0267
[Epoch 192] step 110 loss: 0.0234
[Epoch 192] step 120 loss: 0.0145
[Epoch 192] step 130 loss: 0.0221
[Epoch 192] step 140 loss: 0.0185
[Epoch 192] step 150 loss: 0.0218
[Epoch 192] step 160 loss: 0.0260
[Epoch 192] step 170 loss: 0.0091
[Epoch 192] step 180 loss: 0.0174
[Epoch 192] step 190 loss: 0.0223
[Epoch 192] step 200 loss: 0.0175
[Epoch 192] step 210 loss: 0.0312
[Epoch 192] step 220 loss: 0.0119
[Epoch 192] step 230 loss: 0.0306
[Epoch 192] step 240 loss: 0.0669
[Epoch 192] step 250 loss: 0.0118
[Epoch 192] step 260 loss: 0.0239
[Epoch 192] step 270 loss: 0.0200
[Epoch 192] step 280 loss: 0.0178
[Epoch 192] step 290 loss: 0.0262
[Epoch 192] step 300 loss: 0.0916
[Epoch 192] step 310 loss: 0.0199
[Epoch 192] step 320 loss: 0.0226
[Epoch 192] step 330 loss: 0.0309
[Epoch 192] step 340 loss: 0.0325
[Epoch 192] step 350 loss: 0.0775
[Epoch 192] step 360 loss: 0.0771
[Epoch 192] step 370 loss: 0.0236
[Epoch 192] step 380 loss: 0.0152
[Epoch 192] step 390 loss: 0.0193
[Epoch 192] step 400 loss: 0.0219
[Epoch 192] step 410 loss: 0.0223
[Epoch 192] step 420 loss: 0.0318
[Epoch 192] step 430 loss: 0.0316
[Epoch 192] step 440 loss: 0.0711
[Epoch 192] step 450 loss: 0.0597
[Epoch 192] step 460 loss: 0.0442
[Epoch 192] step 470 loss: 0.0252
[Epoch 192] step 480 loss: 0.0243
[Epoch 192] step 490 loss: 0.0073
[Epoch 192] step 500 loss: 0.0288
[Epoch 192] step 510 loss: 0.0321
[Epoch 192] step 520 loss: 0.0867
[Epoch 192] step 530 loss: 0.0099
[Epoch 192] step 540 loss: 0.0309
[Epoch 192] step 550 loss: 0.0456
[Epoch 192] step 560 loss: 0.0058
[Epoch 192] step 570 loss: 0.0159
[Epoch 192] step 580 loss: 0.0544
[Epoch 192] step 590 loss: 0.0255
[Epoch 192] step 600 loss: 0.0291
[Epoch 192] step 610 loss: 0.0678
[Epoch 192] step 620 loss: 0.0269
[Epoch 192] step 630 loss: 0.0440
[Epoch 192] step 640 loss: 0.0229
[Epoch 192] step 650 loss: 0.0477
[Epoch 192] step 660 loss: 0.0184
[Epoch 192] step 670 loss: 0.0257
[Epoch 192] step 680 loss: 0.0117
[Epoch 192] step 690 loss: 0.0468
[Epoch 192] step 700 loss: 0.1004
[Epoch 192] step 710 loss: 0.0450
[Epoch 192] step 720 loss: 0.0600
[Epoch 192] step 730 loss: 0.0111
[Epoch 192] step 740 loss: 0.0336
==== Epoch 192 avg loss: 0.0369 ====
[Epoch 193] step 0 loss: 0.0198
[Epoch 193] step 10 loss: 0.0104
[Epoch 193] step 20 loss: 0.0385
[Epoch 193] step 30 loss: 0.0098
[Epoch 193] step 40 loss: 0.0146
[Epoch 193] step 50 loss: 0.0527
[Epoch 193] step 60 loss: 0.0368
[Epoch 193] step 70 loss: 0.0185
[Epoch 193] step 80 loss: 0.0295
[Epoch 193] step 90 loss: 0.0152
[Epoch 193] step 100 loss: 0.0246
[Epoch 193] step 110 loss: 0.0065
[Epoch 193] step 120 loss: 0.0192
[Epoch 193] step 130 loss: 0.0887
[Epoch 193] step 140 loss: 0.0093
[Epoch 193] step 150 loss: 0.0698
[Epoch 193] step 160 loss: 0.0431
[Epoch 193] step 170 loss: 0.0119
[Epoch 193] step 180 loss: 0.0073
[Epoch 193] step 190 loss: 0.0500
[Epoch 193] step 200 loss: 0.0120
[Epoch 193] step 210 loss: 0.0358
[Epoch 193] step 220 loss: 0.0153
[Epoch 193] step 230 loss: 0.0519
[Epoch 193] step 240 loss: 0.0323
[Epoch 193] step 250 loss: 0.0189
[Epoch 193] step 260 loss: 0.0199
[Epoch 193] step 270 loss: 0.0233
[Epoch 193] step 280 loss: 0.0155
[Epoch 193] step 290 loss: 0.0591
[Epoch 193] step 300 loss: 0.0183
[Epoch 193] step 310 loss: 0.0279
[Epoch 193] step 320 loss: 0.0399
[Epoch 193] step 330 loss: 0.0334
[Epoch 193] step 340 loss: 0.0176
[Epoch 193] step 350 loss: 0.0024
[Epoch 193] step 360 loss: 0.0313
[Epoch 193] step 370 loss: 0.0129
[Epoch 193] step 380 loss: 0.0372
[Epoch 193] step 390 loss: 0.0340
[Epoch 193] step 400 loss: 0.0219
[Epoch 193] step 410 loss: 0.0342
[Epoch 193] step 420 loss: 0.0216
[Epoch 193] step 430 loss: 0.0186
[Epoch 193] step 440 loss: 0.0165
[Epoch 193] step 450 loss: 0.0115
[Epoch 193] step 460 loss: 0.0235
[Epoch 193] step 470 loss: 0.0317
[Epoch 193] step 480 loss: 0.0313
[Epoch 193] step 490 loss: 0.0685
[Epoch 193] step 500 loss: 0.0184
[Epoch 193] step 510 loss: 0.0343
[Epoch 193] step 520 loss: 0.0215
[Epoch 193] step 530 loss: 0.0498
[Epoch 193] step 540 loss: 0.0574
[Epoch 193] step 550 loss: 0.0272
[Epoch 193] step 560 loss: 0.0306
[Epoch 193] step 570 loss: 0.0135
[Epoch 193] step 580 loss: 0.0255
[Epoch 193] step 590 loss: 0.0439
[Epoch 193] step 600 loss: 0.0278
[Epoch 193] step 610 loss: 0.0508
[Epoch 193] step 620 loss: 0.0040
[Epoch 193] step 630 loss: 0.0499
[Epoch 193] step 640 loss: 0.0223
[Epoch 193] step 650 loss: 0.0329
[Epoch 193] step 660 loss: 0.1139
[Epoch 193] step 670 loss: 0.0088
[Epoch 193] step 680 loss: 0.0103
[Epoch 193] step 690 loss: 0.0574
[Epoch 193] step 700 loss: 0.0194
[Epoch 193] step 710 loss: 0.0434
[Epoch 193] step 720 loss: 0.0212
[Epoch 193] step 730 loss: 0.0196
[Epoch 193] step 740 loss: 0.0393
==== Epoch 193 avg loss: 0.0353 ====
[Epoch 194] step 0 loss: 0.0103
[Epoch 194] step 10 loss: 0.0263
[Epoch 194] step 20 loss: 0.0253
[Epoch 194] step 30 loss: 0.1251
[Epoch 194] step 40 loss: 0.0255
[Epoch 194] step 50 loss: 0.0074
[Epoch 194] step 60 loss: 0.0569
[Epoch 194] step 70 loss: 0.0111
[Epoch 194] step 80 loss: 0.0171
[Epoch 194] step 90 loss: 0.0717
[Epoch 194] step 100 loss: 0.0134
[Epoch 194] step 110 loss: 0.0229
[Epoch 194] step 120 loss: 0.0082
[Epoch 194] step 130 loss: 0.0289
[Epoch 194] step 140 loss: 0.0302
[Epoch 194] step 150 loss: 0.0049
[Epoch 194] step 160 loss: 0.0591
[Epoch 194] step 170 loss: 0.0213
[Epoch 194] step 180 loss: 0.0248
[Epoch 194] step 190 loss: 0.0119
[Epoch 194] step 200 loss: 0.0823
[Epoch 194] step 210 loss: 0.0156
[Epoch 194] step 220 loss: 0.0712
[Epoch 194] step 230 loss: 0.0344
[Epoch 194] step 240 loss: 0.0115
[Epoch 194] step 250 loss: 0.0592
[Epoch 194] step 260 loss: 0.0199
[Epoch 194] step 270 loss: 0.0103
[Epoch 194] step 280 loss: 0.0102
[Epoch 194] step 290 loss: 0.1326
[Epoch 194] step 300 loss: 0.0534
[Epoch 194] step 310 loss: 0.0149
[Epoch 194] step 320 loss: 0.0236
[Epoch 194] step 330 loss: 0.0508
[Epoch 194] step 340 loss: 0.0095
[Epoch 194] step 350 loss: 0.0157
[Epoch 194] step 360 loss: 0.0313
[Epoch 194] step 370 loss: 0.0704
[Epoch 194] step 380 loss: 0.0629
[Epoch 194] step 390 loss: 0.0353
[Epoch 194] step 400 loss: 0.0215
[Epoch 194] step 410 loss: 0.0204
[Epoch 194] step 420 loss: 0.0431
[Epoch 194] step 430 loss: 0.0220
[Epoch 194] step 440 loss: 0.0175
[Epoch 194] step 450 loss: 0.0292
[Epoch 194] step 460 loss: 0.0274
[Epoch 194] step 470 loss: 0.0225
[Epoch 194] step 480 loss: 0.0288
[Epoch 194] step 490 loss: 0.0205
[Epoch 194] step 500 loss: 0.0244
[Epoch 194] step 510 loss: 0.0307
[Epoch 194] step 520 loss: 0.0064
[Epoch 194] step 530 loss: 0.0887
[Epoch 194] step 540 loss: 0.0371
[Epoch 194] step 550 loss: 0.0486
[Epoch 194] step 560 loss: 0.0185
[Epoch 194] step 570 loss: 0.0201
[Epoch 194] step 580 loss: 0.0543
[Epoch 194] step 590 loss: 0.1588
[Epoch 194] step 600 loss: 0.0606
[Epoch 194] step 610 loss: 0.0187
[Epoch 194] step 620 loss: 0.0252
[Epoch 194] step 630 loss: 0.0158
[Epoch 194] step 640 loss: 0.0180
[Epoch 194] step 650 loss: 0.0066
[Epoch 194] step 660 loss: 0.0175
[Epoch 194] step 670 loss: 0.0103
[Epoch 194] step 680 loss: 0.0363
[Epoch 194] step 690 loss: 0.0702
[Epoch 194] step 700 loss: 0.0278
[Epoch 194] step 710 loss: 0.0257
[Epoch 194] step 720 loss: 0.0186
[Epoch 194] step 730 loss: 0.0405
[Epoch 194] step 740 loss: 0.0420
==== Epoch 194 avg loss: 0.0363 ====
[Epoch 195] step 0 loss: 0.0280
[Epoch 195] step 10 loss: 0.0432
[Epoch 195] step 20 loss: 0.0295
[Epoch 195] step 30 loss: 0.0146
[Epoch 195] step 40 loss: 0.0785
[Epoch 195] step 50 loss: 0.0524
[Epoch 195] step 60 loss: 0.0327
[Epoch 195] step 70 loss: 0.0623
[Epoch 195] step 80 loss: 0.0676
[Epoch 195] step 90 loss: 0.0378
[Epoch 195] step 100 loss: 0.1205
[Epoch 195] step 110 loss: 0.0492
[Epoch 195] step 120 loss: 0.0176
[Epoch 195] step 130 loss: 0.0372
[Epoch 195] step 140 loss: 0.0170
[Epoch 195] step 150 loss: 0.2682
[Epoch 195] step 160 loss: 0.1546
[Epoch 195] step 170 loss: 0.0066
[Epoch 195] step 180 loss: 0.0339
[Epoch 195] step 190 loss: 0.0145
[Epoch 195] step 200 loss: 0.0125
[Epoch 195] step 210 loss: 0.0305
[Epoch 195] step 220 loss: 0.0265
[Epoch 195] step 230 loss: 0.0157
[Epoch 195] step 240 loss: 0.0162
[Epoch 195] step 250 loss: 0.0070
[Epoch 195] step 260 loss: 0.1889
[Epoch 195] step 270 loss: 0.0131
[Epoch 195] step 280 loss: 0.0088
[Epoch 195] step 290 loss: 0.0120
[Epoch 195] step 300 loss: 0.0105
[Epoch 195] step 310 loss: 0.0100
[Epoch 195] step 320 loss: 0.0274
[Epoch 195] step 330 loss: 0.0181
[Epoch 195] step 340 loss: 0.0620
[Epoch 195] step 350 loss: 0.0284
[Epoch 195] step 360 loss: 0.0290
[Epoch 195] step 370 loss: 0.0093
[Epoch 195] step 380 loss: 0.0214
[Epoch 195] step 390 loss: 0.0349
[Epoch 195] step 400 loss: 0.0340
[Epoch 195] step 410 loss: 0.0402
[Epoch 195] step 420 loss: 0.0338
[Epoch 195] step 430 loss: 0.0157
[Epoch 195] step 440 loss: 0.0310
[Epoch 195] step 450 loss: 0.0340
[Epoch 195] step 460 loss: 0.0303
[Epoch 195] step 470 loss: 0.0224
[Epoch 195] step 480 loss: 0.0310
[Epoch 195] step 490 loss: 0.0163
[Epoch 195] step 500 loss: 0.0768
[Epoch 195] step 510 loss: 0.0265
[Epoch 195] step 520 loss: 0.1260
[Epoch 195] step 530 loss: 0.0373
[Epoch 195] step 540 loss: 0.0177
[Epoch 195] step 550 loss: 0.0529
[Epoch 195] step 560 loss: 0.0323
[Epoch 195] step 570 loss: 0.0336
[Epoch 195] step 580 loss: 0.1218
[Epoch 195] step 590 loss: 0.0804
[Epoch 195] step 600 loss: 0.0438
[Epoch 195] step 610 loss: 0.0274
[Epoch 195] step 620 loss: 0.0209
[Epoch 195] step 630 loss: 0.0181
[Epoch 195] step 640 loss: 0.0169
[Epoch 195] step 650 loss: 0.0240
[Epoch 195] step 660 loss: 0.0690
[Epoch 195] step 670 loss: 0.0301
[Epoch 195] step 680 loss: 0.0455
[Epoch 195] step 690 loss: 0.0147
[Epoch 195] step 700 loss: 0.0098
[Epoch 195] step 710 loss: 0.0381
[Epoch 195] step 720 loss: 0.0142
[Epoch 195] step 730 loss: 0.0082
[Epoch 195] step 740 loss: 0.0107
==== Epoch 195 avg loss: 0.0344 ====
[Epoch 196] step 0 loss: 0.0157
[Epoch 196] step 10 loss: 0.0264
[Epoch 196] step 20 loss: 0.0229
[Epoch 196] step 30 loss: 0.0089
[Epoch 196] step 40 loss: 0.0206
[Epoch 196] step 50 loss: 0.0141
[Epoch 196] step 60 loss: 0.0185
[Epoch 196] step 70 loss: 0.0230
[Epoch 196] step 80 loss: 0.0052
[Epoch 196] step 90 loss: 0.0361
[Epoch 196] step 100 loss: 0.0190
[Epoch 196] step 110 loss: 0.0094
[Epoch 196] step 120 loss: 0.0237
[Epoch 196] step 130 loss: 0.0100
[Epoch 196] step 140 loss: 0.0438
[Epoch 196] step 150 loss: 0.0165
[Epoch 196] step 160 loss: 0.0180
[Epoch 196] step 170 loss: 0.0560
[Epoch 196] step 180 loss: 0.0269
[Epoch 196] step 190 loss: 0.0137
[Epoch 196] step 200 loss: 0.0485
[Epoch 196] step 210 loss: 0.0233
[Epoch 196] step 220 loss: 0.0378
[Epoch 196] step 230 loss: 0.0252
[Epoch 196] step 240 loss: 0.0067
[Epoch 196] step 250 loss: 0.0257
[Epoch 196] step 260 loss: 0.0087
[Epoch 196] step 270 loss: 0.0099
[Epoch 196] step 280 loss: 0.0264
[Epoch 196] step 290 loss: 0.0152
[Epoch 196] step 300 loss: 0.0050
[Epoch 196] step 310 loss: 0.0344
[Epoch 196] step 320 loss: 0.0080
[Epoch 196] step 330 loss: 0.0113
[Epoch 196] step 340 loss: 0.0166
[Epoch 196] step 350 loss: 0.0127
[Epoch 196] step 360 loss: 0.0686
[Epoch 196] step 370 loss: 0.0423
[Epoch 196] step 380 loss: 0.0406
[Epoch 196] step 390 loss: 0.0345
[Epoch 196] step 400 loss: 0.0052
[Epoch 196] step 410 loss: 0.0554
[Epoch 196] step 420 loss: 0.0006
[Epoch 196] step 430 loss: 0.0109
[Epoch 196] step 440 loss: 0.0064
[Epoch 196] step 450 loss: 0.0211
[Epoch 196] step 460 loss: 0.0244
[Epoch 196] step 470 loss: 0.0292
[Epoch 196] step 480 loss: 0.0270
[Epoch 196] step 490 loss: 0.0294
[Epoch 196] step 500 loss: 0.0436
[Epoch 196] step 510 loss: 0.0321
[Epoch 196] step 520 loss: 0.0073
[Epoch 196] step 530 loss: 0.0463
[Epoch 196] step 540 loss: 0.0284
[Epoch 196] step 550 loss: 0.0219
[Epoch 196] step 560 loss: 0.0160
[Epoch 196] step 570 loss: 0.0167
[Epoch 196] step 580 loss: 0.0542
[Epoch 196] step 590 loss: 0.0735
[Epoch 196] step 600 loss: 0.0391
[Epoch 196] step 610 loss: 0.0323
[Epoch 196] step 620 loss: 0.0267
[Epoch 196] step 630 loss: 0.0380
[Epoch 196] step 640 loss: 0.0411
[Epoch 196] step 650 loss: 0.1211
[Epoch 196] step 660 loss: 0.0777
[Epoch 196] step 670 loss: 0.0241
[Epoch 196] step 680 loss: 0.0227
[Epoch 196] step 690 loss: 0.0388
[Epoch 196] step 700 loss: 0.0687
[Epoch 196] step 710 loss: 0.0628
[Epoch 196] step 720 loss: 0.0453
[Epoch 196] step 730 loss: 0.0055
[Epoch 196] step 740 loss: 0.0194
==== Epoch 196 avg loss: 0.0288 ====
[Epoch 197] step 0 loss: 0.0175
[Epoch 197] step 10 loss: 0.0131
[Epoch 197] step 20 loss: 0.0052
[Epoch 197] step 30 loss: 0.0121
[Epoch 197] step 40 loss: 0.0206
[Epoch 197] step 50 loss: 0.0043
[Epoch 197] step 60 loss: 0.0102
[Epoch 197] step 70 loss: 0.0384
[Epoch 197] step 80 loss: 0.0147
[Epoch 197] step 90 loss: 0.0133
[Epoch 197] step 100 loss: 0.0443
[Epoch 197] step 110 loss: 0.0640
[Epoch 197] step 120 loss: 0.0122
[Epoch 197] step 130 loss: 0.0573
[Epoch 197] step 140 loss: 0.0123
[Epoch 197] step 150 loss: 0.0283
[Epoch 197] step 160 loss: 0.0241
[Epoch 197] step 170 loss: 0.0332
[Epoch 197] step 180 loss: 0.0365
[Epoch 197] step 190 loss: 0.0438
[Epoch 197] step 200 loss: 0.0293
[Epoch 197] step 210 loss: 0.0423
[Epoch 197] step 220 loss: 0.0355
[Epoch 197] step 230 loss: 0.0190
[Epoch 197] step 240 loss: 0.0347
[Epoch 197] step 250 loss: 0.0280
[Epoch 197] step 260 loss: 0.0394
[Epoch 197] step 270 loss: 0.0191
[Epoch 197] step 280 loss: 0.0323
[Epoch 197] step 290 loss: 0.0132
[Epoch 197] step 300 loss: 0.0626
[Epoch 197] step 310 loss: 0.0549
[Epoch 197] step 320 loss: 0.0314
[Epoch 197] step 330 loss: 0.0102
[Epoch 197] step 340 loss: 0.0322
[Epoch 197] step 350 loss: 0.0123
[Epoch 197] step 360 loss: 0.0407
[Epoch 197] step 370 loss: 0.0410
[Epoch 197] step 380 loss: 0.0111
[Epoch 197] step 390 loss: 0.0201
[Epoch 197] step 400 loss: 0.0201
[Epoch 197] step 410 loss: 0.0815
[Epoch 197] step 420 loss: 0.0340
[Epoch 197] step 430 loss: 0.0638
[Epoch 197] step 440 loss: 0.0308
[Epoch 197] step 450 loss: 0.0388
[Epoch 197] step 460 loss: 0.0476
[Epoch 197] step 470 loss: 0.0243
[Epoch 197] step 480 loss: 0.0706
[Epoch 197] step 490 loss: 0.0176
[Epoch 197] step 500 loss: 0.0354
[Epoch 197] step 510 loss: 0.0427
[Epoch 197] step 520 loss: 0.0618
[Epoch 197] step 530 loss: 0.0450
[Epoch 197] step 540 loss: 0.0135
[Epoch 197] step 550 loss: 0.0414
[Epoch 197] step 560 loss: 0.0814
[Epoch 197] step 570 loss: 0.0568
[Epoch 197] step 580 loss: 0.1008
[Epoch 197] step 590 loss: 0.0324
[Epoch 197] step 600 loss: 0.0351
[Epoch 197] step 610 loss: 0.0399
[Epoch 197] step 620 loss: 0.0212
[Epoch 197] step 630 loss: 0.0357
[Epoch 197] step 640 loss: 0.0375
[Epoch 197] step 650 loss: 0.0233
[Epoch 197] step 660 loss: 0.0494
[Epoch 197] step 670 loss: 0.0332
[Epoch 197] step 680 loss: 0.1078
[Epoch 197] step 690 loss: 0.0052
[Epoch 197] step 700 loss: 0.0290
[Epoch 197] step 710 loss: 0.0329
[Epoch 197] step 720 loss: 0.0391
[Epoch 197] step 730 loss: 0.0138
[Epoch 197] step 740 loss: 0.0908
==== Epoch 197 avg loss: 0.0368 ====
[Epoch 198] step 0 loss: 0.0502
[Epoch 198] step 10 loss: 0.0096
[Epoch 198] step 20 loss: 0.0303
[Epoch 198] step 30 loss: 0.0505
[Epoch 198] step 40 loss: 0.0077
[Epoch 198] step 50 loss: 0.0871
[Epoch 198] step 60 loss: 0.0775
[Epoch 198] step 70 loss: 0.0139
[Epoch 198] step 80 loss: 0.0609
[Epoch 198] step 90 loss: 0.0542
[Epoch 198] step 100 loss: 0.0058
[Epoch 198] step 110 loss: 0.0108
[Epoch 198] step 120 loss: 0.0147
[Epoch 198] step 130 loss: 0.0187
[Epoch 198] step 140 loss: 0.0202
[Epoch 198] step 150 loss: 0.0394
[Epoch 198] step 160 loss: 0.0330
[Epoch 198] step 170 loss: 0.0628
[Epoch 198] step 180 loss: 0.0109
[Epoch 198] step 190 loss: 0.0375
[Epoch 198] step 200 loss: 0.0144
[Epoch 198] step 210 loss: 0.0299
[Epoch 198] step 220 loss: 0.0373
[Epoch 198] step 230 loss: 0.0148
[Epoch 198] step 240 loss: 0.0238
[Epoch 198] step 250 loss: 0.0505
[Epoch 198] step 260 loss: 0.0121
[Epoch 198] step 270 loss: 0.0705
[Epoch 198] step 280 loss: 0.0328
[Epoch 198] step 290 loss: 0.0208
[Epoch 198] step 300 loss: 0.0435
[Epoch 198] step 310 loss: 0.0053
[Epoch 198] step 320 loss: 0.0244
[Epoch 198] step 330 loss: 0.0286
[Epoch 198] step 340 loss: 0.0244
[Epoch 198] step 350 loss: 0.0364
[Epoch 198] step 360 loss: 0.0789
[Epoch 198] step 370 loss: 0.0348
[Epoch 198] step 380 loss: 0.0440
[Epoch 198] step 390 loss: 0.0328
[Epoch 198] step 400 loss: 0.0272
[Epoch 198] step 410 loss: 0.0398
[Epoch 198] step 420 loss: 0.0225
[Epoch 198] step 430 loss: 0.0139
[Epoch 198] step 440 loss: 0.0945
[Epoch 198] step 450 loss: 0.0205
[Epoch 198] step 460 loss: 0.0072
[Epoch 198] step 470 loss: 0.0356
[Epoch 198] step 480 loss: 0.0244
[Epoch 198] step 490 loss: 0.0617
[Epoch 198] step 500 loss: 0.0218
[Epoch 198] step 510 loss: 0.0399
[Epoch 198] step 520 loss: 0.0258
[Epoch 198] step 530 loss: 0.0254
[Epoch 198] step 540 loss: 0.0576
[Epoch 198] step 550 loss: 0.0811
[Epoch 198] step 560 loss: 0.1376
[Epoch 198] step 570 loss: 0.0256
[Epoch 198] step 580 loss: 0.0586
[Epoch 198] step 590 loss: 0.0422
[Epoch 198] step 600 loss: 0.0304
[Epoch 198] step 610 loss: 0.0215
[Epoch 198] step 620 loss: 0.0447
[Epoch 198] step 630 loss: 0.0326
[Epoch 198] step 640 loss: 0.0465
[Epoch 198] step 650 loss: 0.0320
[Epoch 198] step 660 loss: 0.0105
[Epoch 198] step 670 loss: 0.0138
[Epoch 198] step 680 loss: 0.0316
[Epoch 198] step 690 loss: 0.1289
[Epoch 198] step 700 loss: 0.1064
[Epoch 198] step 710 loss: 0.0367
[Epoch 198] step 720 loss: 0.0205
[Epoch 198] step 730 loss: 0.0288
[Epoch 198] step 740 loss: 0.0406
==== Epoch 198 avg loss: 0.0367 ====
[Epoch 199] step 0 loss: 0.0618
[Epoch 199] step 10 loss: 0.0078
[Epoch 199] step 20 loss: 0.0671
[Epoch 199] step 30 loss: 0.0186
[Epoch 199] step 40 loss: 0.0413
[Epoch 199] step 50 loss: 0.0400
[Epoch 199] step 60 loss: 0.0397
[Epoch 199] step 70 loss: 0.0139
[Epoch 199] step 80 loss: 0.0167
[Epoch 199] step 90 loss: 0.0177
[Epoch 199] step 100 loss: 0.0563
[Epoch 199] step 110 loss: 0.1690
[Epoch 199] step 120 loss: 0.0439
[Epoch 199] step 130 loss: 0.0195
[Epoch 199] step 140 loss: 0.0265
[Epoch 199] step 150 loss: 0.0166
[Epoch 199] step 160 loss: 0.0275
[Epoch 199] step 170 loss: 0.0324
[Epoch 199] step 180 loss: 0.0232
[Epoch 199] step 190 loss: 0.0661
[Epoch 199] step 200 loss: 0.0401
[Epoch 199] step 210 loss: 0.0213
[Epoch 199] step 220 loss: 0.0825
[Epoch 199] step 230 loss: 0.0090
[Epoch 199] step 240 loss: 0.0191
[Epoch 199] step 250 loss: 0.0134
[Epoch 199] step 260 loss: 0.0103
[Epoch 199] step 270 loss: 0.0132
[Epoch 199] step 280 loss: 0.0066
[Epoch 199] step 290 loss: 0.0342
[Epoch 199] step 300 loss: 0.0364
[Epoch 199] step 310 loss: 0.0232
[Epoch 199] step 320 loss: 0.0080
[Epoch 199] step 330 loss: 0.0230
[Epoch 199] step 340 loss: 0.0288
[Epoch 199] step 350 loss: 0.0196
[Epoch 199] step 360 loss: 0.0165
[Epoch 199] step 370 loss: 0.0331
[Epoch 199] step 380 loss: 0.0180
[Epoch 199] step 390 loss: 0.0363
[Epoch 199] step 400 loss: 0.0030
[Epoch 199] step 410 loss: 0.0477
[Epoch 199] step 420 loss: 0.0173
[Epoch 199] step 430 loss: 0.0380
[Epoch 199] step 440 loss: 0.0656
[Epoch 199] step 450 loss: 0.0196
[Epoch 199] step 460 loss: 0.0325
[Epoch 199] step 470 loss: 0.0569
[Epoch 199] step 480 loss: 0.0249
[Epoch 199] step 490 loss: 0.0188
[Epoch 199] step 500 loss: 0.0095
[Epoch 199] step 510 loss: 0.0323
[Epoch 199] step 520 loss: 0.0096
[Epoch 199] step 530 loss: 0.0162
[Epoch 199] step 540 loss: 0.0318
[Epoch 199] step 550 loss: 0.0140
[Epoch 199] step 560 loss: 0.0659
[Epoch 199] step 570 loss: 0.0118
[Epoch 199] step 580 loss: 0.0312
[Epoch 199] step 590 loss: 0.0261
[Epoch 199] step 600 loss: 0.0302
[Epoch 199] step 610 loss: 0.0064
[Epoch 199] step 620 loss: 0.0156
[Epoch 199] step 630 loss: 0.0321
[Epoch 199] step 640 loss: 0.0392
[Epoch 199] step 650 loss: 0.0197
[Epoch 199] step 660 loss: 0.0361
[Epoch 199] step 670 loss: 0.0164
[Epoch 199] step 680 loss: 0.0371
[Epoch 199] step 690 loss: 0.0172
[Epoch 199] step 700 loss: 0.0099
[Epoch 199] step 710 loss: 0.0213
[Epoch 199] step 720 loss: 0.0401
[Epoch 199] step 730 loss: 0.0127
[Epoch 199] step 740 loss: 0.0090
==== Epoch 199 avg loss: 0.0303 ====
[Epoch 200] step 0 loss: 0.0131
[Epoch 200] step 10 loss: 0.0269
[Epoch 200] step 20 loss: 0.0203
[Epoch 200] step 30 loss: 0.0569
[Epoch 200] step 40 loss: 0.0409
[Epoch 200] step 50 loss: 0.0133
[Epoch 200] step 60 loss: 0.0258
[Epoch 200] step 70 loss: 0.0125
[Epoch 200] step 80 loss: 0.0098
[Epoch 200] step 90 loss: 0.0093
[Epoch 200] step 100 loss: 0.0156
[Epoch 200] step 110 loss: 0.0408
[Epoch 200] step 120 loss: 0.0084
[Epoch 200] step 130 loss: 0.0690
[Epoch 200] step 140 loss: 0.0330
[Epoch 200] step 150 loss: 0.0129
[Epoch 200] step 160 loss: 0.0131
[Epoch 200] step 170 loss: 0.0071
[Epoch 200] step 180 loss: 0.0224
[Epoch 200] step 190 loss: 0.0145
[Epoch 200] step 200 loss: 0.0568
[Epoch 200] step 210 loss: 0.0420
[Epoch 200] step 220 loss: 0.0302
[Epoch 200] step 230 loss: 0.0653
[Epoch 200] step 240 loss: 0.0265
[Epoch 200] step 250 loss: 0.0376
[Epoch 200] step 260 loss: 0.0188
[Epoch 200] step 270 loss: 0.0434
[Epoch 200] step 280 loss: 0.1231
[Epoch 200] step 290 loss: 0.0301
[Epoch 200] step 300 loss: 0.0171
[Epoch 200] step 310 loss: 0.0230
[Epoch 200] step 320 loss: 0.0112
[Epoch 200] step 330 loss: 0.0087
[Epoch 200] step 340 loss: 0.0539
[Epoch 200] step 350 loss: 0.0420
[Epoch 200] step 360 loss: 0.0356
[Epoch 200] step 370 loss: 0.0856
[Epoch 200] step 380 loss: 0.0224
[Epoch 200] step 390 loss: 0.0589
[Epoch 200] step 400 loss: 0.0584
[Epoch 200] step 410 loss: 0.0110
[Epoch 200] step 420 loss: 0.0205
[Epoch 200] step 430 loss: 0.0303
[Epoch 200] step 440 loss: 0.0121
[Epoch 200] step 450 loss: 0.0246
[Epoch 200] step 460 loss: 0.0602
[Epoch 200] step 470 loss: 0.0206
[Epoch 200] step 480 loss: 0.0267
[Epoch 200] step 490 loss: 0.0426
[Epoch 200] step 500 loss: 0.0248
[Epoch 200] step 510 loss: 0.0209
[Epoch 200] step 520 loss: 0.0198
[Epoch 200] step 530 loss: 0.0170
[Epoch 200] step 540 loss: 0.0080
[Epoch 200] step 550 loss: 0.0612
[Epoch 200] step 560 loss: 0.0260
[Epoch 200] step 570 loss: 0.0269
[Epoch 200] step 580 loss: 0.0300
[Epoch 200] step 590 loss: 0.0175
[Epoch 200] step 600 loss: 0.0446
[Epoch 200] step 610 loss: 0.0405
[Epoch 200] step 620 loss: 0.0424
[Epoch 200] step 630 loss: 0.0204
[Epoch 200] step 640 loss: 0.0172
[Epoch 200] step 650 loss: 0.0396
[Epoch 200] step 660 loss: 0.0200
[Epoch 200] step 670 loss: 0.0284
[Epoch 200] step 680 loss: 0.0253
[Epoch 200] step 690 loss: 0.0352
[Epoch 200] step 700 loss: 0.0218
[Epoch 200] step 710 loss: 0.0693
[Epoch 200] step 720 loss: 0.0731
[Epoch 200] step 730 loss: 0.0341
[Epoch 200] step 740 loss: 0.0519
==== Epoch 200 avg loss: 0.0367 ====
[Epoch 201] step 0 loss: 0.0309
[Epoch 201] step 10 loss: 0.0189
[Epoch 201] step 20 loss: 0.0149
[Epoch 201] step 30 loss: 0.0096
[Epoch 201] step 40 loss: 0.0301
[Epoch 201] step 50 loss: 0.0274
[Epoch 201] step 60 loss: 0.0587
[Epoch 201] step 70 loss: 0.0111
[Epoch 201] step 80 loss: 0.0161
[Epoch 201] step 90 loss: 0.0483
[Epoch 201] step 100 loss: 0.0559
[Epoch 201] step 110 loss: 0.0115
[Epoch 201] step 120 loss: 0.0598
[Epoch 201] step 130 loss: 0.0400
[Epoch 201] step 140 loss: 0.0883
[Epoch 201] step 150 loss: 0.0328
[Epoch 201] step 160 loss: 0.0546
[Epoch 201] step 170 loss: 0.0170
[Epoch 201] step 180 loss: 0.0176
[Epoch 201] step 190 loss: 0.0469
[Epoch 201] step 200 loss: 0.0074
[Epoch 201] step 210 loss: 0.0200
[Epoch 201] step 220 loss: 0.0328
[Epoch 201] step 230 loss: 0.0122
[Epoch 201] step 240 loss: 0.0278
[Epoch 201] step 250 loss: 0.0043
[Epoch 201] step 260 loss: 0.0286
[Epoch 201] step 270 loss: 0.0336
[Epoch 201] step 280 loss: 0.0548
[Epoch 201] step 290 loss: 0.0122
[Epoch 201] step 300 loss: 0.0560
[Epoch 201] step 310 loss: 0.0231
[Epoch 201] step 320 loss: 0.0416
[Epoch 201] step 330 loss: 0.0104
[Epoch 201] step 340 loss: 0.0441
[Epoch 201] step 350 loss: 0.0377
[Epoch 201] step 360 loss: 0.0485
[Epoch 201] step 370 loss: 0.0089
[Epoch 201] step 380 loss: 0.0148
[Epoch 201] step 390 loss: 0.0179
[Epoch 201] step 400 loss: 0.0283
[Epoch 201] step 410 loss: 0.0532
[Epoch 201] step 420 loss: 0.0175
[Epoch 201] step 430 loss: 0.1006
[Epoch 201] step 440 loss: 0.0315
[Epoch 201] step 450 loss: 0.0164
[Epoch 201] step 460 loss: 0.1211
[Epoch 201] step 470 loss: 0.0522
[Epoch 201] step 480 loss: 0.0351
[Epoch 201] step 490 loss: 0.0123
[Epoch 201] step 500 loss: 0.0340
[Epoch 201] step 510 loss: 0.0217
[Epoch 201] step 520 loss: 0.0864
[Epoch 201] step 530 loss: 0.0162
[Epoch 201] step 540 loss: 0.0210
[Epoch 201] step 550 loss: 0.0206
[Epoch 201] step 560 loss: 0.0272
[Epoch 201] step 570 loss: 0.0512
[Epoch 201] step 580 loss: 0.0099
[Epoch 201] step 590 loss: 0.0123
[Epoch 201] step 600 loss: 0.0381
[Epoch 201] step 610 loss: 0.0209
[Epoch 201] step 620 loss: 0.0322
[Epoch 201] step 630 loss: 0.0119
[Epoch 201] step 640 loss: 0.0233
[Epoch 201] step 650 loss: 0.0876
[Epoch 201] step 660 loss: 0.0039
[Epoch 201] step 670 loss: 0.0376
[Epoch 201] step 680 loss: 0.0462
[Epoch 201] step 690 loss: 0.0179
[Epoch 201] step 700 loss: 0.0299
[Epoch 201] step 710 loss: 0.0297
[Epoch 201] step 720 loss: 0.0159
[Epoch 201] step 730 loss: 0.0286
[Epoch 201] step 740 loss: 0.0068
==== Epoch 201 avg loss: 0.0347 ====
[Epoch 202] step 0 loss: 0.0270
[Epoch 202] step 10 loss: 0.0150
[Epoch 202] step 20 loss: 0.0163
[Epoch 202] step 30 loss: 0.0095
[Epoch 202] step 40 loss: 0.0349
[Epoch 202] step 50 loss: 0.0163
[Epoch 202] step 60 loss: 0.0362
[Epoch 202] step 70 loss: 0.0231
[Epoch 202] step 80 loss: 0.0141
[Epoch 202] step 90 loss: 0.0382
[Epoch 202] step 100 loss: 0.0128
[Epoch 202] step 110 loss: 0.0169
[Epoch 202] step 120 loss: 0.2034
[Epoch 202] step 130 loss: 0.0067
[Epoch 202] step 140 loss: 0.0193
[Epoch 202] step 150 loss: 0.0373
[Epoch 202] step 160 loss: 0.0308
[Epoch 202] step 170 loss: 0.0218
[Epoch 202] step 180 loss: 0.0316
[Epoch 202] step 190 loss: 0.0263
[Epoch 202] step 200 loss: 0.0181
[Epoch 202] step 210 loss: 0.0058
[Epoch 202] step 220 loss: 0.0373
[Epoch 202] step 230 loss: 0.0102
[Epoch 202] step 240 loss: 0.0231
[Epoch 202] step 250 loss: 0.0277
[Epoch 202] step 260 loss: 0.0131
[Epoch 202] step 270 loss: 0.0162
[Epoch 202] step 280 loss: 0.0407
[Epoch 202] step 290 loss: 0.0158
[Epoch 202] step 300 loss: 0.1269
[Epoch 202] step 310 loss: 0.0243
[Epoch 202] step 320 loss: 0.0232
[Epoch 202] step 330 loss: 0.0913
[Epoch 202] step 340 loss: 0.0143
[Epoch 202] step 350 loss: 0.1075
[Epoch 202] step 360 loss: 0.0337
[Epoch 202] step 370 loss: 0.1047
[Epoch 202] step 380 loss: 0.0209
[Epoch 202] step 390 loss: 0.0194
[Epoch 202] step 400 loss: 0.0020
[Epoch 202] step 410 loss: 0.0226
[Epoch 202] step 420 loss: 0.0152
[Epoch 202] step 430 loss: 0.0175
[Epoch 202] step 440 loss: 0.0261
[Epoch 202] step 450 loss: 0.0085
[Epoch 202] step 460 loss: 0.0103
[Epoch 202] step 470 loss: 0.0178
[Epoch 202] step 480 loss: 0.0915
[Epoch 202] step 490 loss: 0.0098
[Epoch 202] step 500 loss: 0.0173
[Epoch 202] step 510 loss: 0.0492
[Epoch 202] step 520 loss: 0.0275
[Epoch 202] step 530 loss: 0.0201
[Epoch 202] step 540 loss: 0.0126
[Epoch 202] step 550 loss: 0.0138
[Epoch 202] step 560 loss: 0.0187
[Epoch 202] step 570 loss: 0.0128
[Epoch 202] step 580 loss: 0.0115
[Epoch 202] step 590 loss: 0.0260
[Epoch 202] step 600 loss: 0.0212
[Epoch 202] step 610 loss: 0.0243
[Epoch 202] step 620 loss: 0.0105
[Epoch 202] step 630 loss: 0.0085
[Epoch 202] step 640 loss: 0.0316
[Epoch 202] step 650 loss: 0.0423
[Epoch 202] step 660 loss: 0.0100
[Epoch 202] step 670 loss: 0.0286
[Epoch 202] step 680 loss: 0.0450
[Epoch 202] step 690 loss: 0.0357
[Epoch 202] step 700 loss: 0.0164
[Epoch 202] step 710 loss: 0.0178
[Epoch 202] step 720 loss: 0.0537
[Epoch 202] step 730 loss: 0.0052
[Epoch 202] step 740 loss: 0.0740
==== Epoch 202 avg loss: 0.0299 ====
[Epoch 203] step 0 loss: 0.0152
[Epoch 203] step 10 loss: 0.0156
[Epoch 203] step 20 loss: 0.0783
[Epoch 203] step 30 loss: 0.0074
[Epoch 203] step 40 loss: 0.0114
[Epoch 203] step 50 loss: 0.0033
[Epoch 203] step 60 loss: 0.0057
[Epoch 203] step 70 loss: 0.0238
[Epoch 203] step 80 loss: 0.0464
[Epoch 203] step 90 loss: 0.0067
[Epoch 203] step 100 loss: 0.0144
[Epoch 203] step 110 loss: 0.0025
[Epoch 203] step 120 loss: 0.0217
[Epoch 203] step 130 loss: 0.0251
[Epoch 203] step 140 loss: 0.0274
[Epoch 203] step 150 loss: 0.0096
[Epoch 203] step 160 loss: 0.0057
[Epoch 203] step 170 loss: 0.0204
[Epoch 203] step 180 loss: 0.0271
[Epoch 203] step 190 loss: 0.0082
[Epoch 203] step 200 loss: 0.0137
[Epoch 203] step 210 loss: 0.0207
[Epoch 203] step 220 loss: 0.0040
[Epoch 203] step 230 loss: 0.0824
[Epoch 203] step 240 loss: 0.0201
[Epoch 203] step 250 loss: 0.0180
[Epoch 203] step 260 loss: 0.0146
[Epoch 203] step 270 loss: 0.0118
[Epoch 203] step 280 loss: 0.0253
[Epoch 203] step 290 loss: 0.0317
[Epoch 203] step 300 loss: 0.0186
[Epoch 203] step 310 loss: 0.0105
[Epoch 203] step 320 loss: 0.0049
[Epoch 203] step 330 loss: 0.0151
[Epoch 203] step 340 loss: 0.0329
[Epoch 203] step 350 loss: 0.0127
[Epoch 203] step 360 loss: 0.0112
[Epoch 203] step 370 loss: 0.0075
[Epoch 203] step 380 loss: 0.0438
[Epoch 203] step 390 loss: 0.0295
[Epoch 203] step 400 loss: 0.0302
[Epoch 203] step 410 loss: 0.0056
[Epoch 203] step 420 loss: 0.0255
[Epoch 203] step 430 loss: 0.0414
[Epoch 203] step 440 loss: 0.1133
[Epoch 203] step 450 loss: 0.0092
[Epoch 203] step 460 loss: 0.0396
[Epoch 203] step 470 loss: 0.0110
[Epoch 203] step 480 loss: 0.0142
[Epoch 203] step 490 loss: 0.0083
[Epoch 203] step 500 loss: 0.0957
[Epoch 203] step 510 loss: 0.0185
[Epoch 203] step 520 loss: 0.0397
[Epoch 203] step 530 loss: 0.0231
[Epoch 203] step 540 loss: 0.0039
[Epoch 203] step 550 loss: 0.0341
[Epoch 203] step 560 loss: 0.0242
[Epoch 203] step 570 loss: 0.0259
[Epoch 203] step 580 loss: 0.0254
[Epoch 203] step 590 loss: 0.0210
[Epoch 203] step 600 loss: 0.0255
[Epoch 203] step 610 loss: 0.0275
[Epoch 203] step 620 loss: 0.0673
[Epoch 203] step 630 loss: 0.0572
[Epoch 203] step 640 loss: 0.0335
[Epoch 203] step 650 loss: 0.0102
[Epoch 203] step 660 loss: 0.0099
[Epoch 203] step 670 loss: 0.0482
[Epoch 203] step 680 loss: 0.0237
[Epoch 203] step 690 loss: 0.0564
[Epoch 203] step 700 loss: 0.0491
[Epoch 203] step 710 loss: 0.0468
[Epoch 203] step 720 loss: 0.0340
[Epoch 203] step 730 loss: 0.1039
[Epoch 203] step 740 loss: 0.0182
==== Epoch 203 avg loss: 0.0282 ====
[Epoch 204] step 0 loss: 0.0607
[Epoch 204] step 10 loss: 0.0059
[Epoch 204] step 20 loss: 0.0197
[Epoch 204] step 30 loss: 0.0454
[Epoch 204] step 40 loss: 0.0403
[Epoch 204] step 50 loss: 0.0190
[Epoch 204] step 60 loss: 0.0138
[Epoch 204] step 70 loss: 0.0418
[Epoch 204] step 80 loss: 0.0170
[Epoch 204] step 90 loss: 0.0323
[Epoch 204] step 100 loss: 0.0410
[Epoch 204] step 110 loss: 0.0672
[Epoch 204] step 120 loss: 0.0661
[Epoch 204] step 130 loss: 0.0326
[Epoch 204] step 140 loss: 0.0528
[Epoch 204] step 150 loss: 0.0155
[Epoch 204] step 160 loss: 0.0524
[Epoch 204] step 170 loss: 0.0184
[Epoch 204] step 180 loss: 0.0143
[Epoch 204] step 190 loss: 0.0193
[Epoch 204] step 200 loss: 0.1083
[Epoch 204] step 210 loss: 0.0273
[Epoch 204] step 220 loss: 0.0404
[Epoch 204] step 230 loss: 0.0440
[Epoch 204] step 240 loss: 0.0538
[Epoch 204] step 250 loss: 0.0607
[Epoch 204] step 260 loss: 0.1482
[Epoch 204] step 270 loss: 0.0237
[Epoch 204] step 280 loss: 0.0221
[Epoch 204] step 290 loss: 0.0392
[Epoch 204] step 300 loss: 0.0165
[Epoch 204] step 310 loss: 0.0067
[Epoch 204] step 320 loss: 0.0278
[Epoch 204] step 330 loss: 0.0262
[Epoch 204] step 340 loss: 0.0079
[Epoch 204] step 350 loss: 0.0455
[Epoch 204] step 360 loss: 0.0930
[Epoch 204] step 370 loss: 0.0326
[Epoch 204] step 380 loss: 0.0282
[Epoch 204] step 390 loss: 0.0840
[Epoch 204] step 400 loss: 0.0207
[Epoch 204] step 410 loss: 0.0442
[Epoch 204] step 420 loss: 0.0150
[Epoch 204] step 430 loss: 0.0397
[Epoch 204] step 440 loss: 0.0059
[Epoch 204] step 450 loss: 0.0254
[Epoch 204] step 460 loss: 0.0521
[Epoch 204] step 470 loss: 0.1793
[Epoch 204] step 480 loss: 0.0281
[Epoch 204] step 490 loss: 0.0386
[Epoch 204] step 500 loss: 0.0157
[Epoch 204] step 510 loss: 0.0384
[Epoch 204] step 520 loss: 0.0620
[Epoch 204] step 530 loss: 0.0459
[Epoch 204] step 540 loss: 0.0542
[Epoch 204] step 550 loss: 0.0505
[Epoch 204] step 560 loss: 0.0466
[Epoch 204] step 570 loss: 0.0427
[Epoch 204] step 580 loss: 0.0412
[Epoch 204] step 590 loss: 0.0312
[Epoch 204] step 600 loss: 0.0130
[Epoch 204] step 610 loss: 0.0418
[Epoch 204] step 620 loss: 0.0664
[Epoch 204] step 630 loss: 0.0852
[Epoch 204] step 640 loss: 0.0420
[Epoch 204] step 650 loss: 0.0539
[Epoch 204] step 660 loss: 0.2117
[Epoch 204] step 670 loss: 0.0412
[Epoch 204] step 680 loss: 0.0308
[Epoch 204] step 690 loss: 0.0744
[Epoch 204] step 700 loss: 0.0118
[Epoch 204] step 710 loss: 0.0177
[Epoch 204] step 720 loss: 0.0988
[Epoch 204] step 730 loss: 0.0230
[Epoch 204] step 740 loss: 0.0122
==== Epoch 204 avg loss: 0.0392 ====
[Epoch 205] step 0 loss: 0.0291
[Epoch 205] step 10 loss: 0.0516
[Epoch 205] step 20 loss: 0.0293
[Epoch 205] step 30 loss: 0.0252
[Epoch 205] step 40 loss: 0.0360
[Epoch 205] step 50 loss: 0.0248
[Epoch 205] step 60 loss: 0.0323
[Epoch 205] step 70 loss: 0.0480
[Epoch 205] step 80 loss: 0.0211
[Epoch 205] step 90 loss: 0.0747
[Epoch 205] step 100 loss: 0.0150
[Epoch 205] step 110 loss: 0.0237
[Epoch 205] step 120 loss: 0.0155
[Epoch 205] step 130 loss: 0.0358
[Epoch 205] step 140 loss: 0.0224
[Epoch 205] step 150 loss: 0.0204
[Epoch 205] step 160 loss: 0.0345
[Epoch 205] step 170 loss: 0.0529
[Epoch 205] step 180 loss: 0.0284
[Epoch 205] step 190 loss: 0.0651
[Epoch 205] step 200 loss: 0.0622
[Epoch 205] step 210 loss: 0.0277
[Epoch 205] step 220 loss: 0.0325
[Epoch 205] step 230 loss: 0.0069
[Epoch 205] step 240 loss: 0.0273
[Epoch 205] step 250 loss: 0.0158
[Epoch 205] step 260 loss: 0.0127
[Epoch 205] step 270 loss: 0.0524
[Epoch 205] step 280 loss: 0.0134
[Epoch 205] step 290 loss: 0.0095
[Epoch 205] step 300 loss: 0.0170
[Epoch 205] step 310 loss: 0.0339
[Epoch 205] step 320 loss: 0.0195
[Epoch 205] step 330 loss: 0.0202
[Epoch 205] step 340 loss: 0.0566
[Epoch 205] step 350 loss: 0.0399
[Epoch 205] step 360 loss: 0.0114
[Epoch 205] step 370 loss: 0.0268
[Epoch 205] step 380 loss: 0.0344
[Epoch 205] step 390 loss: 0.0152
[Epoch 205] step 400 loss: 0.0333
[Epoch 205] step 410 loss: 0.0159
[Epoch 205] step 420 loss: 0.0213
[Epoch 205] step 430 loss: 0.0188
[Epoch 205] step 440 loss: 0.0493
[Epoch 205] step 450 loss: 0.0340
[Epoch 205] step 460 loss: 0.0578
[Epoch 205] step 470 loss: 0.0335
[Epoch 205] step 480 loss: 0.0038
[Epoch 205] step 490 loss: 0.0361
[Epoch 205] step 500 loss: 0.0201
[Epoch 205] step 510 loss: 0.0479
[Epoch 205] step 520 loss: 0.0860
[Epoch 205] step 530 loss: 0.0513
[Epoch 205] step 540 loss: 0.0198
[Epoch 205] step 550 loss: 0.0248
[Epoch 205] step 560 loss: 0.0375
[Epoch 205] step 570 loss: 0.0389
[Epoch 205] step 580 loss: 0.0396
[Epoch 205] step 590 loss: 0.0726
[Epoch 205] step 600 loss: 0.0083
[Epoch 205] step 610 loss: 0.0444
[Epoch 205] step 620 loss: 0.0203
[Epoch 205] step 630 loss: 0.0420
[Epoch 205] step 640 loss: 0.0154
[Epoch 205] step 650 loss: 0.0270
[Epoch 205] step 660 loss: 0.0035
[Epoch 205] step 670 loss: 0.0291
[Epoch 205] step 680 loss: 0.0348
[Epoch 205] step 690 loss: 0.0451
[Epoch 205] step 700 loss: 0.0356
[Epoch 205] step 710 loss: 0.0855
[Epoch 205] step 720 loss: 0.0593
[Epoch 205] step 730 loss: 0.0673
[Epoch 205] step 740 loss: 0.0842
==== Epoch 205 avg loss: 0.0353 ====
[Epoch 206] step 0 loss: 0.0261
[Epoch 206] step 10 loss: 0.0231
[Epoch 206] step 20 loss: 0.0290
[Epoch 206] step 30 loss: 0.0072
[Epoch 206] step 40 loss: 0.0174
[Epoch 206] step 50 loss: 0.0272
[Epoch 206] step 60 loss: 0.0163
[Epoch 206] step 70 loss: 0.0898
[Epoch 206] step 80 loss: 0.0655
[Epoch 206] step 90 loss: 0.0273
[Epoch 206] step 100 loss: 0.0201
[Epoch 206] step 110 loss: 0.0383
[Epoch 206] step 120 loss: 0.0043
[Epoch 206] step 130 loss: 0.0819
[Epoch 206] step 140 loss: 0.0086
[Epoch 206] step 150 loss: 0.0922
[Epoch 206] step 160 loss: 0.0313
[Epoch 206] step 170 loss: 0.0208
[Epoch 206] step 180 loss: 0.0307
[Epoch 206] step 190 loss: 0.0123
[Epoch 206] step 200 loss: 0.0156
[Epoch 206] step 210 loss: 0.0417
[Epoch 206] step 220 loss: 0.0376
[Epoch 206] step 230 loss: 0.0058
[Epoch 206] step 240 loss: 0.0175
[Epoch 206] step 250 loss: 0.0449
[Epoch 206] step 260 loss: 0.0175
[Epoch 206] step 270 loss: 0.0580
Traceback (most recent call last):
  File "/home/vipuser/wby/proj_params/music-detr/train6_stage1_onset.py", line 132, in <module>
    scaler.scale(loss).backward()
  File "/home/vipuser/miniconda3/envs/py39/lib/python3.9/site-packages/torch/_tensor.py", line 647, in backward
    torch.autograd.backward(
  File "/home/vipuser/miniconda3/envs/py39/lib/python3.9/site-packages/torch/autograd/__init__.py", line 354, in backward
    _engine_run_backward(
  File "/home/vipuser/miniconda3/envs/py39/lib/python3.9/site-packages/torch/autograd/graph.py", line 829, in _engine_run_backward
    return Variable._execution_engine.run_backward(  # Calls into the C++ engine to run the backward pass
  File "/home/vipuser/miniconda3/envs/py39/lib/python3.9/site-packages/torch/utils/data/_utils/signal_handling.py", line 73, in handler
    _error_if_any_worker_fails()
RuntimeError: DataLoader worker (pid 89567) is killed by signal: Terminated. 
